stateCode,stateNameEnglish,localBodyCode,localBodyNameEnglish,localBodyTypeName,pincode
29,Karnataka,276470,Hagaribommanahalli,Municipality,583212
5,Uttarakhand,299526,Imlikheda,"Town Panchayat",247667
8,Rajasthan,300345,Rishabhdeo,"Town Panchayat",313802
8,Rajasthan,301416,Raipur,Municipality,313203
8,Rajasthan,293844,"Greater Jaipur","Municipal Corporations",302013
8,Rajasthan,293844,"Greater Jaipur","Municipal Corporations",302016
8,Rajasthan,293844,"Greater Jaipur","Municipal Corporations",302017
8,Rajasthan,293844,"Greater Jaipur","Municipal Corporations",302022
8,Rajasthan,293844,"Greater Jaipur","Municipal Corporations",302027
8,Rajasthan,248736,"Jaipur Heritage","Municipal Corporations",302005
8,Rajasthan,248736,"Jaipur Heritage","Municipal Corporations",302003
8,Rajasthan,248736,"Jaipur Heritage","Municipal Corporations",302033
8,Rajasthan,293843,Jodhpur-North,"Municipal Corporations",342026
8,Rajasthan,293843,Jodhpur-North,"Municipal Corporations",342304
8,Rajasthan,248760,Jodhpur-South,"Municipal Corporations",342015
29,Karnataka,276539,Attibele,"Town Municipal Council",562107
29,Karnataka,299169,Bashettihalli,"Town Panchayat",562163
8,Rajasthan,301462,Ponkh,"Town Panchayat",313325
8,Rajasthan,299940,Raniwada,"Town Panchayat",328024
8,Rajasthan,300050,Semari,"Town Panchayat",313325
8,Rajasthan,299939,Gudhagorji,"Town Panchayat",328024
8,Rajasthan,248847,Kaithoon,"Town Panchayat",328027
8,Rajasthan,301449,"Maharana Pratap Nagar Palika Sarada-Chawand","Town Panchayat",313325
8,Rajasthan,301458,Mubarikpur,"Town Panchayat",328027
8,Rajasthan,301458,Mubarikpur,"Town Panchayat",301025
8,Rajasthan,302223,Sayla,Municipality,313203
36,Telangana,276412,Boduppal,"Municipal Corporations",500092
36,Telangana,276411,Perrzadiguda,"Municipal Corporations",500098
3,Punjab,277198,"Arniwala Shekh Suban","Town Panchayat",152124
3,Punjab,248378,Barnala,Municipality,148101
3,Punjab,248377,Bhadaur,Municipality,148102
3,Punjab,248298,Bhogpur,Municipality,144201
3,Punjab,248388,Cheema,"Town Panchayat",148029
3,Punjab,248300,Dasua,Municipality,248303
3,Punjab,248384,Dhuri,Municipality,148024
3,Punjab,248337,Doraha,Municipality,141421
3,Punjab,248364,Goniana,Municipality,151201
3,Punjab,248260,Gurdaspur,Municipality,143521
3,Punjab,248306,Hariana,Municipality,248303
3,Punjab,248296,Jalandhar,"Municipal Corporations",144001
3,Punjab,248334,Khanna,Municipality,141401
3,Punjab,248361,"Kot Kapura",Municipality,151204
3,Punjab,248385,Longowal,Municipality,148106
3,Punjab,274218,Nadala,"Town Panchayat",144624
3,Punjab,277196,Nangal,Municipality,140124
3,Punjab,262988,"Nihal Singh Wala","Town Panchayat",142055
3,Punjab,277202,"Norat Jamal Singh","Town Panchayat",145026
3,Punjab,248370,Raman,Municipality,151301
3,Punjab,248332,Samrala,Municipality,141114
3,Punjab,248372,Sardulgarh,"Town Panchayat",151507
3,Punjab,248325,"S.A.S.Nagar - Mohali","Municipal Corporations",160062
3,Punjab,248325,"S.A.S.Nagar - Mohali","Municipal Corporations",140603
3,Punjab,248309,"Sham Chaurasi",Municipality,248303
3,Punjab,248285,"Sultanpur Lodhi",Municipality,144626
3,Punjab,248302,"Urmar Tanda",Municipality,248303
4,Chandigarh,276386,Chandigarh,"Municipal Corporations",160003
4,Chandigarh,276386,Chandigarh,"Municipal Corporations",160018
4,Chandigarh,276386,Chandigarh,"Municipal Corporations",160020
4,Chandigarh,276386,Chandigarh,"Municipal Corporations",160023
4,Chandigarh,276386,Chandigarh,"Municipal Corporations",160030
4,Chandigarh,276386,Chandigarh,"Municipal Corporations",160101
4,Chandigarh,276386,Chandigarh,"Municipal Corporations",160102
5,Uttarakhand,262902,Augustmuni,"Town Panchayat",246421
5,Uttarakhand,259826,Berinag,Municipality,262531
5,Uttarakhand,248414,"Chamoli Gopeshwar",Municipality,246401
5,Uttarakhand,248430,Dehradun,"Municipal Corporations",248001
5,Uttarakhand,248448,Dwarahat,"Town Panchayat",263653
5,Uttarakhand,248411,Gangotri,"Town Panchayat",249136
5,Uttarakhand,301881,Guptkashi,"Town Panchayat",246439
5,Uttarakhand,248459,Haldwani-Cumkathgodam,"Municipal Corporations",263139
5,Uttarakhand,248459,Haldwani-Cumkathgodam,"Municipal Corporations",263126
5,Uttarakhand,248428,Herbertpur,Municipality,248142
5,Uttarakhand,248450,Lohaghat,Municipality,262524
5,Uttarakhand,301879,Munsyari,"Town Panchayat",262554
5,Uttarakhand,248429,Mussoorie,Municipality,248001
5,Uttarakhand,299528,Nagla,Municipality,263145
5,Uttarakhand,248454,Nainital,Municipality,263001
5,Uttarakhand,259820,Pokhari,"Town Panchayat",246473
5,Uttarakhand,275633,"Selaqui(Central Hope Town)","Town Panchayat",248011
5,Uttarakhand,262858,"Shivalik Nagar",Municipality,249403
5,Uttarakhand,248466,Sultanpur,"Town Panchayat",244720
5,Uttarakhand,248452,Tanakpur,Municipality,262309
5,Uttarakhand,248422,Tehri,Municipality,249001
5,Uttarakhand,299532,Thalisain,"Town Panchayat",246285
5,Uttarakhand,275665,Tharali,"Town Panchayat",246481
5,Uttarakhand,262901,Ukhimath,"Town Panchayat",246469
5,Uttarakhand,248427,Vikasnagar,Municipality,248198
6,Haryana,272866,Barara,Municipality,133201
6,Haryana,248558,Beri,Municipality,124201
6,Haryana,248550,Bhiwani,"Notified Area Council",127021
6,Haryana,248574,Farrukhnagar,Municipality,122505
6,Haryana,289251,Kundli,Municipality,131028
6,Haryana,248553,Loharu,Municipality,127201
6,Haryana,248564,Mahendragarh,Municipality,123029
6,Haryana,248490,Naraingarh,Municipality,134203
6,Haryana,253296,Nissing,Municipality,132024
6,Haryana,248513,Pundri,Municipality,136026
6,Haryana,248569,Rewari,"Notified Area Council",123401
6,Haryana,248580,Taoru,Municipality,122105
7,Delhi,276400,"East Delhi Municipal Corporation","Municipal Corporations",110031
7,Delhi,276400,"East Delhi Municipal Corporation","Municipal Corporations",110053
7,Delhi,276400,"East Delhi Municipal Corporation","Municipal Corporations",110095
7,Delhi,276447,"New Delhi Municipal Council","NCT Municipal Council",110008
7,Delhi,276447,"New Delhi Municipal Council","NCT Municipal Council",110012
7,Delhi,276402,"South Delhi Municipal Corporation","Municipal Corporations",110043
7,Delhi,276402,"South Delhi Municipal Corporation","Municipal Corporations",110044
7,Delhi,276402,"South Delhi Municipal Corporation","Municipal Corporations",110048
7,Delhi,276402,"South Delhi Municipal Corporation","Municipal Corporations",110049
7,Delhi,276402,"South Delhi Municipal Corporation","Municipal Corporations",110058
7,Delhi,276402,"South Delhi Municipal Corporation","Municipal Corporations",110059
7,Delhi,276402,"South Delhi Municipal Corporation","Municipal Corporations",110065
7,Delhi,276402,"South Delhi Municipal Corporation","Municipal Corporations",110014
7,Delhi,276402,"South Delhi Municipal Corporation","Municipal Corporations",110018
1,"Jammu And Kashmir",248194,"Jammu Municipal Corporation","Municipal Corporations",180005
1,"Jammu And Kashmir",248194,"Jammu Municipal Corporation","Municipal Corporations",181121
1,"Jammu And Kashmir",248192,"Municipal Committee Akhnoor",Municipality,181201
1,"Jammu And Kashmir",248165,"Municipal Committee Awantipora",Municipality,192122
1,"Jammu And Kashmir",248036,"Municipal Committee Banihal",Municipality,182146
1,"Jammu And Kashmir",248158,"Municipal Committee Beerwah",Municipality,193411
1,"Jammu And Kashmir",248040,"Municipal Committee Bhaderwah",Municipality,182222
1,"Jammu And Kashmir",276588,"Municipal Committee Chenani",Municipality,182141
1,"Jammu And Kashmir",248153,"Municipal Committee Kunzer",Municipality,193404
1,"Jammu And Kashmir",276584,"Municipal Committee Lakhanpur",Municipality,184152
1,"Jammu And Kashmir",276593,"Municipal Committee Nowshera",Municipality,185151
1,"Jammu And Kashmir",248175,"Municipal Committee Qazigund",Municipality,192221
1,"Jammu And Kashmir",276589,"Municipal Committee Ramnagar",Municipality,182122
1,"Jammu And Kashmir",248152,"Municipal Committee Uri",Municipality,193123
1,"Jammu And Kashmir",248146,"Municipal Council Bandipora","Notified Area Council",193502
1,"Jammu And Kashmir",276581,"Municipal Council Kathua","Notified Area Council",184101
1,"Jammu And Kashmir",248037,"Municipal Council Ramban","Notified Area Council",182144
1,"Jammu And Kashmir",276590,"Municipal Council Reasi","Notified Area Council",182311
1,"Jammu And Kashmir",276587,"Municipal Council Udhampur","Notified Area Council",182101
1,"Jammu And Kashmir",248156,"Srinagar Municipal Corporation","Municipal Corporations",190001
1,"Jammu And Kashmir",248156,"Srinagar Municipal Corporation","Municipal Corporations",190020
2,"Himachal Pradesh",248044,Dalhousie,Municipality,176304
2,"Himachal Pradesh",275535,Jawali,"Town Panchayat",176023
2,"Himachal Pradesh",248213,Kangra,Municipality,176001
2,"Himachal Pradesh",248252,Kotkhai,"Town Panchayat",171202
2,"Himachal Pradesh",248214,"Nagrota Bagwan",Municipality,176047
2,"Himachal Pradesh",248253,Rohru,Municipality,171207
2,"Himachal Pradesh",248223,Sarkaghat,Municipality,175024
2,"Himachal Pradesh",248244,Solan,"Municipal Corporations",173212
2,"Himachal Pradesh",276639,Tahliwal,"Town Panchayat",174507
32,Kerala,252211,Aluva,Municipality,683104
32,Kerala,252211,Aluva,Municipality,682301
32,Kerala,252208,Angamaly,Municipality,683572
32,Kerala,252258,Attingal,Municipality,682301
32,Kerala,252205,Chalakudy,Municipality,682304
32,Kerala,252205,Chalakudy,Municipality,680307
32,Kerala,252239,Changanassery,Municipality,683104
32,Kerala,252242,Cherthala,Municipality,682304
32,Kerala,252218,Eloor,Municipality,682304
32,Kerala,252218,Eloor,Municipality,683104
32,Kerala,252218,Eloor,Municipality,682301
32,Kerala,272892,Erattupetta,Municipality,682301
32,Kerala,272892,Erattupetta,Municipality,683104
32,Kerala,272900,Feroke,Municipality,682301
32,Kerala,272890,Iritty,Municipality,683104
32,Kerala,252125,Kannur,"Municipal Corporations",670001
32,Kerala,252125,Kannur,"Municipal Corporations",670012
32,Kerala,259707,Karunagappally,Municipality,682304
32,Kerala,252108,Kasaragod,Municipality,683104
32,Kerala,272883,Kattappana,Municipality,685508
32,Kerala,272897,Koduvally,Municipality,683104
32,Kerala,252255,Kollam,"Municipal Corporations",691010
32,Kerala,252255,Kollam,"Municipal Corporations",691015
32,Kerala,252144,Koothuparamba,Municipality,670643
32,Kerala,272889,Kottarakkara,Municipality,682301
32,Kerala,252180,Kunnamkulam,Municipality,683104
32,Kerala,252139,Mattannur,Municipality,683104
32,Kerala,252250,Mavelikkara,Municipality,682301
32,Kerala,252250,Mavelikkara,Municipality,690101
32,Kerala,259710,Nilambur,Municipality,679329
32,Kerala,259710,Nilambur,Municipality,682301
32,Kerala,252175,Ottappalam,Municipality,682304
32,Kerala,252234,Palai,Municipality,682304
32,Kerala,252234,Palai,Municipality,686575
32,Kerala,252176,Palakkad,Municipality,678001
32,Kerala,272908,Pandalam,Municipality,683104
32,Kerala,272885,Panoor,Municipality,682301
32,Kerala,272885,Panoor,Municipality,683104
32,Kerala,272912,Parappanangadi,Municipality,682301
32,Kerala,252215,Paravur,Municipality,682304
32,Kerala,252252,Pathanamthitta,Municipality,682304
32,Kerala,252207,Perumbavoor,Municipality,683104
32,Kerala,252207,Perumbavoor,Municipality,682304
32,Kerala,272882,Piravom,Municipality,683104
32,Kerala,252254,Punalur,Municipality,682304
32,Kerala,272899,Ramanattukara,Municipality,682301
32,Kerala,272884,Sreekandapuram,Municipality,682301
32,Kerala,272911,Sulthanbathery,Municipality,682304
32,Kerala,252112,Taliparamba,Municipality,670141
32,Kerala,252112,Taliparamba,Municipality,682304
32,Kerala,272904,Tanur,Municipality,683104
32,Kerala,252149,Thalassery,Municipality,683104
32,Kerala,252149,Thalassery,Municipality,682304
32,Kerala,252251,Thiruvalla,Municipality,689101
32,Kerala,252260,Thiruvananthapuram,"Municipal Corporations",695036
32,Kerala,252260,Thiruvananthapuram,"Municipal Corporations",695025
32,Kerala,252260,Thiruvananthapuram,"Municipal Corporations",695022
32,Kerala,252260,Thiruvananthapuram,"Municipal Corporations",695020
32,Kerala,252260,Thiruvananthapuram,"Municipal Corporations",695017
32,Kerala,252260,Thiruvananthapuram,"Municipal Corporations",695011
32,Kerala,252260,Thiruvananthapuram,"Municipal Corporations",695007
32,Kerala,252260,Thiruvananthapuram,"Municipal Corporations",695006
32,Kerala,252260,Thiruvananthapuram,"Municipal Corporations",695004
32,Kerala,252260,Thiruvananthapuram,"Municipal Corporations",695001
32,Kerala,259708,Thrikkakara,Municipality,682301
32,Kerala,252227,Thrippunithura,Municipality,682304
32,Kerala,272903,Tirurangadi,Municipality,682301
32,Kerala,252257,Varkala,Municipality,682301
33,"Tamil Nadu",252505,Alampalayam,"Town Panchayat",638661
33,"Tamil Nadu",252883,Alanganallur,"Town Panchayat",625501
33,"Tamil Nadu",252658,Alanthurai,"Town Panchayat",641101
33,"Tamil Nadu",252829,Ammapettai,"Town Panchayat",614401
33,"Tamil Nadu",252678,Anaimalai,"Town Panchayat",642104
33,"Tamil Nadu",252782,"Annamalai Nagar","Town Panchayat",608002
33,"Tamil Nadu",252535,Anthiyur,"Town Panchayat",638501
33,"Tamil Nadu",252367,Arakkonam,Municipality,632531
33,"Tamil Nadu",252367,Arakkonam,Municipality,631002
33,"Tamil Nadu",252509,Athanur,"Town Panchayat",636301
33,"Tamil Nadu",253055,Athur,"Town Panchayat",628151
33,"Tamil Nadu",252922,Aundipatti,"Town Panchayat",625512
33,"Tamil Nadu",252572,Avalpoondurai,"Town Panchayat",638115
33,"Tamil Nadu",252615,Avinashi,Municipality,641654
33,"Tamil Nadu",252711,Ayyampalayam,"Town Panchayat",624204
33,"Tamil Nadu",252340,Ayyampettai,"Town Panchayat",614201
33,"Tamil Nadu",252913,Chinnamanur,Municipality,625515
33,"Tamil Nadu",252605,Coonoor,Municipality,643218
33,"Tamil Nadu",253001,Courtalam,"Town Panchayat",627802
33,"Tamil Nadu",252918,Cumbum,Municipality,625515
33,"Tamil Nadu",252918,Cumbum,Municipality,625516
33,"Tamil Nadu",252592,Dharapuram,Municipality,638656
33,"Tamil Nadu",252468,Edappadi,Municipality,637101
33,"Tamil Nadu",252548,Elathur,"Town Panchayat",627803
33,"Tamil Nadu",252568,Erode,"Municipal Corporations",638003
33,"Tamil Nadu",252520,Erumaipatti,"Town Panchayat",637102
33,"Tamil Nadu",253081,Ganapathipuram,"Town Panchayat",629502
33,"Tamil Nadu",252294,"Greater Chennai Corporation","Municipal Corporations",600025
33,"Tamil Nadu",252294,"Greater Chennai Corporation","Municipal Corporations",600019
33,"Tamil Nadu",252294,"Greater Chennai Corporation","Municipal Corporations",600005
33,"Tamil Nadu",252294,"Greater Chennai Corporation","Municipal Corporations",600096
33,"Tamil Nadu",252294,"Greater Chennai Corporation","Municipal Corporations",600095
33,"Tamil Nadu",252294,"Greater Chennai Corporation","Municipal Corporations",600094
33,"Tamil Nadu",252294,"Greater Chennai Corporation","Municipal Corporations",600006
33,"Tamil Nadu",252639,Gudalur,Municipality,625518
33,"Tamil Nadu",252596,Gudalur,Municipality,643205
33,"Tamil Nadu",252413,Harur,Municipality,636903
33,"Tamil Nadu",252608,Huligal,"Town Panchayat",643003
33,"Tamil Nadu",252765,Jayankondam,Municipality,621802
33,"Tamil Nadu",252376,Kalavai,"Town Panchayat",632506
33,"Tamil Nadu",253091,Kanniyakumari,Municipality,629702
33,"Tamil Nadu",252863,Karaikudi,Municipality,630001
33,"Tamil Nadu",252851,Karambakkudi,"Town Panchayat",622302
33,"Tamil Nadu",252628,Karumathampatti,Municipality,641659
33,"Tamil Nadu",252546,"Kasipalayam (G)","Town Panchayat",638454
33,"Tamil Nadu",252735,Kattuputhur,"Town Panchayat",621207
33,"Tamil Nadu",252493,Keeripatti,"Town Panchayat",636107
33,"Tamil Nadu",252603,Kethi,"Town Panchayat",643003
33,"Tamil Nadu",252610,Kilkunda,"Town Panchayat",643003
33,"Tamil Nadu",252580,Kollankoil,"Town Panchayat",638109
33,"Tamil Nadu",252601,Kotagiri,Municipality,643003
33,"Tamil Nadu",252440,Kottakuppam,Municipality,605104
33,"Tamil Nadu",252962,Kovilpatti,Municipality,621305
33,"Tamil Nadu",252729,Krishnarayapuram,"Town Panchayat",639102
33,"Tamil Nadu",252909,Kuchanur,"Town Panchayat",625552
33,"Tamil Nadu",252544,Kugalur,"Town Panchayat",638476
33,"Tamil Nadu",252298,Kundrathur,Municipality,600069
33,"Tamil Nadu",252556,Kunnathur,"Town Panchayat",600069
33,"Tamil Nadu",252775,Kurinjipadi,"Town Panchayat",607302
33,"Tamil Nadu",252838,Madukkur,"Town Panchayat",614903
33,"Tamil Nadu",252485,Mallur,"Town Panchayat",636203
33,"Tamil Nadu",252295,Mangadu,Municipality,600122
33,"Tamil Nadu",252439,Marakkanam,"Town Panchayat",604303
33,"Tamil Nadu",252910,Markayankottai,"Town Panchayat",625552
33,"Tamil Nadu",252828,Melattur,"Town Panchayat",614301
33,"Tamil Nadu",252265,Minjur,"Town Panchayat",601203
33,"Tamil Nadu",252550,Nambiyur,"Town Panchayat",638458
33,"Tamil Nadu",252459,Nangavalli,"Town Panchayat",636454
33,"Tamil Nadu",253026,Nanguneri,"Town Panchayat",627108
33,"Tamil Nadu",252983,Nazerath,"Town Panchayat",628617
33,"Tamil Nadu",252693,Neikkarapatti,"Town Panchayat",624615
33,"Tamil Nadu",252532,Nerinjipettai,"Town Panchayat",638311
33,"Tamil Nadu",252914,Odaipatti,"Town Panchayat",625540
33,"Tamil Nadu",252679,Odaiyakulam,"Town Panchayat",642133
33,"Tamil Nadu",252389,Odugathur,"Town Panchayat",632103
33,"Tamil Nadu",252837,Orathanadu,"Town Panchayat",614625
33,"Tamil Nadu",253031,Panagudi,"Town Panchayat",627109
33,"Tamil Nadu",252372,Panapakkam,"Town Panchayat",631152
33,"Tamil Nadu",252712,Pannaikadu,"Town Panchayat",624210
33,"Tamil Nadu",252770,Panruti,Municipality,607106
33,"Tamil Nadu",252952,Paramakudi,Municipality,623707
33,"Tamil Nadu",252522,Paramathi,"Town Panchayat",637207
33,"Tamil Nadu",252872,Paravai,"Town Panchayat",625402
33,"Tamil Nadu",252511,Pattanam,"Town Panchayat",637408
33,"Tamil Nadu",252839,Pattukkottai,Municipality,614601
33,"Tamil Nadu",252661,Perur,"Town Panchayat",641010
33,"Tamil Nadu",253051,Ponmanai,"Town Panchayat",629161
33,"Tamil Nadu",252849,Ponnamaravathi,"Town Panchayat",622407
33,"Tamil Nadu",260293,Poovalur,"Town Panchayat",621712
33,"Tamil Nadu",252431,Pudupalayam,"Town Panchayat",606705
33,"Tamil Nadu",253085,Puthalam,"Town Panchayat",629602
33,"Tamil Nadu",252512,Rasipuram,Municipality,637408
33,"Tamil Nadu",252992,Sankarankovil,Municipality,627756
33,"Tamil Nadu",252924,Seithur,"Town Panchayat",626121
33,"Tamil Nadu",253006,Sengottai,Municipality,627809
33,"Tamil Nadu",252360,Sholingur,Municipality,631102
33,"Tamil Nadu",252791,Sirkali,Municipality,609110
33,"Tamil Nadu",252748,Sirugamani,"Town Panchayat",639115
33,"Tamil Nadu",252987,Sivagiri,"Town Panchayat",638109
33,"Tamil Nadu",252932,Srivilliputhur,Municipality,626125
33,"Tamil Nadu",252998,Sundarapandiapuram,"Town Panchayat",627858
33,"Tamil Nadu",252833,Thanjavur,"Municipal Corporations",613001
33,"Tamil Nadu",252903,Thenkarai,"Town Panchayat",625601
33,"Tamil Nadu",253027,Thirukarungudi,"Town Panchayat",627115
33,"Tamil Nadu",253030,Thisayanvilai,"Town Panchayat",627657
33,"Tamil Nadu",252657,Thondamuthur,"Town Panchayat",641109
33,"Tamil Nadu",252749,Tiruchirappalli,"Municipal Corporations",620005
33,"Tamil Nadu",252749,Tiruchirappalli,"Municipal Corporations",620023
33,"Tamil Nadu",252749,Tiruchirappalli,"Municipal Corporations",620026
33,"Tamil Nadu",252446,Tirukkoyilur,Municipality,605757
33,"Tamil Nadu",252269,Tiruttani,Municipality,631209
33,"Tamil Nadu",252887,T.Kallupatti,"Town Panchayat",625605
33,"Tamil Nadu",252766,Udayarpalayam,"Town Panchayat",621804
33,"Tamil Nadu",252453,Ulundurpettai,Municipality,606107
33,"Tamil Nadu",252449,Vadakkanandal,"Town Panchayat",606207
33,"Tamil Nadu",253029,Vadakkuvalliyur,"Town Panchayat",627117
33,"Tamil Nadu",252576,Vadugapatti,"Town Panchayat",625603
33,"Tamil Nadu",253056,Valvaithankoshtam,"Town Panchayat",629158
33,"Tamil Nadu",252460,Vanavasi,"Town Panchayat",636457
33,"Tamil Nadu",252394,Vaniyambadi,Municipality,635751
33,"Tamil Nadu",252989,Vasudevanallur,"Town Panchayat",627758
33,"Tamil Nadu",252802,Vedaranyam,Municipality,614810
33,"Tamil Nadu",252697,Vedasandur,"Town Panchayat",624710
33,"Tamil Nadu",252626,Veerapandi,"Town Panchayat",625534
33,"Tamil Nadu",253072,Vellimalai,"Town Panchayat",629204
33,"Tamil Nadu",252381,Vellore,"Municipal Corporations",632055
33,"Tamil Nadu",252381,Vellore,"Municipal Corporations",632010
33,"Tamil Nadu",252526,Venkarai,"Town Panchayat",637208
33,"Tamil Nadu",252435,Vettavalam,"Town Panchayat",606754
33,"Tamil Nadu",252787,Virudhachalam,Municipality,606001
33,"Tamil Nadu",252943,Virudhunagar,Municipality,626001
33,"Tamil Nadu",252967,"V. Pudur","Town Panchayat",628905
33,"Tamil Nadu",252365,Walajapet,Municipality,632531
33,"Tamil Nadu",260677,Watrap,"Town Panchayat",626132
36,Telangana,290062,Alampur,Municipality,509152
36,Telangana,290153,Ameenpur,Municipality,502032
36,Telangana,248090,Armoor,Municipality,503223
36,Telangana,257865,Badangpet,"Municipal Corporations",500112
36,Telangana,248084,Bellampalli,Municipality,504251
36,Telangana,248085,Bhainsa,Municipality,504103
36,Telangana,253291,Bhupalpalle,Municipality,506169
36,Telangana,290154,Dundigal,Municipality,500043
36,Telangana,253267,Husnabad,Municipality,505467
36,Telangana,253257,Huzurnagar,Municipality,508204
36,Telangana,251664,Hyderabad,"Municipal Corporations",500076
36,Telangana,251664,Hyderabad,"Municipal Corporations",500077
36,Telangana,251664,Hyderabad,"Municipal Corporations",500082
36,Telangana,251664,Hyderabad,"Municipal Corporations",500102
36,Telangana,251664,Hyderabad,"Municipal Corporations",500114
36,Telangana,251664,Hyderabad,"Municipal Corporations",501505
36,Telangana,251664,Hyderabad,"Municipal Corporations",500010
36,Telangana,251664,Hyderabad,"Municipal Corporations",500011
36,Telangana,251664,Hyderabad,"Municipal Corporations",500023
36,Telangana,251664,Hyderabad,"Municipal Corporations",500027
36,Telangana,251664,Hyderabad,"Municipal Corporations",500033
36,Telangana,251664,Hyderabad,"Municipal Corporations",500034
36,Telangana,251664,Hyderabad,"Municipal Corporations",500074
36,Telangana,258044,Ibrahimpatnam,Municipality,501506
36,Telangana,276409,Jalapally,Municipality,500005
36,Telangana,302736,Jinnaram,Municipality,502319
36,Telangana,302727,Kalluru,Municipality,507209
36,Telangana,302303,Kesamudram,Municipality,506112
36,Telangana,248105,Khammam,"Municipal Corporations",507001
36,Telangana,290136,Kodangal,Municipality,509338
36,Telangana,290096,Manikonda,Municipality,500089
36,Telangana,297095,Nakrekal,Municipality,508211
36,Telangana,251685,Nalgonda,Municipality,508001
36,Telangana,248102,Narayanpet,Municipality,509210
36,Telangana,290097,Narsingi,Municipality,500075
36,Telangana,290083,Pocharam,Municipality,500088
36,Telangana,251648,Ramagundam,"Municipal Corporations",505208
36,Telangana,248094,Sangareddy,Municipality,502001
36,Telangana,254925,Shadnagar,Municipality,509216
36,Telangana,290149,Shamshabad,Municipality,501218
36,Telangana,290100,Shankarpally,Municipality,501203
36,Telangana,251654,Sircilla,Municipality,505301
36,Telangana,290086,Thumkunta,Municipality,500078
36,Telangana,248104,Wanaparthy,Municipality,509103
36,Telangana,251691,Warangal,"Municipal Corporations",506001
36,Telangana,251691,Warangal,"Municipal Corporations",506007
36,Telangana,290068,Wyra,Municipality,507165
37,Ladakh,248178,Kargil,Municipality,194101
37,Ladakh,248177,Leh,Municipality,194101
38,"The Dadra And Nagar Haveli And Daman And Diu",251273,Silvassa,Municipality,396230
34,Puducherry,253094,Pondicherry,Municipality,605110
8,Rajasthan,248774,"Abu Road","Town Panchayat",328024
8,Rajasthan,301405,Ahore,"Town Panchayat",328027
8,Rajasthan,301405,Ahore,"Town Panchayat",328024
8,Rajasthan,248788,Ajmer,"Municipal Corporations",305006
8,Rajasthan,248788,Ajmer,"Municipal Corporations",305005
8,Rajasthan,301433,Akola,"Town Panchayat",312205
8,Rajasthan,301433,Akola,"Town Panchayat",328024
8,Rajasthan,248817,Amet,"Town Panchayat",313332
8,Rajasthan,248817,Amet,"Town Panchayat",328027
8,Rajasthan,248817,Amet,"Town Panchayat",328024
8,Rajasthan,248656,Anupgarh,"Town Panchayat",328024
8,Rajasthan,248808,Asind,"Town Panchayat",328027
8,Rajasthan,248808,Asind,"Town Panchayat",313325
8,Rajasthan,248684,Baggar,"Town Panchayat",333028
8,Rajasthan,248735,Bagru,"Town Panchayat",328027
8,Rajasthan,300344,Bahadurpur,"Town Panchayat",328024
8,Rajasthan,299784,"Balesar Satta","Town Panchayat",328024
8,Rajasthan,248785,Bali,"Town Panchayat",328027
8,Rajasthan,248765,Balotra,Municipality,344022
8,Rajasthan,302924,Banera,Municipality,311401
8,Rajasthan,296923,Bansur,"Town Panchayat",301402
8,Rajasthan,248835,Banswara,Municipality,313203
8,Rajasthan,301412,Bap,"Town Panchayat",328024
8,Rajasthan,248712,Bari,"Town Panchayat",328027
8,Rajasthan,248712,Bari,"Town Panchayat",313325
8,Rajasthan,248843,"Bari Sadri","Town Panchayat",328027
8,Rajasthan,248843,"Bari Sadri","Town Panchayat",312403
8,Rajasthan,248766,Barmer,Municipality,313203
8,Rajasthan,300347,"Baroda Meo","Town Panchayat",313325
8,Rajasthan,296925,Bassi,"Town Panchayat",313325
8,Rajasthan,296925,Bassi,"Town Panchayat",303012
8,Rajasthan,248837,Begun,"Town Panchayat",312023
8,Rajasthan,248666,Bhadra,Municipality,335501
8,Rajasthan,248812,Bhilwara,"Municipal Corporations",311001
8,Rajasthan,248812,Bhilwara,"Municipal Corporations",313203
8,Rajasthan,248823,Bhinder,"Town Panchayat",313325
8,Rajasthan,296924,Bhopalgarh,"Town Panchayat",313325
8,Rajasthan,296924,Bhopalgarh,"Town Panchayat",342603
8,Rajasthan,248709,Bhusawar,"Town Panchayat",328027
8,Rajasthan,248762,Bilara,"Town Panchayat",313325
8,Rajasthan,299825,Bonli,"Town Panchayat",328024
8,Rajasthan,302876,Buhana,Municipality,333502
8,Rajasthan,248679,Chhapar,"Town Panchayat",328027
8,Rajasthan,248842,"Chhoti Sadri","Town Panchayat",328027
8,Rajasthan,248687,Chirawa,"Town Panchayat",333026
8,Rajasthan,248687,Chirawa,"Town Panchayat",328024
8,Rajasthan,302181,Chohtan,Municipality,313203
8,Rajasthan,248730,Chomu,"Town Panchayat",303704
8,Rajasthan,248730,Chomu,"Town Panchayat",303706
8,Rajasthan,248730,Chomu,"Town Panchayat",303804
8,Rajasthan,248730,Chomu,"Town Panchayat",303806
8,Rajasthan,248730,Chomu,"Town Panchayat",303807
8,Rajasthan,248705,Deeg,Municipality,305921
8,Rajasthan,248705,Deeg,Municipality,313203
8,Rajasthan,248816,Deogarh,"Town Panchayat",313325
8,Rajasthan,248668,Deshnoke,"Town Panchayat",328027
8,Rajasthan,299942,Dhariawad,"Town Panchayat",328027
8,Rajasthan,299942,Dhariawad,"Town Panchayat",312625
8,Rajasthan,248713,Dhaulpur,Municipality,328001
8,Rajasthan,302255,Dhod,"Town Panchayat",328024
8,Rajasthan,302257,Dhorimanna,"Town Panchayat",344704
8,Rajasthan,248748,Didwana,"Town Panchayat",328024
8,Rajasthan,301914,Diggi,Municipality,305921
8,Rajasthan,301438,Dudu,Municipality,303008
8,Rajasthan,301438,Dudu,Municipality,305921
8,Rajasthan,248654,Gajsinghpur,"Town Panchayat",335024
8,Rajasthan,248654,Gajsinghpur,"Town Panchayat",328024
8,Rajasthan,302263,Gharsana,"Town Panchayat",328024
8,Rajasthan,302263,Gharsana,"Town Panchayat",328027
8,Rajasthan,299536,Govindgarh,Municipality,313325
8,Rajasthan,302204,Gudhamalani,"Town Panchayat",344031
8,Rajasthan,299936,Hameergarh,"Town Panchayat",311025
8,Rajasthan,248662,Hanumangarh,Municipality,305921
8,Rajasthan,248813,Jahazpur,"Town Panchayat",328024
8,Rajasthan,303088,Jaipur,"Municipal Corporations",302015
8,Rajasthan,248775,Jaitaran,"Town Panchayat",328027
8,Rajasthan,248767,Jalore,Municipality,343001
8,Rajasthan,299764,Jayal,"Town Panchayat",328027
8,Rajasthan,299764,Jayal,"Town Panchayat",313325
8,Rajasthan,248863,Jhalrapatan,Municipality,313325
8,Rajasthan,248703,Kaman,"Town Panchayat",313325
8,Rajasthan,248840,Kapasan,"Town Panchayat",328024
8,Rajasthan,248840,Kapasan,"Town Panchayat",328027
8,Rajasthan,248804,Kaprain,"Town Panchayat",328027
8,Rajasthan,299753,Khajuwala,"Town Panchayat",334023
8,Rajasthan,277601,Khatushyamji,"Town Panchayat",328027
8,Rajasthan,248690,Khetri,Municipality,313325
8,Rajasthan,248731,"Kishangarh Renwal","Town Panchayat",303603
8,Rajasthan,299535,Kotkasim,"Town Panchayat",328024
8,Rajasthan,299535,Kotkasim,"Town Panchayat",313325
8,Rajasthan,248727,Kotputli,Municipality,313203
8,Rajasthan,248757,"Kuchaman City","Town Panchayat",341508
8,Rajasthan,248707,Kumher,"Town Panchayat",313325
8,Rajasthan,248740,Lachhmangarh,Municipality,313325
8,Rajasthan,248747,Ladnu,"Town Panchayat",341306
8,Rajasthan,248747,Ladnu,"Town Panchayat",328024
8,Rajasthan,248803,Lakheri,"Town Panchayat",328024
8,Rajasthan,301406,Lawan,Municipality,313203
8,Rajasthan,248742,Losal,Municipality,332025
8,Rajasthan,248742,Losal,Municipality,313325
8,Rajasthan,302182,Lunkaransar,Municipality,305921
8,Rajasthan,302182,Lunkaransar,Municipality,313203
8,Rajasthan,302182,Lunkaransar,Municipality,334603
8,Rajasthan,275691,Mahwa,Municipality,321609
8,Rajasthan,275691,Mahwa,Municipality,313325
8,Rajasthan,248794,Malpura,Municipality,304502
8,Rajasthan,302612,Malsisar,Municipality,305921
8,Rajasthan,302612,Malsisar,Municipality,313203
8,Rajasthan,302612,Malsisar,Municipality,331028
8,Rajasthan,248814,Mandalgarh,"Town Panchayat",328024
8,Rajasthan,299765,Mandawar,"Town Panchayat",328027
8,Rajasthan,302801,Mandrela,"Town Panchayat",333025
8,Rajasthan,300322,"Marwar Junction","Town Panchayat",306301
8,Rajasthan,300322,"Marwar Junction","Town Panchayat",328027
8,Rajasthan,302261,Masuda,"Town Panchayat",328024
8,Rajasthan,302261,Masuda,"Town Panchayat",313325
8,Rajasthan,302802,Mathaniya,"Town Panchayat",342305
8,Rajasthan,248753,"Merta City","Town Panchayat",328027
8,Rajasthan,301906,Mertaroad,"Town Panchayat",328024
8,Rajasthan,301906,Mertaroad,"Town Panchayat",341511
8,Rajasthan,248691,Mukandgarh,"Town Panchayat",328024
8,Rajasthan,301461,Mundawar,"Town Panchayat",328024
8,Rajasthan,248801,Nainwa,"Town Panchayat",328027
8,Rajasthan,302180,Napasar,Municipality,313203
8,Rajasthan,300321,Narayana,"Town Panchayat",313325
8,Rajasthan,301905,Narayanpur,Municipality,305921
8,Rajasthan,277232,Nasirabad,Municipality,313325
8,Rajasthan,248820,Nathdwara,"Town Panchayat",313325
8,Rajasthan,248820,Nathdwara,"Town Panchayat",328024
8,Rajasthan,301446,Nauganwa,"Town Panchayat",328024
8,Rajasthan,248758,Nawa,"Town Panchayat",328027
8,Rajasthan,248746,Neem-Ka-Thana,Municipality,332713
8,Rajasthan,248796,Niwai,"Town Panchayat",328024
8,Rajasthan,248796,Niwai,"Town Panchayat",304021
8,Rajasthan,248796,Niwai,"Town Panchayat",313325
8,Rajasthan,248665,Nohar,Municipality,335523
8,Rajasthan,248669,Nokha,"Town Panchayat",334803
8,Rajasthan,248653,Padampur,"Town Panchayat",328027
8,Rajasthan,248653,Padampur,"Town Panchayat",335041
8,Rajasthan,302206,"Pahari ",Municipality,321024
8,Rajasthan,248778,Pali,"Municipal Corporations",305921
8,Rajasthan,248778,Pali,"Municipal Corporations",306401
8,Rajasthan,302948,Palsana,Municipality,332402
8,Rajasthan,248755,Parbatsar,"Town Panchayat",341512
8,Rajasthan,277602,"Partapur -Garhi","Town Panchayat",327024
8,Rajasthan,302259,Peeplu,"Town Panchayat",313325
8,Rajasthan,248734,Phulera,"Town Panchayat",303338
8,Rajasthan,248663,Pilibanga,"Town Panchayat",335803
8,Rajasthan,277234,Pindwara,"Town Panchayat",328024
8,Rajasthan,302860,Raipur,Municipality,306304
8,Rajasthan,248700,Rajgarh(Churu),"Town Panchayat",331023
8,Rajasthan,248738,Ramgarh,"Town Panchayat",313325
8,Rajasthan,248738,Ramgarh,"Town Panchayat",331024
8,Rajasthan,296916,"Ramgarh (Alwar)","Town Panchayat",328024
8,Rajasthan,296916,"Ramgarh (Alwar)","Town Panchayat",328027
8,Rajasthan,296916,"Ramgarh (Alwar)","Town Panchayat",301026
8,Rajasthan,248780,Rani,"Town Panchayat",328024
8,Rajasthan,248780,Rani,"Town Panchayat",306115
8,Rajasthan,248674,Ratannagar,"Town Panchayat",328024
8,Rajasthan,248745,Reengus,"Town Panchayat",313325
8,Rajasthan,302942,"Riyan Bari",Municipality,341513
8,Rajasthan,263008,Roopbas,"Town Panchayat",328024
8,Rajasthan,248781,Sadri,"Town Panchayat",328027
8,Rajasthan,248832,Sagwara,"Town Panchayat",313325
8,Rajasthan,248826,Salumbar,Municipality,313325
8,Rajasthan,248733,Sambhar,"Town Panchayat",328024
8,Rajasthan,248733,Sambhar,"Town Panchayat",313325
8,Rajasthan,248661,Sangaria,"Town Panchayat",313325
8,Rajasthan,248661,Sangaria,"Town Panchayat",342013
8,Rajasthan,248855,Sangod,"Town Panchayat",313325
8,Rajasthan,296932,Sapotra,Municipality,322218
8,Rajasthan,248792,Sarwar,"Town Panchayat",328027
8,Rajasthan,301417,Sawar,Municipality,305921
8,Rajasthan,301417,Sawar,Municipality,313203
8,Rajasthan,277235,Shahpura..(Bhilwara),"Town Panchayat",311404
8,Rajasthan,248770,Sheoganj,"Town Panchayat",307027
8,Rajasthan,301451,Sikaray,Municipality,305921
8,Rajasthan,298995,Sikri,"Town Panchayat",328027
8,Rajasthan,298995,Sikri,"Town Panchayat",313325
8,Rajasthan,248771,Sirohi,Municipality,307001
8,Rajasthan,299757,Siwana,"Town Panchayat",328027
8,Rajasthan,248776,Sojat,"Town Panchayat",328027
8,Rajasthan,248675,"Sri Dungargarh","Town Panchayat",313325
8,Rajasthan,248744,"Sri Madhopur",Municipality,313325
8,Rajasthan,248658,Srivijainagar,"Town Panchayat",313325
8,Rajasthan,248680,Sujangarh,Municipality,305921
8,Rajasthan,301453,Suket,"Town Panchayat",313325
8,Rajasthan,248688,Surajgarh,"Town Panchayat",328027
8,Rajasthan,248688,Surajgarh,"Town Panchayat",333029
8,Rajasthan,248660,Suratgarh,"Town Panchayat",328027
8,Rajasthan,301901,Tantoti,Municipality,313203
8,Rajasthan,299937,Tibbi,"Town Panchayat",328024
8,Rajasthan,248696,Tijara,"Town Panchayat",301411
8,Rajasthan,302253,Tinwari,"Town Panchayat",313325
8,Rajasthan,302253,Tinwari,"Town Panchayat",342306
8,Rajasthan,248798,Todaraisingh,"Town Panchayat",328027
8,Rajasthan,248822,Udaipur,"Municipal Corporations",313206
8,Rajasthan,248822,Udaipur,"Municipal Corporations",313003
8,Rajasthan,248822,Udaipur,"Municipal Corporations",313604
8,Rajasthan,248693,Udaipurwati,"Town Panchayat",313325
8,Rajasthan,248693,Udaipurwati,"Town Panchayat",333307
8,Rajasthan,301454,Vajirpur,"Town Panchayat",328027
8,Rajasthan,301408,Vallabhnagar,Municipality,305921
8,Rajasthan,248686,Vidyavihar,"Town Panchayat",328027
8,Rajasthan,248686,Vidyavihar,"Town Panchayat",313325
8,Rajasthan,248791,Vijainagar,Municipality,313325
8,Rajasthan,248728,Viratnagar,"Town Panchayat",328024
8,Rajasthan,248710,Weir,"Town Panchayat",321408
8,Rajasthan,248710,Weir,"Town Panchayat",328027
9,"Uttar Pradesh",248974,"Agarwal Mandi","Town Panchayat",250601
9,"Uttar Pradesh",249062,Agra,"Municipal Corporations",282007
9,"Uttar Pradesh",249062,Agra,"Municipal Corporations",282009
9,"Uttar Pradesh",249095,Aliganj,Municipality,207247
9,"Uttar Pradesh",249236,Amethi(Lucknow),"Town Panchayat",226501
9,"Uttar Pradesh",248975,"Aminagar Sarai","Town Panchayat",250606
9,"Uttar Pradesh",249468,Atraulia,"Town Panchayat",223223
9,"Uttar Pradesh",249336,Baberu,"Town Panchayat",210121
9,"Uttar Pradesh",248992,Babugarh,"Town Panchayat",245201
9,"Uttar Pradesh",249463,"Badhani Bazar","Town Panchayat",274601
9,"Uttar Pradesh",249135,Bahedi,Municipality,243201
9,"Uttar Pradesh",248935,Bahjoi,Municipality,244410
9,"Uttar Pradesh",249410,Bahraich,Municipality,271801
9,"Uttar Pradesh",277185,Bairia,"Town Panchayat",277201
9,"Uttar Pradesh",300768,Baitalpur,"Town Panchayat",274201
9,"Uttar Pradesh",249057,Baldeo,"Town Panchayat",281301
9,"Uttar Pradesh",249380,Banki,"Town Panchayat",231312
9,"Uttar Pradesh",299018,Barauli,"Town Panchayat",203412
9,"Uttar Pradesh",249181,Barbar,"Town Panchayat",283119
9,"Uttar Pradesh",249353,Belha,Municipality,230001
9,"Uttar Pradesh",301014,Belsar,"Town Panchayat",271402
9,"Uttar Pradesh",249389,Bhadarsa,"Town Panchayat",224202
9,"Uttar Pradesh",300719,Bhira,"Town Panchayat",262901
9,"Uttar Pradesh",249108,Bhogaon,"Town Panchayat",205262
9,"Uttar Pradesh",248902,Bhokarhedi,"Town Panchayat",251316
9,"Uttar Pradesh",249228,Bighapur,"Town Panchayat",209865
9,"Uttar Pradesh",249393,Bikapur,"Town Panchayat",224204
9,"Uttar Pradesh",249470,Bilariaganj,Municipality,276121
9,"Uttar Pradesh",249122,Bilsi,Municipality,243633
9,"Uttar Pradesh",249144,Bisharatganj,"Town Panchayat",243302
9,"Uttar Pradesh",249193,Biswan,Municipality,261201
9,"Uttar Pradesh",249285,Bithoor,"Town Panchayat",209217
9,"Uttar Pradesh",297075,Boodhanpur,"Town Panchayat",276142
9,"Uttar Pradesh",249126,Budaun,Municipality,243601
9,"Uttar Pradesh",249045,Chaumuha,"Town Panchayat",281406
9,"Uttar Pradesh",248969,Chhaprauli,"Town Panchayat",250617
9,"Uttar Pradesh",249543,Chunar,Municipality,231304
9,"Uttar Pradesh",249243,Dalmau,"Town Panchayat",229203
9,"Uttar Pradesh",249060,Dayalbagh,"Town Panchayat",282005
9,"Uttar Pradesh",248919,Dhampur,Municipality,246761
9,"Uttar Pradesh",249483,Dohrighat,"Town Panchayat",275303
9,"Uttar Pradesh",277188,Eka,"Town Panchayat",283152
9,"Uttar Pradesh",249263,Ekdil,"Town Panchayat",206126
9,"Uttar Pradesh",249250,Farrukhabad,Municipality,209625
9,"Uttar Pradesh",249068,"Fatehpur Sikri",Municipality,283110
9,"Uttar Pradesh",297031,Ganeshpur,"Town Panchayat",272002
9,"Uttar Pradesh",297022,Gangaghat,Municipality,209861
9,"Uttar Pradesh",249090,"Ganj Dundwara",Municipality,207242
9,"Uttar Pradesh",248993,Garhmukteshwar,Municipality,245208
9,"Uttar Pradesh",249112,Gawan,"Town Panchayat",243727
9,"Uttar Pradesh",249290,Ghatampur,Municipality,209206
9,"Uttar Pradesh",249512,Ghazipur,Municipality,233001
9,"Uttar Pradesh",249485,Ghosi,"Town Panchayat",275304
9,"Uttar Pradesh",249440,Ghughuli,"Town Panchayat",273151
9,"Uttar Pradesh",249235,"Gosainganj (Ayodhya)","Town Panchayat",224141
9,"Uttar Pradesh",249050,Govardhan,"Town Panchayat",281502
9,"Uttar Pradesh",249128,Gulariya,"Town Panchayat",243601
9,"Uttar Pradesh",248991,Hapur,Municipality,245101
9,"Uttar Pradesh",301364,Harra,"Town Panchayat",301364
9,"Uttar Pradesh",300707,"Heeraganj Bazaar","Town Panchayat",230204
9,"Uttar Pradesh",300779,Hetimpur,"Town Panchayat",274206
9,"Uttar Pradesh",249030,Iglas,"Town Panchayat",202124
9,"Uttar Pradesh",297067,Itwa,"Town Panchayat",272192
9,"Uttar Pradesh",249159,Jahanabad,"Town Panchayat",262001
9,"Uttar Pradesh",249096,Jaithara,"Town Panchayat",207249
9,"Uttar Pradesh",249174,Jalalabad,Municipality,209733
9,"Uttar Pradesh",248892,Jalalabad(Bijnor),"Town Panchayat",246763
9,"Uttar Pradesh",248907,Jalalabad(Shamli),"Town Panchayat",247772
9,"Uttar Pradesh",249511,Jangipur,"Town Panchayat",233305
9,"Uttar Pradesh",249411,Jarwal,"Town Panchayat",271904
9,"Uttar Pradesh",249233,Kakori,"Town Panchayat",226101
9,"Uttar Pradesh",248886,Kandhla,Municipality,247775
9,"Uttar Pradesh",298096,"Kaptanganj Basti","Town Panchayat",272131
9,"Uttar Pradesh",249360,Karari,"Town Panchayat",212206
9,"Uttar Pradesh",249107,Karhal,"Town Panchayat",205264
9,"Uttar Pradesh",300833,"Karikan Dhata","Town Panchayat",212641
9,"Uttar Pradesh",248954,Karnawal,"Town Panchayat",250344
9,"Uttar Pradesh",249169,Katra,"Town Panchayat",230132
9,"Uttar Pradesh",249027,Kauriaganj,"Town Panchayat",202129
9,"Uttar Pradesh",248942,Kemri,"Town Panchayat",244928
9,"Uttar Pradesh",249188,Khairabad,Municipality,261131
9,"Uttar Pradesh",249418,Khargupur,"Town Panchayat",271204
9,"Uttar Pradesh",249183,Kheri,"Town Panchayat",262702
9,"Uttar Pradesh",249168,Khudaganj,"Town Panchayat",209724
9,"Uttar Pradesh",249298,Kotra,"Town Panchayat",285223
9,"Uttar Pradesh",249328,Kulpahar,"Town Panchayat",210426
9,"Uttar Pradesh",277531,Laalganj,"Town Panchayat",231312
9,"Uttar Pradesh",249266,Lakhna,"Town Panchayat",206127
9,"Uttar Pradesh",249242,Lalganj,"Town Panchayat",276202
9,"Uttar Pradesh",249365,"Lal Gopal Ganj","Town Panchayat",229413
9,"Uttar Pradesh",249204,Madhoganj,"Town Panchayat",230403
9,"Uttar Pradesh",301254,Madhuban,"Town Panchayat",221603
9,"Uttar Pradesh",297033,Madrak,"Town Panchayat",202150
9,"Uttar Pradesh",249434,Maghar,"Town Panchayat",272173
9,"Uttar Pradesh",249194,Mahmudabad,Municipality,261203
9,"Uttar Pradesh",249231,Mahona,"Town Panchayat",226203
9,"Uttar Pradesh",263356,Mahul,"Town Panchayat",223225
9,"Uttar Pradesh",249350,Manikpur(Pratapgarh),"Town Panchayat",230202
9,"Uttar Pradesh",249423,Mankapur,"Town Panchayat",271302
9,"Uttar Pradesh",249099,Marehra,Municipality,207401
9,"Uttar Pradesh",249327,Maudaha,Municipality,210507
9,"Uttar Pradesh",249141,Mirganj,"Town Panchayat",243504
9,"Uttar Pradesh",249490,"Mohammadabad (Farrukhabad)","Town Panchayat",209651
9,"Uttar Pradesh",249180,Mohammadi,Municipality,262804
9,"Uttar Pradesh",249302,Moth,"Town Panchayat",284303
9,"Uttar Pradesh",249447,"Mundera Bazar","Town Panchayat",273201
9,"Uttar Pradesh",248895,Muzaffarnagar,Municipality,251001
9,"Uttar Pradesh",298095,"Nagar Bazar","Town Panchayat",272302
9,"Uttar Pradesh",248876,Nakur,Municipality,247342
9,"Uttar Pradesh",248880,Nanauta,"Town Panchayat",247452
9,"Uttar Pradesh",249408,Nanpara,Municipality,271865
9,"Uttar Pradesh",249221,Nyotini,"Town Panchayat",209841
9,"Uttar Pradesh",249550,Obra,"Town Panchayat",231219
9,"Uttar Pradesh",249297,Orai,Municipality,285001
9,"Uttar Pradesh",297041,Paniyara,"Town Panchayat",285205
9,"Uttar Pradesh",297070,Payagpur,"Town Panchayat",271871
9,"Uttar Pradesh",249480,Phoolpur,"Town Panchayat",212402
9,"Uttar Pradesh",249160,Pilibhit,Municipality,262001
9,"Uttar Pradesh",249446,Pipraich,"Town Panchayat",273152
9,"Uttar Pradesh",249354,"Pratapgarh City","Town Panchayat",230002
9,"Uttar Pradesh",249369,Prayagraj,"Municipal Corporations",211011
9,"Uttar Pradesh",249518,"Pt Deen Dayal Nagar(Mughalsarai)",Municipality,232101
9,"Uttar Pradesh",249000,Rabupura,"Town Panchayat",203209
9,"Uttar Pradesh",249291,Rampura,"Town Panchayat",285127
9,"Uttar Pradesh",249459,"Rampur Karkhana","Town Panchayat",274601
9,"Uttar Pradesh",248881,"Rampur Maniharan","Town Panchayat",247451
9,"Uttar Pradesh",263352,"Rasulabaad(Kanpur Dehat)","Town Panchayat",209306
9,"Uttar Pradesh",249326,Rath,Municipality,210431
9,"Uttar Pradesh",249047,Raya,"Town Panchayat",281204
9,"Uttar Pradesh",249137,Richha,"Town Panchayat",243203
9,"Uttar Pradesh",249152,Rithora,"Town Panchayat",262406
9,"Uttar Pradesh",263359,"Rudhauli Bazar","Town Panchayat",272151
9,"Uttar Pradesh",249276,Rura,"Town Panchayat",209303
9,"Uttar Pradesh",249123,Sahaswan,Municipality,243638
9,"Uttar Pradesh",297714,"Said Nagli","Town Panchayat",244241
9,"Uttar Pradesh",249510,Saidpur(Gazipur),"Town Panchayat",233304
9,"Uttar Pradesh",297090,Saifani,"Town Panchayat",244411
9,"Uttar Pradesh",249246,Salon,"Town Panchayat",229127
9,"Uttar Pradesh",248955,Sardhana,Municipality,250342
9,"Uttar Pradesh",249051,Saunkh,"Town Panchayat",281123
9,"Uttar Pradesh",248888,Shamli,Municipality,247776
9,"Uttar Pradesh",249015,Shikarpur,Municipality,203395
9,"Uttar Pradesh",249082,Shikohabad,Municipality,283135
9,"Uttar Pradesh",249140,Shishgarh,"Town Panchayat",243505
9,"Uttar Pradesh",300739,Shivgarh,"Town Panchayat",229308
9,"Uttar Pradesh",249426,Shohratgarh,"Town Panchayat",272205
9,"Uttar Pradesh",249427,"Siddharth Nagar (Tetri Bazar)",Municipality,272207
9,"Uttar Pradesh",249196,Sidhauli,"Town Panchayat",261303
9,"Uttar Pradesh",263355,Sikandara,"Town Panchayat",209125
9,"Uttar Pradesh",249358,Sirathu,"Town Panchayat",212217
9,"Uttar Pradesh",249084,Soron,Municipality,207403
9,"Uttar Pradesh",248939,Suar,Municipality,244924
9,"Uttar Pradesh",249412,Sukrauli,"Town Panchayat",274207
9,"Uttar Pradesh",249404,Sultanpur,Municipality,228001
9,"Uttar Pradesh",249061,Swamibagh,"Town Panchayat",282005
9,"Uttar Pradesh",249415,Tulsipur,"Town Panchayat",271208
9,"Uttar Pradesh",249214,Ugu,"Town Panchayat",209801
9,"Uttar Pradesh",249125,Ujhani,Municipality,243639
9,"Uttar Pradesh",249531,Varanasi,"Municipal Corporations",221103
29,Karnataka,251894,Alnavar,"Town Panchayat",581103
29,Karnataka,276577,Arabhavi,"Town Panchayat",591218
29,Karnataka,252010,Arsikere,"City Municipal Council",573103
29,Karnataka,299416,Bangarpete,"Town Municipal Council",563114
29,Karnataka,276600,Bbmp,"Municipal Corporations",560109
29,Karnataka,276600,Bbmp,"Municipal Corporations",560102
29,Karnataka,276600,Bbmp,"Municipal Corporations",560100
29,Karnataka,276600,Bbmp,"Municipal Corporations",560078
29,Karnataka,276600,Bbmp,"Municipal Corporations",560056
29,Karnataka,276600,Bbmp,"Municipal Corporations",560053
29,Karnataka,276600,Bbmp,"Municipal Corporations",560040
29,Karnataka,276600,Bbmp,"Municipal Corporations",560027
29,Karnataka,276600,Bbmp,"Municipal Corporations",560026
29,Karnataka,276600,Bbmp,"Municipal Corporations",560015
29,Karnataka,276600,Bbmp,"Municipal Corporations",560012
29,Karnataka,251867,Bidar,"City Municipal Council",585404
29,Karnataka,276583,Boragaon,"Town Panchayat",591216
29,Karnataka,251943,Channagiri,"Town Municipal Council",577213
29,Karnataka,251968,Chiknayakanhalli,"Town Municipal Council",572214
29,Karnataka,251934,Chitradurga,"City Municipal Council",577501
29,Karnataka,251974,Gubbi,"Town Panchayat",572216
29,Karnataka,251901,Haliyal,"Town Municipal Council",581329
29,Karnataka,251872,"Hatti Gold Mines","Notified Area Council",584115
29,Karnataka,251916,Haveri,"City Municipal Council",581110
29,Karnataka,276463,Hebbugodi,"City Municipal Council",560099
29,Karnataka,251936,Hosdurga,"Town Municipal Council",577527
29,Karnataka,251893,Hubballi-Dharwad,"Municipal Corporations",580008
29,Karnataka,252043,Hunsur,"City Municipal Council",571105
29,Karnataka,251843,Indi,"Town Municipal Council",586209
29,Karnataka,251858,Jevargi,"Town Municipal Council",585310
29,Karnataka,276483,Kabbur,"Town Panchayat",591222
29,Karnataka,299323,Kadakola,"Town Panchayat",571311
29,Karnataka,276560,Kakkera,"Town Municipal Council",585215
29,Karnataka,248127,"Kalaburagi City Corporation","Municipal Corporations",585103
29,Karnataka,248127,"Kalaburagi City Corporation","Municipal Corporations",585107
29,Karnataka,276576,Kallolli,"Town Panchayat",591224
29,Karnataka,276599,Kanakgiri,"Town Panchayat",583283
29,Karnataka,253188,Kanakpura,"City Municipal Council",562117
29,Karnataka,251825,Khanapur,"Town Panchayat",591302
29,Karnataka,299321,Kinnigoli,"Town Panchayat",574150
29,Karnataka,276543,Kolhara,"Town Panchayat",586210
29,Karnataka,251960,Koppa,"Town Panchayat",577126
29,Karnataka,276497,Kukanooru,"Town Panchayat",583232
29,Karnataka,252021,Mangaluru,"Municipal Corporations",574144
29,Karnataka,276474,Mariyammanahalli,"Town Panchayat",583222
29,Karnataka,251932,Molakalmuru,"Town Panchayat",577535
29,Karnataka,252018,Mudbidri,"Town Municipal Council",574227
29,Karnataka,251835,Mudhol,"City Municipal Council",587313
29,Karnataka,251989,Mulbagal,"City Municipal Council",563131
29,Karnataka,251904,Mundgod,"Town Panchayat",581349
29,Karnataka,252045,Mysuru,"Municipal Corporations",570004
29,Karnataka,252045,Mysuru,"Municipal Corporations",570032
29,Karnataka,252045,Mysuru,"Municipal Corporations",570031
29,Karnataka,252045,Mysuru,"Municipal Corporations",570025
29,Karnataka,252045,Mysuru,"Municipal Corporations",570018
29,Karnataka,252045,Mysuru,"Municipal Corporations",570008
29,Karnataka,251961,Narasimharajapura,"Town Panchayat",577134
29,Karnataka,251970,Pavagada,"Town Municipal Council",561202
29,Karnataka,299333,Peeranawadi,"Town Panchayat",590014
29,Karnataka,251833,Rabkavi-Banhatti,"City Municipal Council",587311
29,Karnataka,251876,Raichur,"City Municipal Council",584101
29,Karnataka,253186,Ramanagara,"City Municipal Council",562159
29,Karnataka,251810,Sadalgi,"Town Municipal Council",591239
29,Karnataka,251945,Sagar,"City Municipal Council",577401
29,Karnataka,251890,Shirahatti,"Town Panchayat",582120
29,Karnataka,251982,Sidlaghatta,"City Municipal Council",562105
29,Karnataka,251844,Sindgi,"Town Municipal Council",586128
29,Karnataka,251947,Siralkoppa,"Town Municipal Council",577428
29,Karnataka,251946,Sorab,"Town Municipal Council",577429
29,Karnataka,251926,Tekkalakote,"Town Panchayat",583122
29,Karnataka,251975,Tiptur,"City Municipal Council",572201
29,Karnataka,252052,"Tirumakudal - Narsipur","Town Municipal Council",571124
29,Karnataka,251955,Udupi,"City Municipal Council",576111
29,Karnataka,252040,Virajpet,"Town Municipal Council",571218
29,Karnataka,251863,Yadgir,"City Municipal Council",585201
30,Goa,252071,"City Corporation Panaji","Municipal Corporations",403004
30,Goa,252087,Margao,Municipality,403601
27,Maharashtra,251548,Ahmadnagar,"Municipal Corporations",414001
27,Maharashtra,251630,Ajara,"Town Panchayat",416505
27,Maharashtra,251312,Akola,"Municipal Corporations",444001
27,Maharashtra,251424,Ambad,Municipality,431002
27,Maharashtra,251328,Amravati,"Municipal Corporations",444605
27,Maharashtra,251328,Amravati,"Municipal Corporations",444603
27,Maharashtra,251322,Anjangaon,Municipality,444705
27,Maharashtra,276369,Badnapur,"Town Panchayat",431202
27,Maharashtra,251536,Baramati,Municipality,413102
27,Maharashtra,276332,Barshitakli,"Town Panchayat",444401
27,Maharashtra,251413,Basmath,Municipality,431512
27,Maharashtra,251477,Bhiwandi,"Municipal Corporations",421302
27,Maharashtra,251373,Brahmapuri,Municipality,441206
27,Maharashtra,277411,Butibori,"Town Panchayat",441122
27,Maharashtra,251324,Chandurbazar,Municipality,444704
27,Maharashtra,251602,Chiplun,Municipality,415605
27,Maharashtra,251451,Dahanu,Municipality,401602
27,Maharashtra,276363,Deori,"Town Panchayat",441901
27,Maharashtra,276345,Dhadgaon,"Town Panchayat",425414
27,Maharashtra,251404,Dharmabad,Municipality,431809
27,Maharashtra,251282,Dhule,"Municipal Corporations",424001
27,Maharashtra,251281,Dondaicha-Warwade,Municipality,425408
27,Maharashtra,265791,"Gadchandur Nagar Parishad",Municipality,442908
27,Maharashtra,276370,Ghansawangi,"Town Panchayat",431209
27,Maharashtra,298902,Ghugus,Municipality,442505
27,Maharashtra,251488,"Greater Mumbai","Municipal Corporations",400015
27,Maharashtra,251488,"Greater Mumbai","Municipal Corporations",400007
27,Maharashtra,251488,"Greater Mumbai","Municipal Corporations",400006
27,Maharashtra,251488,"Greater Mumbai","Municipal Corporations",400002
27,Maharashtra,251488,"Greater Mumbai","Municipal Corporations",400035
27,Maharashtra,251399,Hadgaon,Municipality,431712
27,Maharashtra,251338,Hinganghat,Municipality,442301
27,Maharashtra,303119,Hiwarkhed,Municipality,444905
27,Maharashtra,251537,Indapur,Municipality,413106
27,Maharashtra,251298,"Jalgaon - Jamod",Municipality,443402
27,Maharashtra,276373,Jalkot,"Town Panchayat",413532
27,Maharashtra,290358,Kadegaon.,"Town Panchayat",415304
27,Maharashtra,266073,"Kalamb Nagar Panchayat","Town Panchayat",413507
27,Maharashtra,276278,Kalwan,"Town Panchayat",423501
27,Maharashtra,251483,Kalyan-Dombivli,"Municipal Corporations",421203
27,Maharashtra,251408,Kandhar,Municipality,431714
27,Maharashtra,251398,Kinwat,Municipality,431804
27,Maharashtra,263364,"Kuhi Nagar Parishad","Town Panchayat",441202
27,Maharashtra,251575,Kurduvadi,Municipality,413208
27,Maharashtra,276324,Lakhandur,"Town Panchayat",441803
27,Maharashtra,276323,Lakhani,"Town Panchayat",441804
27,Maharashtra,276323,Lakhani,"Town Panchayat",441805
27,Maharashtra,251526,Lonavala,Municipality,410401
27,Maharashtra,276303,Malshiras,"Town Panchayat",413107
27,Maharashtra,300391,Manchar,"Town Panchayat",410503
27,Maharashtra,276294,Manora,"Town Panchayat",444404
27,Maharashtra,251417,Manwath,Municipality,431505
27,Maharashtra,251512,Mhasla,"Town Panchayat",402105
27,Maharashtra,251470,Mira-Bhayandar,"Municipal Corporations",401107
27,Maharashtra,251409,Mukhed,Municipality,431715
27,Maharashtra,276421,Muktainagar,"Town Panchayat",425306
27,Maharashtra,297866,"Municipal Council Armori",Municipality,441208
27,Maharashtra,248081,"Municipal Council Desaiganj ( Wadsa)",Municipality,441207
27,Maharashtra,251487,Murbad,"Town Panchayat",421401
27,Maharashtra,251629,Murgud,Municipality,416219
27,Maharashtra,276291,"Nandgaon Khandeshwar","Town Panchayat",444708
27,Maharashtra,251442,Nashik,"Municipal Corporations",422004
27,Maharashtra,251442,Nashik,"Municipal Corporations",422009
27,Maharashtra,251442,Nashik,"Municipal Corporations",422001
27,Maharashtra,300384,Natepute,"Town Panchayat",413109
27,Maharashtra,259704,"Ner Nababpur",Municipality,445102
27,Maharashtra,251297,Pachora,Municipality,424201
27,Maharashtra,300027,Pali,"Town Panchayat",410205
27,Maharashtra,251416,Parbhani,"Municipal Corporations",431401
27,Maharashtra,275732,Patoda.,"Town Panchayat",414204
27,Maharashtra,251528,"Pimpri Chinchwad","Municipal Corporations",411062
27,Maharashtra,251528,"Pimpri Chinchwad","Municipal Corporations",411044
27,Maharashtra,251528,"Pimpri Chinchwad","Municipal Corporations",411012
27,Maharashtra,251528,"Pimpri Chinchwad","Municipal Corporations",411027
27,Maharashtra,251530,Pune,"Municipal Corporations",411014
27,Maharashtra,251530,Pune,"Municipal Corporations",411021
27,Maharashtra,251530,Pune,"Municipal Corporations",411015
27,Maharashtra,251530,Pune,"Municipal Corporations",411067
27,Maharashtra,251530,Pune,"Municipal Corporations",411047
27,Maharashtra,251530,Pune,"Municipal Corporations",411005
27,Maharashtra,251530,Pune,"Municipal Corporations",411030
27,Maharashtra,251543,"Rahta Pimplas",Municipality,423107
27,Maharashtra,276365,Salekasa,"Town Panchayat",441916
27,Maharashtra,276356,Saoli,"Town Panchayat",441225
27,Maharashtra,251532,Sasvad,Municipality,412301
27,Maharashtra,251277,Shahade,Municipality,425409
27,Maharashtra,251299,Shegaon,Municipality,444203
27,Maharashtra,277413,Shendurni,"Town Panchayat",424204
27,Maharashtra,276331,Shevgaon,Municipality,414502
27,Maharashtra,251542,Shirdi,"Town Panchayat",423109
27,Maharashtra,275726,"Shirur Kasar","Town Panchayat",413249
27,Maharashtra,251544,Shrirampur,Municipality,413709
27,Maharashtra,251577,Solapur,"Municipal Corporations",413008
27,Maharashtra,251419,Sonpeth,Municipality,431516
27,Maharashtra,251309,Telhara,Municipality,444108
27,Maharashtra,251471,Thane,"Municipal Corporations",400602
27,Maharashtra,251484,Ulhasnagar,"Municipal Corporations",421001
27,Maharashtra,251573,Umarga,Municipality,413606
27,Maharashtra,251633,"Uran Islampur",Municipality,415409
27,Maharashtra,276416,Vaduj,"Town Panchayat",415506
27,Maharashtra,275731,Wadvani,"Town Panchayat",431144
27,Maharashtra,251326,Warud,Municipality,444906
28,"Andhra Pradesh",296256,Akiveedu,"Town Panchayat",523357
28,"Andhra Pradesh",296256,Akiveedu,"Town Panchayat",523240
28,"Andhra Pradesh",299713,Alluru,"Town Panchayat",524315
28,"Andhra Pradesh",251699,Amadalavalasa,Municipality,523357
28,"Andhra Pradesh",251735,Amalapuram,Municipality,533201
28,"Andhra Pradesh",296328,Buchireddypalem,"Town Panchayat",524305
28,"Andhra Pradesh",296328,Buchireddypalem,"Town Panchayat",523357
28,"Andhra Pradesh",248115,Dharmavaram,Municipality,515671
28,"Andhra Pradesh",277316,Gollaprolu,"Town Panchayat",523240
28,"Andhra Pradesh",248113,Guntakal,Municipality,515801
28,"Andhra Pradesh",251696,Ichapuram,Municipality,523240
28,"Andhra Pradesh",248116,Kadiri,Municipality,515591
28,"Andhra Pradesh",251731,Kakinada,"Municipal Corporations",533003
28,"Andhra Pradesh",253295,Kanigiri,Municipality,523240
28,"Andhra Pradesh",251736,Kovvur,Municipality,534350
28,"Andhra Pradesh",253253,Madakasira,"Town Panchayat",515301
28,"Andhra Pradesh",251732,Mandapeta,Municipality,533308
28,"Andhra Pradesh",277315,Mummidivaram,"Town Panchayat",523357
28,"Andhra Pradesh",251795,Nandyal,Municipality,518502
28,"Andhra Pradesh",251795,Nandyal,Municipality,518101
28,"Andhra Pradesh",251716,Narsipatnam,Municipality,531116
28,"Andhra Pradesh",251772,"Nellore Municipal Corporation","Municipal Corporations",524001
28,"Andhra Pradesh",257967,Palakonda,"Town Panchayat",523240
28,"Andhra Pradesh",253252,Pamidi,"Town Panchayat",515775
28,"Andhra Pradesh",251724,Peddapuram,Municipality,533437
28,"Andhra Pradesh",251759,Ponnuru,Municipality,522124
28,"Andhra Pradesh",251778,Proddatur,Municipality,516360
28,"Andhra Pradesh",251725,Rajahmundry,"Municipal Corporations",533107
28,"Andhra Pradesh",251725,Rajahmundry,"Municipal Corporations",533101
28,"Andhra Pradesh",251698,Rajam,Municipality,523357
28,"Andhra Pradesh",251733,Ramachandrapuram,Municipality,533256
28,"Andhra Pradesh",251738,Tadepalligudem,Municipality,534102
28,"Andhra Pradesh",248121,Tirupati,"Municipal Corporations",517501
28,"Andhra Pradesh",251709,"Vizianagaram Municipal Corporation","Municipal Corporations",535003
28,"Andhra Pradesh",251709,"Vizianagaram Municipal Corporation","Municipal Corporations",535001
28,"Andhra Pradesh",277317,Yeleswaram,"Town Panchayat",523240
28,"Andhra Pradesh",277317,Yeleswaram,"Town Panchayat",523357
28,"Andhra Pradesh",251781,Yerraguntla,"Town Panchayat",523240
22,Chhattisgarh,253177,Abhanpur,Municipality,493661
22,Chhattisgarh,250635,Ahiwara,Municipality,490036
22,Chhattisgarh,250650,Arang,Municipality,493441
22,Chhattisgarh,253155,Arjunda,"Town Panchayat",491225
22,Chhattisgarh,250670,"Bade Bacheli",Municipality,494553
22,Chhattisgarh,250648,"Baloda Bazar",Municipality,493332
22,Chhattisgarh,253215,Barsoor,"Town Panchayat",494441
22,Chhattisgarh,253152,Berla,"Town Panchayat",491332
22,Chhattisgarh,253245,Bhairamgarh,"Town Panchayat",494450
22,Chhattisgarh,253107,Bhakhara,"Town Panchayat",493770
22,Chhattisgarh,253145,Bhanupratappur,"Town Panchayat",494669
22,Chhattisgarh,250651,Bhatapara,Municipality,493118
22,Chhattisgarh,250639,Bhilai,"Municipal Corporations",490026
22,Chhattisgarh,253246,Bhopalpatnam,"Town Panchayat",494446
22,Chhattisgarh,250626,Chhuikhadan,"Town Panchayat",491885
22,Chhattisgarh,250643,"Dalli Rajhara",Municipality,491228
22,Chhattisgarh,253286,Dhabhara,"Town Panchayat",495688
22,Chhattisgarh,253159,Dondilohara,"Town Panchayat",491771
22,Chhattisgarh,250630,Dongargaon,"Town Panchayat",491661
22,Chhattisgarh,250640,Durg,"Municipal Corporations",491001
22,Chhattisgarh,250625,Gandai,"Town Panchayat",491888
22,Chhattisgarh,253182,Gariabandh,Municipality,493889
22,Chhattisgarh,301630,Jarhagaon,"Town Panchayat",495334
22,Chhattisgarh,250595,Kharsia,Municipality,496661
22,Chhattisgarh,250581,Khongapani,"Town Panchayat",497447
22,Chhattisgarh,250671,Kirandul,Municipality,494556
22,Chhattisgarh,250637,Kumhari,Municipality,490042
22,Chhattisgarh,253198,Kunkuri,"Town Panchayat",496225
22,Chhattisgarh,250655,"Mana Camp","Town Panchayat",492015
22,Chhattisgarh,301526,Nariyara,"Town Panchayat",495553
22,Chhattisgarh,253148,Nawagarh,"Town Panchayat",495668
22,Chhattisgarh,250647,Palari,"Town Panchayat",493228
22,Chhattisgarh,253110,Pali,"Town Panchayat",495449
22,Chhattisgarh,273467,Pandatarai,"Town Panchayat",491559
22,Chhattisgarh,301527,Pawni,"Town Panchayat",493338
22,Chhattisgarh,253191,Premnagar,"Town Panchayat",497333
22,Chhattisgarh,253278,Pussore,"Town Panchayat",496440
22,Chhattisgarh,250653,Raipur,"Municipal Corporations",492001
22,Chhattisgarh,253178,Rajim,"Town Panchayat",493885
22,Chhattisgarh,253149,Saja,"Town Panchayat",491993
22,Chhattisgarh,250659,Saraipali,Municipality,493558
22,Chhattisgarh,250604,Shivrinarayan,"Town Panchayat",495557
22,Chhattisgarh,250585,Surajpur,Municipality,497229
22,Chhattisgarh,250654,Tundra,"Town Panchayat",493344
23,"Madhya Pradesh",250786,Amarpatan,"Town Panchayat",485775
23,"Madhya Pradesh",250675,Ambah,Municipality,476111
23,"Madhya Pradesh",250699,Antari,"Town Panchayat",475005
23,"Madhya Pradesh",263361,Athner,"Town Panchayat",460110
23,"Madhya Pradesh",250733,"Badagaon Shajapur","Town Panchayat",465001
23,"Madhya Pradesh",251025,Badkuhi,"Town Panchayat",480447
23,"Madhya Pradesh",250884,Badnawar,"Town Panchayat",455111
23,"Madhya Pradesh",277237,Badonee,"Town Panchayat",475686
23,"Madhya Pradesh",263211,Bairad,"Town Panchayat",473793
23,"Madhya Pradesh",250760,Banda,"Town Panchayat",470335
23,"Madhya Pradesh",263020,Bankhedi,"Town Panchayat",461990
23,"Madhya Pradesh",250678,Banmor,"Town Panchayat",476444
23,"Madhya Pradesh",299804,"Bargawan (Amlai)","Town Panchayat",484117
23,"Madhya Pradesh",250734,Barigarh,"Town Panchayat",471510
23,"Madhya Pradesh",250897,Betma,"Town Panchayat",455111
23,"Madhya Pradesh",250704,Bhander,"Town Panchayat",475335
23,"Madhya Pradesh",250827,Bhanpura,"Town Panchayat",455001
23,"Madhya Pradesh",250865,Bhaurasa,"Town Panchayat",455111
23,"Madhya Pradesh",250880,Bhavra,"Town Panchayat",457882
23,"Madhya Pradesh",250684,Bhind,Municipality,477001
23,"Madhya Pradesh",250946,Bhopal,"Municipal Corporations",462023
23,"Madhya Pradesh",250946,Bhopal,"Municipal Corporations",462031
23,"Madhya Pradesh",250946,Bhopal,"Municipal Corporations",462020
23,"Madhya Pradesh",250946,Bhopal,"Municipal Corporations",462016
23,"Madhya Pradesh",250946,Bhopal,"Municipal Corporations",462039
23,"Madhya Pradesh",250946,Bhopal,"Municipal Corporations",462041
23,"Madhya Pradesh",250946,Bhopal,"Municipal Corporations",462001
23,"Madhya Pradesh",250946,Bhopal,"Municipal Corporations",462066
23,"Madhya Pradesh",253171,"Bhuwa Bichhia","Town Panchayat",481995
23,"Madhya Pradesh",250934,Biaora,Municipality,465674
23,"Madhya Pradesh",298931,Bistan,"Town Panchayat",451441
23,"Madhya Pradesh",250952,Budni,"Town Panchayat",466445
23,"Madhya Pradesh",262992,Chhapiheda,"Town Panchayat",465689
23,"Madhya Pradesh",250777,Chitrakoot,"Town Panchayat",485334
23,"Madhya Pradesh",290394,Dahi,"Town Panchayat",454001
23,"Madhya Pradesh",290390,Dindori,"Town Panchayat",481880
23,"Madhya Pradesh",251022,"Dongar Parasia",Municipality,480001
23,"Madhya Pradesh",250688,Gohad,Municipality,477116
23,"Madhya Pradesh",250714,Guna,Municipality,473001
23,"Madhya Pradesh",250694,Gwalior,"Municipal Corporations",474007
23,"Madhya Pradesh",250794,Hanumana,"Town Panchayat",486335
23,"Madhya Pradesh",250737,Harpalpur,"Town Panchayat",471111
23,"Madhya Pradesh",251007,Harrai,"Town Panchayat",480224
23,"Madhya Pradesh",250920,Harsud,"Town Panchayat",450116
23,"Madhya Pradesh",250872,Hatpipalya,"Town Panchayat",455001
23,"Madhya Pradesh",250771,Hatta,Municipality,470775
23,"Madhya Pradesh",250901,Indore,"Municipal Corporations",452007
23,"Madhya Pradesh",250901,Indore,"Municipal Corporations",452014
23,"Madhya Pradesh",250901,Indore,"Municipal Corporations",452015
23,"Madhya Pradesh",250901,Indore,"Municipal Corporations",452010
23,"Madhya Pradesh",250901,Indore,"Municipal Corporations",452011
23,"Madhya Pradesh",250901,Indore,"Municipal Corporations",452002
23,"Madhya Pradesh",250712,Isagarh,"Town Panchayat",473335
23,"Madhya Pradesh",253196,Jaithari,"Town Panchayat",484330
23,"Madhya Pradesh",250780,Jaitwara,"Town Panchayat",485221
23,"Madhya Pradesh",250948,Jawar,"Town Panchayat",450991
23,"Madhya Pradesh",250680,Kailaras,"Town Panchayat",476224
23,"Madhya Pradesh",250752,Kakarhati,"Town Panchayat",488050
23,"Madhya Pradesh",250868,Kannod,"Town Panchayat",455001
23,"Madhya Pradesh",290256,Kari,"Town Panchayat",472001
23,"Madhya Pradesh",250845,Khacharod,Municipality,456224
23,"Madhya Pradesh",250743,Khajuraho,"Town Panchayat",471606
23,"Madhya Pradesh",250875,Khategaon,"Town Panchayat",455001
23,"Madhya Pradesh",250784,Kotar,"Town Panchayat",485227
23,"Madhya Pradesh",250779,Kothi,"Town Panchayat",485666
23,"Madhya Pradesh",253162,Lanji,"Town Panchayat",481222
23,"Madhya Pradesh",250909,Maheshwar,"Town Panchayat",451224
23,"Madhya Pradesh",250828,Malhargarh,"Town Panchayat",458339
23,"Madhya Pradesh",297116,Malthone,"Town Panchayat",470441
23,"Madhya Pradesh",250982,"Manjholi Jabalpur","Town Panchayat",483336
23,"Madhya Pradesh",290392,Mehgaon,"Town Panchayat",477557
23,"Madhya Pradesh",250690,Mihona,"Town Panchayat",477441
23,"Madhya Pradesh",251028,Mohgaon,"Town Panchayat",481663
23,"Madhya Pradesh",250834,Nagri,"Town Panchayat",458669
23,"Madhya Pradesh",250829,Narayangarh,"Town Panchayat",458553
23,"Madhya Pradesh",250937,Narsinghgarh,Municipality,465669
23,"Madhya Pradesh",250706,Narwar,"Town Panchayat",473880
23,"Madhya Pradesh",250951,Nasrullaganj,"Town Panchayat",466331
23,"Madhya Pradesh",290382,Niwari,"Town Panchayat",472442
23,"Madhya Pradesh",250803,"Nowrozabad - Khodargama","Town Panchayat",484555
23,"Madhya Pradesh",290343,Palera,"Town Panchayat",472221
23,"Madhya Pradesh",250987,Panagar,Municipality,483220
23,"Madhya Pradesh",251030,Pandhurna,Municipality,480334
23,"Madhya Pradesh",250754,Pawai,"Town Panchayat",488446
23,"Madhya Pradesh",250877,Petlawad,"Town Panchayat",457773
23,"Madhya Pradesh",250683,Phuphkalan,"Town Panchayat",477555
23,"Madhya Pradesh",290272,Pipalrawan,"Town Panchayat",455118
23,"Madhya Pradesh",250931,Rajgarh,"Town Panchayat",465661
23,"Madhya Pradesh",250916,Rajpur,"Town Panchayat",451447
23,"Madhya Pradesh",250953,Rehti,"Town Panchayat",466446
23,"Madhya Pradesh",250682,Sabalgarh,Municipality,476229
23,"Madhya Pradesh",250764,Sagar,"Municipal Corporations",470001
23,"Madhya Pradesh",250954,Sanchi,"Town Panchayat",464661
23,"Madhya Pradesh",250871,Satwas,"Town Panchayat",455001
23,"Madhya Pradesh",250947,Sehore,Municipality,466001
23,"Madhya Pradesh",250791,Semaria,"Town Panchayat",486445
23,"Madhya Pradesh",251003,Shahpura,"Town Panchayat",483119
23,"Madhya Pradesh",250832,Shamgarh,"Town Panchayat",458883
23,"Madhya Pradesh",250673,Sheopur,Municipality,476337
23,"Madhya Pradesh",253125,Silwani,"Town Panchayat",464886
23,"Madhya Pradesh",250790,Sirmaur,"Town Panchayat",486448
23,"Madhya Pradesh",250866,Sonkatch,"Town Panchayat",455118
23,"Madhya Pradesh",293818,Taricharkala,"Town Panchayat",472445
23,"Madhya Pradesh",250851,Ujjain,"Municipal Corporations",456001
23,"Madhya Pradesh",251037,Waraseoni,Municipality,481331
19,"West Bengal",250246,Bally,Municipality,711204
19,"West Bengal",250246,Bally,Municipality,711227
19,"West Bengal",250246,Bally,Municipality,711202
19,"West Bengal",250209,Bankura,Municipality,722101
19,"West Bengal",250135,Barasat,Municipality,700124
19,"West Bengal",250001,Beldanga,Municipality,742133
19,"West Bengal",250125,Bhatpara,Municipality,743126
19,"West Bengal",250125,Bhatpara,Municipality,743124
19,"West Bengal",250125,Bhatpara,Municipality,743128
19,"West Bengal",250145,Bidhannagar,"Municipal Corporations",700048
19,"West Bengal",250145,Bidhannagar,"Municipal Corporations",700059
19,"West Bengal",250145,Bidhannagar,"Municipal Corporations",700097
19,"West Bengal",250145,Bidhannagar,"Municipal Corporations",700106
19,"West Bengal",250145,Bidhannagar,"Municipal Corporations",700157
19,"West Bengal",250100,Birnagar,Municipality,741127
19,"West Bengal",250172,Chandannagar,"Municipal Corporations",712138
19,"West Bengal",249975,"Cooch Behar",Municipality,736101
19,"West Bengal",250036,Dainhat,Municipality,713502
19,"West Bengal",250127,Habra,Municipality,743271
19,"West Bengal",273006,Haringhata,Municipality,741246
19,"West Bengal",250247,Howrah,"Municipal Corporations",711112
19,"West Bengal",250247,Howrah,"Municipal Corporations",711113
19,"West Bengal",250247,Howrah,"Municipal Corporations",711111
19,"West Bengal",250247,Howrah,"Municipal Corporations",711108
19,"West Bengal",249996,Jangipur,Municipality,742213
19,"West Bengal",250306,"Jaynagar Mazilpur",Municipality,743337
19,"West Bengal",250231,Jhargram,Municipality,721507
19,"West Bengal",250040,Kalna,Municipality,713409
19,"West Bengal",250137,Khardah,Municipality,700119
19,"West Bengal",250137,Khardah,Municipality,700112
19,"West Bengal",250299,Kolkata,"Municipal Corporations",700009
19,"West Bengal",250299,Kolkata,"Municipal Corporations",700006
19,"West Bengal",250299,Kolkata,"Municipal Corporations",700050
19,"West Bengal",250299,Kolkata,"Municipal Corporations",700052
19,"West Bengal",250299,Kolkata,"Municipal Corporations",700054
19,"West Bengal",250299,Kolkata,"Municipal Corporations",700004
19,"West Bengal",250039,Memari,Municipality,713146
19,"West Bengal",250124,Naihati,Municipality,743166
19,"West Bengal",250302,Pujali,Municipality,700138
19,"West Bengal",250024,Rampurhat,Municipality,731224
19,"West Bengal",250176,Serampore,Municipality,712203
19,"West Bengal",249957,Siliguri,"Municipal Corporations",734002
19,"West Bengal",250144,"South Dum Dum",Municipality,700077
19,"West Bengal",250133,Titagarh,Municipality,700119
19,"West Bengal",250248,Uluberia,Municipality,711316
19,"West Bengal",250248,Uluberia,Municipality,711305
20,Jharkhand,250352,Basukinath,"Town Panchayat",814112
20,Jharkhand,250352,Basukinath,"Town Panchayat",814118
20,Jharkhand,253231,Bishrampur,Municipality,822132
20,Jharkhand,250445,Chakulia,"Town Panchayat",832301
20,Jharkhand,250378,Dhanbad,"Municipal Corporations",828135
20,Jharkhand,250378,Dhanbad,"Municipal Corporations",828122
20,Jharkhand,250378,Dhanbad,"Municipal Corporations",828123
20,Jharkhand,250378,Dhanbad,"Municipal Corporations",826004
20,Jharkhand,250378,Dhanbad,"Municipal Corporations",826005
20,Jharkhand,250378,Dhanbad,"Municipal Corporations",828112
20,Jharkhand,277138,Dhanwar,"Town Panchayat",825412
20,Jharkhand,248057,Gumla,Municipality,814101
20,Jharkhand,248134,Jamtara,"Town Panchayat",814112
20,Jharkhand,250435,Jugsalai,Municipality,831002
20,Jharkhand,276352,Kapali,Municipality,814101
20,Jharkhand,248131,Kodarma,"Town Panchayat",825410
20,Jharkhand,248050,Madhupur,Municipality,814101
20,Jharkhand,248133,Pakur,Municipality,814101
20,Jharkhand,248136,Phusro,Municipality,814101
21,Odisha,248140,Anugul,Municipality,759122
21,Odisha,250529,Asika,"Notified Area Council",761110
21,Odisha,250576,Balimela,"Notified Area Council",764051
21,Odisha,250517,Balugaon,"Notified Area Council",752030
21,Odisha,250447,Barapali,"Notified Area Council",768029
21,Odisha,250448,Bargarh,Municipality,768028
21,Odisha,248059,Bhuban,"Notified Area Council",759017
21,Odisha,250520,Bhubaneswar,"Municipal Corporations",751002
21,Odisha,250520,Bhubaneswar,"Municipal Corporations",751004
21,Odisha,250520,Bhubaneswar,"Municipal Corporations",751007
21,Odisha,250520,Bhubaneswar,"Municipal Corporations",751009
21,Odisha,250520,Bhubaneswar,"Municipal Corporations",751010
21,Odisha,250520,Bhubaneswar,"Municipal Corporations",751011
21,Odisha,250520,Bhubaneswar,"Municipal Corporations",751020
21,Odisha,250520,Bhubaneswar,"Municipal Corporations",751028
21,Odisha,250520,Bhubaneswar,"Municipal Corporations",751029
21,Odisha,250520,Bhubaneswar,"Municipal Corporations",751031
21,Odisha,250520,Bhubaneswar,"Municipal Corporations",751032
21,Odisha,250551,Binika,"Notified Area Council",767019
21,Odisha,250525,Buguda,"Notified Area Council",761118
21,Odisha,250541,Digapahandi,"Notified Area Council",761012
21,Odisha,263336,Jagatsinghpur,Municipality,754103
21,Odisha,250482,Jaleswar,Municipality,756032
21,Odisha,250574,Jeypur,Municipality,764001
21,Odisha,250452,Jharsuguda,Municipality,768201
21,Odisha,250560,Junagarh,"Notified Area Council",766014
21,Odisha,248058,Kamakhyanagar,"Notified Area Council",759018
21,Odisha,250491,Kendrapara,Municipality,754214
21,Odisha,250571,Koraput,Municipality,764020
21,Odisha,250570,Kotpad,"Notified Area Council",764058
21,Odisha,263345,Malkangiri,Municipality,764045
21,Odisha,250446,Padmapur,"Notified Area Council",768036
21,Odisha,250490,Pattamundai,Municipality,754215
21,Odisha,250546,Phulabani,Municipality,762001
21,Odisha,250536,Rambha,"Notified Area Council",761028
21,Odisha,250467,Raurkela,"Municipal Corporations",769011
21,Odisha,250467,Raurkela,"Municipal Corporations",769005
21,Odisha,253100,Sambalpur,"Municipal Corporations",768017
21,Odisha,253100,Sambalpur,"Municipal Corporations",768001
21,Odisha,250573,Sunabeda,Municipality,763002
10,Bihar,249632,Amarpur,"Town Panchayat",813101
10,Bihar,249587,Araria,Municipality,854311
10,Bihar,249659,Arrah,"Municipal Corporations",802301
10,Bihar,301283,Baheri,"Town Panchayat",847105
10,Bihar,299212,Balrampur,"Town Panchayat",855102
10,Bihar,300558,Bangaon,"Town Panchayat",852112
10,Bihar,277133,Banmankhi,Municipality,854202
10,Bihar,249630,Bhagalpur,"Municipal Corporations",812001
10,Bihar,299170,Bharwara,"Town Panchayat",847104
10,Bihar,249642,Biharsharif,"Municipal Corporations",803118
10,Bihar,276643,Bihat,Municipality,851135
10,Bihar,276644,Bikarm,"Town Panchayat",801104
10,Bihar,260469,Bisahi,Municipality,843317
10,Bihar,300545,Brahmpur,"Town Panchayat",802112
10,Bihar,249600,Darbhanga,"Municipal Corporations",846008
10,Bihar,249567,Dhaka,Municipality,845418
10,Bihar,249614,Dighwara,"Town Panchayat",841207
10,Bihar,299306,Dinara,"Town Panchayat",802213
10,Bihar,299301,Ekangarsarai,"Town Panchayat",801301
10,Bihar,265438,"Ekma Bazar","Town Panchayat",841208
10,Bihar,299146,Garhani,"Town Panchayat",802203
10,Bihar,249680,Gaya,"Municipal Corporations",823001
10,Bihar,301285,GHANSHYAMPUR,"Town Panchayat",847105
10,Bihar,249581,Ghoghardiha,"Town Panchayat",847402
10,Bihar,299171,"Haweli Kharagpur",Municipality,811213
10,Bihar,249686,Hisua,Municipality,805103
10,Bihar,299132,Hussainganj,"Town Panchayat",841226
10,Bihar,249577,"Janakpur Road",Municipality,843320
10,Bihar,299273,Jandaha,"Town Panchayat",844505
10,Bihar,299233,Kasba,Municipality,854330
10,Bihar,249595,Katihar,"Municipal Corporations",854107
10,Bihar,249595,Katihar,"Municipal Corporations",854109
10,Bihar,249595,Katihar,"Municipal Corporations",854103
10,Bihar,249590,Kishanganj,Municipality,855107
10,Bihar,300560,Kopa,"Town Panchayat",841213
10,Bihar,299230,Kurhani,"Town Panchayat",843119
10,Bihar,249597,Madhepura,Municipality,852113
10,Bihar,249609,Maharajganj,"Town Panchayat",841226
10,Bihar,277125,Mahua,Municipality,844122
10,Bihar,249647,Maner,Municipality,801108
10,Bihar,249605,Mirganj,Municipality,841226
10,Bihar,300552,Muraul,"Town Panchayat",843105
10,Bihar,249684,Nawada,Municipality,805112
10,Bihar,299215,Parbatta,"Town Panchayat",851216
10,Bihar,265437,"Parsa Bazar","Town Panchayat",804453
10,Bihar,249650,Patna,"Municipal Corporations",800005
10,Bihar,249650,Patna,"Municipal Corporations",800007
10,Bihar,249650,Patna,"Municipal Corporations",800008
10,Bihar,249650,Patna,"Municipal Corporations",800010
10,Bihar,249650,Patna,"Municipal Corporations",800015
10,Bihar,249650,Patna,"Municipal Corporations",800017
10,Bihar,249650,Patna,"Municipal Corporations",800019
10,Bihar,300553,Pawapuri,"Town Panchayat",803115
10,Bihar,299284,Phulparas,"Town Panchayat",847409
10,Bihar,299196,Punpun,"Town Panchayat",804452
10,Bihar,299196,Punpun,"Town Panchayat",804453
10,Bihar,299149,Pupri,Municipality,843320
10,Bihar,299316,Rajgir,Municipality,803116
10,Bihar,249622,Rosera,Municipality,848210
10,Bihar,249599,Saharsa,"Municipal Corporations",852201
10,Bihar,253219,Sahebganj,Municipality,843125
10,Bihar,299297,Sarmera,"Town Panchayat",811104
10,Bihar,299198,Sikandra,"Town Panchayat",811315
10,Bihar,299164,"Simri Bakhtiarpur",Municipality,852127
10,Bihar,299225,Singheshwar,"Town Panchayat",852128
10,Bihar,299161,Sonbarsa,"Town Panchayat",843330
10,Bihar,249584,Supaul,Municipality,852131
10,Bihar,290059,Sursand,"Town Panchayat",843331
11,Sikkim,249689,"Mangan Nagar Panchayat","Town Panchayat",737116
15,Mizoram,277318,"Aizawl Municipal Co-Operation","Municipal Corporations",796004
15,Mizoram,249781,Hnahthial,"Notified Area Council",796571
15,Mizoram,249772,Khawzawl,"Notified Area Council",796310
15,Mizoram,249767,N.Kawnpui,"Notified Area Council",796070
16,Tripura,249785,"Agartala Municipal Corporation","Municipal Corporations",799006
16,Tripura,249802,"Ambassa Municipal Council",Municipality,799289
16,Tripura,249798,"Belonia Municipal Council",Municipality,799155
16,Tripura,249803,"Dharmanagar Municipal Council",Municipality,799253
16,Tripura,249789,Gandhigram,"Town Panchayat",799012
16,Tripura,249800,"Kamalpur Nagar Panchayat","Town Panchayat",799285
16,Tripura,249799,"Sabroom Nagar Panchayat","Town Panchayat",799145
16,Tripura,249796,"Udaipur Municipal Council",Municipality,799120
17,Meghalaya,249810,Nongstoin,"Town Panchayat",793119
17,Meghalaya,249814,Shillong,Municipality,793001
17,Meghalaya,249808,Williamnagar,Municipality,794111
18,Assam,249838,Abhayapuri,"Town Panchayat",783384
18,Assam,300488,"Bilasipara Tc","Town Panchayat",783348
18,Assam,249918,Dergaon,Municipality,785614
18,Assam,249883,Dhemaji,"Town Panchayat",787057
18,Assam,249896,Dibrugarh,Municipality,786001
18,Assam,249925,Diphu,"Town Panchayat",782460
18,Assam,249928,Dokmoka,"Town Panchayat",782441
18,Assam,249886,"Doom Dooma","Town Panchayat",786151
18,Assam,249821,Gossaigaon,"Town Panchayat",783360
18,Assam,249844,Howli,"Town Panchayat",781316
18,Assam,300492,"Lakhipur Tc","Town Panchayat",788103
18,Assam,249932,Maibong,"Town Panchayat",788831
18,Assam,249887,Makum,"Town Panchayat",786170
18,Assam,249860,Mangaldoi,Municipality,784125
18,Assam,249904,Namrup,"Town Panchayat",786623
18,Assam,249855,"North Guwahati","Town Panchayat",781030
18,Assam,249851,Palasbari,Municipality,781128
18,Assam,299969,"Phuloni Centre Town Committee","Town Panchayat",782441
18,Assam,299971,"Samelangso Town Committee","Town Panchayat",782441
18,Assam,249921,Sarupathar,"Town Panchayat",785601
18,Assam,249884,Silapathar,"Town Panchayat",787059
18,Assam,249933,Silchar,Municipality,788001
18,Assam,289552,Sonai,Municipality,788119
18,Assam,249908,Sonari,Municipality,785690
18,Assam,249877,Tezpur,Municipality,784001
18,Assam,249929,Umrangso,"Town Panchayat",788931
24,Gujarat,253147,Babra,Municipality,387335
24,Gujarat,253147,Babra,Municipality,365421
24,Gujarat,251158,Bagasara,Municipality,365440
24,Gujarat,251184,Balasinor,Municipality,388255
24,Gujarat,251243,Bardoli,Municipality,394601
24,Gujarat,253241,Barwala,Municipality,382450
24,Gujarat,251045,Bhachau,Municipality,370140
24,Gujarat,251165,Bhavnagar,"Municipal Corporations",364001
24,Gujarat,253137,Chotila,Municipality,363520
24,Gujarat,251213,Dabhoi,Municipality,391110
24,Gujarat,251199,Dahod,Municipality,389151
24,Gujarat,251053,Dhanera,Municipality,385310
24,Gujarat,251134,Dhrol,Municipality,361210
24,Gujarat,251074,Himatnagar,Municipality,383001
24,Gujarat,251063,Kheralu,Municipality,384325
24,Gujarat,251170,Mahuva,Municipality,364290
24,Gujarat,277169,"Mandvi Kachchh",Municipality,387130
24,Gujarat,251082,Mansa,Municipality,382845
24,Gujarat,251118,Morbi,"Municipal Corporations",363643
24,Gujarat,251178,Petlad,Municipality,388450
24,Gujarat,251120,Rajkot,"Municipal Corporations",360005
24,Gujarat,251130,Salaya,Municipality,361310
24,Gujarat,251231,Surat,"Municipal Corporations",395011
24,Gujarat,251231,Surat,"Municipal Corporations",395010
24,Gujarat,251076,Talod,Municipality,383215
24,Gujarat,251116,Thangadh,Municipality,363530
24,Gujarat,253164,Thara,Municipality,385550
24,Gujarat,253224,Thasra,Municipality,388250
24,Gujarat,251269,Ummargam,Municipality,396170
24,Gujarat,251124,Upleta,Municipality,360490
24,Gujarat,251209,Vadodara,"Municipal Corporations",390021
24,Gujarat,251209,Vadodara,"Municipal Corporations",390025
24,Gujarat,251209,Vadodara,"Municipal Corporations",390018
24,Gujarat,251209,Vadodara,"Municipal Corporations",390017
24,Gujarat,251209,Vadodara,"Municipal Corporations",390011
24,Gujarat,251152,Veraval,Municipality,362565
12,"Arunachal Pradesh",249706,Basar,"Town Panchayat",791101
12,"Arunachal Pradesh",249699,Bomdila,"Town Panchayat",790114
12,"Arunachal Pradesh",249713,Deomali,"Town Panchayat",792129
12,"Arunachal Pradesh",299584,Doimukh,"Town Panchayat",791112
12,"Arunachal Pradesh",249712,Jairampur,"Town Panchayat",792121
12,"Arunachal Pradesh",299589,Kalaktang,"Town Panchayat",790002
12,"Arunachal Pradesh",249714,Khonsa,"Town Panchayat",792130
12,"Arunachal Pradesh",249707,Pasighat,"Town Panchayat",791102
12,"Arunachal Pradesh",249708,Roing,"Town Panchayat",792110
12,"Arunachal Pradesh",249703,Ziro,"Town Panchayat",791119
13,Nagaland,299085,"Aghunato Town Council","Town Panchayat",798620
13,Nagaland,249722,"Kohima Municipal Council",Municipality,797001
13,Nagaland,253201,"Longleng Town Council","Town Panchayat",798625
13,Nagaland,253213,"Medziphema Town Council","Town Panchayat",797106
13,Nagaland,276222,"Meluri Town Council","Town Panchayat",797114
13,Nagaland,299083,"Niuland Town Council","Town Panchayat",797112
13,Nagaland,299087,"Satakha Town Council","Town Panchayat",798620
13,Nagaland,276227,"Tizit Town Council","Town Panchayat",798602
13,Nagaland,249718,"Zunheboto Town Council","Town Panchayat",798620
14,Manipur,276503,Jiribam,Municipality,795116
14,Manipur,276505,Kumbi,Municipality,795133
14,Manipur,276545,Lamsang,Municipality,795146
14,Manipur,276498,Thoubal,Municipality,795138
14,Manipur,276511,"Wangjing Lamding",Municipality,795148
2,"Himachal Pradesh",297012,Anni,"Town Panchayat",172026
24,Gujarat,251187,Nadiad,Municipality,387001
8,Rajasthan,299765,Mandawar,"Town Panchayat",301407
29,Karnataka,251995,Hosakote,"City Municipal Council",562114
8,Rajasthan,293844,"Greater Jaipur","Municipal Corporations",302029
8,Rajasthan,293844,"Greater Jaipur","Municipal Corporations",302004
8,Rajasthan,293844,"Greater Jaipur","Municipal Corporations",302012
8,Rajasthan,293844,"Greater Jaipur","Municipal Corporations",302018
8,Rajasthan,293844,"Greater Jaipur","Municipal Corporations",302031
8,Rajasthan,293844,"Greater Jaipur","Municipal Corporations",302034
8,Rajasthan,248736,"Jaipur Heritage","Municipal Corporations",302004
8,Rajasthan,248736,"Jaipur Heritage","Municipal Corporations",302002
8,Rajasthan,293843,Jodhpur-North,"Municipal Corporations",342027
8,Rajasthan,248760,Jodhpur-South,"Municipal Corporations",342016
8,Rajasthan,293842,Kota-North,"Municipal Corporations",324009
24,Gujarat,302675,GANDHIDHAM,Municipality,370201
24,Gujarat,301666,"KV 33 of 2024 UDUHD-CMO-e-file-18-2023-1647-M",Municipality,391760
24,Gujarat,301667,"KV 51 of 2024 UDUHD-MISC-MPMLA-18-2024-1370-M",Municipality,363641
8,Rajasthan,301910,"Kuri Bhagtasani",Municipality,342005
8,Rajasthan,301462,Ponkh,"Town Panchayat",328024
24,Gujarat,251176,Karamsad,Municipality,388325
8,Rajasthan,299939,Gudhagorji,"Town Panchayat",333022
8,Rajasthan,248847,Kaithoon,"Town Panchayat",328024
8,Rajasthan,248847,Kaithoon,"Town Panchayat",313325
8,Rajasthan,301458,Mubarikpur,"Town Panchayat",313325
8,Rajasthan,301458,Mubarikpur,"Town Panchayat",328024
8,Rajasthan,301900,Tinwari,Municipality,342306
8,Rajasthan,301900,Tinwari,Municipality,305921
10,Bihar,299130,Raghopur,"Town Panchayat",853202
36,Telangana,290087,Nizampet,"Municipal Corporations",500090
9,"Uttar Pradesh",249062,Agra,"Municipal Corporations",282003
9,"Uttar Pradesh",249062,Agra,"Municipal Corporations",282008
9,"Uttar Pradesh",249062,Agra,"Municipal Corporations",282010
9,"Uttar Pradesh",249175,Allahganj,"Town Panchayat",242220
9,"Uttar Pradesh",249145,Aonla,Municipality,243301
9,"Uttar Pradesh",249004,Aurangabad,"Town Panchayat",207243
9,"Uttar Pradesh",249477,Azamgarh,Municipality,276001
9,"Uttar Pradesh",263358,Badlapur,"Town Panchayat",222125
9,"Uttar Pradesh",297053,"Baghnagar Urf Bakhira","Town Panchayat",272199
9,"Uttar Pradesh",248973,Baghpat,Municipality,250609
9,"Uttar Pradesh",249074,Bah,Municipality,283104
9,"Uttar Pradesh",249513,Bahadurganj,"Town Panchayat",275201
9,"Uttar Pradesh",248959,Bahsuma,"Town Panchayat",250404
9,"Uttar Pradesh",249334,Banda,Municipality,210001
9,"Uttar Pradesh",297057,Banda,"Town Panchayat",242042
9,"Uttar Pradesh",249498,Bansdih,"Town Panchayat",277202
9,"Uttar Pradesh",297048,Banthra,"Town Panchayat",242307
9,"Uttar Pradesh",249450,Barhalganj,"Town Panchayat",273402
9,"Uttar Pradesh",249430,Basti,Municipality,272001
9,"Uttar Pradesh",249109,Bewar,"Town Panchayat",205301
9,"Uttar Pradesh",249109,Bewar,"Town Panchayat",210501
9,"Uttar Pradesh",249229,"Bhagwant Nagar","Town Panchayat",209864
9,"Uttar Pradesh",249361,Bharwari(Kaushambi),Municipality,212201
9,"Uttar Pradesh",249007,"Bhawan Bahadur Nagar","Town Panchayat",203402
9,"Uttar Pradesh",297025,Bhinga,Municipality,271831
9,"Uttar Pradesh",248931,Bilari,Municipality,244411
9,"Uttar Pradesh",248997,Bilaspur,"Town Panchayat",244921
9,"Uttar Pradesh",297050,Biskohar,"Town Panchayat",272192
9,"Uttar Pradesh",297062,Brijmanganj,"Town Panchayat",273157
9,"Uttar Pradesh",249520,Chandauli,"Town Panchayat",232104
9,"Uttar Pradesh",248924,Chandpur,Municipality,246725
9,"Uttar Pradesh",249330,Charkhari,Municipality,210421
9,"Uttar Pradesh",248894,Charthaval,"Town Panchayat",251311
9,"Uttar Pradesh",299009,Charwa,"Town Panchayat",212203
9,"Uttar Pradesh",249549,Chopan,"Town Panchayat",231205
9,"Uttar Pradesh",249421,Colonelganj,Municipality,271502
9,"Uttar Pradesh",248996,Dadri,Municipality,203207
9,"Uttar Pradesh",248998,Dankaur,"Town Panchayat",203201
9,"Uttar Pradesh",248989,Dasna,"Town Panchayat",201015
9,"Uttar Pradesh",248956,Daurala,"Town Panchayat",250221
9,"Uttar Pradesh",249460,Deoria,Municipality,274001
9,"Uttar Pradesh",300772,Derva(Pratapgarh),"Town Panchayat",230129
9,"Uttar Pradesh",299013,"Dhakwa (Pratapgarh)","Town Panchayat",230121
9,"Uttar Pradesh",249185,Dhaurahara,"Town Panchayat",262723
9,"Uttar Pradesh",249147,"Dhaura Tanda","Town Panchayat",243202
9,"Uttar Pradesh",249272,Dibiyapur,"Town Panchayat",206244
9,"Uttar Pradesh",249515,"Dildarnagar Fatehpur Bazar","Town Panchayat",232326
9,"Uttar Pradesh",248971,Doghat,"Town Panchayat",250622
9,"Uttar Pradesh",248145,Domariyaganj,"Town Panchayat",272189
9,"Uttar Pradesh",249551,Dudhi,"Town Panchayat",231208
9,"Uttar Pradesh",249304,Erich,"Town Panchayat",284302
9,"Uttar Pradesh",249059,Etmadpur,Municipality,283202
9,"Uttar Pradesh",249058,Farah,"Town Panchayat",281122
9,"Uttar Pradesh",249080,Fariha,"Town Panchayat",283207
9,"Uttar Pradesh",249072,Fatehabad,"Town Panchayat",283111
9,"Uttar Pradesh",249142,"Fatehganj Pashchimi","Town Panchayat",243501
9,"Uttar Pradesh",249376,Fatehpur(Barabanki),"Town Panchayat",225305
9,"Uttar Pradesh",300512,Gaisari,"Town Panchayat",271210
9,"Uttar Pradesh",249462,"Gaura Barhaj",Municipality,274601
9,"Uttar Pradesh",249449,"Gola Bazar","Town Panchayat",273408
9,"Uttar Pradesh",249305,Gursarai,Municipality,284202
9,"Uttar Pradesh",249536,Gyanpur,"Town Panchayat",221304
9,"Uttar Pradesh",249322,Hamirpur,Municipality,210301
9,"Uttar Pradesh",249024,Harduaganj,"Town Panchayat",202125
9,"Uttar Pradesh",249190,Hargaon,"Town Panchayat",261121
9,"Uttar Pradesh",249037,Hathras,Municipality,204101
9,"Uttar Pradesh",249413,Ikauna,"Town Panchayat",271845
9,"Uttar Pradesh",249232,Itaunja,"Town Panchayat",226203
9,"Uttar Pradesh",301253,Jahanaganj,"Town Panchayat",209739
9,"Uttar Pradesh",249101,Jalesar,Municipality,207302
9,"Uttar Pradesh",249019,Jatari,"Town Panchayat",202137
9,"Uttar Pradesh",249002,Jewar,"Town Panchayat",203135
9,"Uttar Pradesh",249471,Jiyanpur,"Town Panchayat",276140
9,"Uttar Pradesh",248951,Joya,"Town Panchayat",244222
9,"Uttar Pradesh",249332,Kabrai,"Town Panchayat",210424
9,"Uttar Pradesh",248885,Kairana,Municipality,247774
9,"Uttar Pradesh",249295,Kalpi,Municipality,285204
9,"Uttar Pradesh",300776,"Katra Gulab Singh","Town Panchayat",230402
9,"Uttar Pradesh",249348,Khaga,"Town Panchayat",212655
9,"Uttar Pradesh",249070,Khairragarh,"Town Panchayat",283121
9,"Uttar Pradesh",300839,Khakhareru,"Town Panchayat",212656
9,"Uttar Pradesh",248899,Khatauli,Municipality,251201
9,"Uttar Pradesh",249349,Kishunpur,"Town Panchayat",212658
9,"Uttar Pradesh",249375,Koraon,"Town Panchayat",212306
9,"Uttar Pradesh",249351,Kunda,"Town Panchayat",230204
9,"Uttar Pradesh",249127,Kunwargaon,"Town Panchayat",243601
9,"Uttar Pradesh",249216,"Kursath (Hardoi)","Town Panchayat",241126
9,"Uttar Pradesh",297024,Kushinagar,Municipality,274301
9,"Uttar Pradesh",249191,Laharpur,Municipality,261135
9,"Uttar Pradesh",249242,Lalganj,"Town Panchayat",229206
9,"Uttar Pradesh",297038,Lambhua,"Town Panchayat",222302
9,"Uttar Pradesh",248985,Loni,Municipality,201102
9,"Uttar Pradesh",249234,Lucknow,"Municipal Corporations",226023
9,"Uttar Pradesh",249234,Lucknow,"Municipal Corporations",226001
9,"Uttar Pradesh",300865,"Maa Kamakhya","Town Panchayat",224118
9,"Uttar Pradesh",249504,Machhlishahr,"Town Panchayat",222143
9,"Uttar Pradesh",300789,Madanpur,"Town Panchayat",274205
9,"Uttar Pradesh",249331,Mahoba,Municipality,210427
9,"Uttar Pradesh",249464,Majhauliraj,"Town Panchayat",274601
9,"Uttar Pradesh",297081,Makkhanpur,"Town Panchayat",283145
9,"Uttar Pradesh",249205,Mallawan,Municipality,241303
9,"Uttar Pradesh",300774,Mandhata(Pratapgarh),"Town Panchayat",230402
9,"Uttar Pradesh",249341,"Manikpur Sarhat (Chitrakoot)","Town Panchayat",210208
9,"Uttar Pradesh",249494,Maniyar,"Town Panchayat",277207
9,"Uttar Pradesh",248938,Maswasi,"Town Panchayat",244924
9,"Uttar Pradesh",249333,Mataundh,"Town Panchayat",210001
9,"Uttar Pradesh",299010,"Mau Mustkil","Town Panchayat",210209
9,"Uttar Pradesh",249488,"Maunath Bhanjan",Municipality,275101
9,"Uttar Pradesh",249308,Mauranipur,Municipality,284204
9,"Uttar Pradesh",248903,Meerapur,"Town Panchayat",251315
9,"Uttar Pradesh",248964,Meerut,"Municipal Corporations",250002
9,"Uttar Pradesh",249036,Mendu,"Town Panchayat",204217
9,"Uttar Pradesh",300930,Mihinpurwa,"Town Panchayat",271855
9,"Uttar Pradesh",249540,Mirzapur-Cum-Vindhyachal,Municipality,231001
9,"Uttar Pradesh",248981,Modinagar,Municipality,201204
9,"Uttar Pradesh",248929,Moradabad,"Municipal Corporations",244001
9,"Uttar Pradesh",249300,Nadigaon,"Town Panchayat",285206
9,"Uttar Pradesh",248876,Nakur,Municipality,247001
9,"Uttar Pradesh",249042,Nandgaon,"Town Panchayat",281403
9,"Uttar Pradesh",249340,Naraini,"Town Panchayat",210129
9,"Uttar Pradesh",297047,"Narpat Nagar Doondawala","Town Panchayat",244924
9,"Uttar Pradesh",249422,Nawabganj(Gonda),Municipality,271303
9,"Uttar Pradesh",249437,Nichlaul,"Town Panchayat",273304
9,"Uttar Pradesh",297085,Nighasan,"Town Panchayat",262903
9,"Uttar Pradesh",248978,Niwari,"Town Panchayat",201204
9,"Uttar Pradesh",249478,Nizamabad,"Town Panchayat",276206
9,"Uttar Pradesh",297046,"Pakadia Naugawa","Town Panchayat",262001
9,"Uttar Pradesh",249245,Parsadepur,"Town Panchayat",229129
9,"Uttar Pradesh",297040,Partawal,"Town Panchayat",273301
9,"Uttar Pradesh",300782,Pathardewa,"Town Panchayat",274404
9,"Uttar Pradesh",249356,Patti,"Town Panchayat",230135
9,"Uttar Pradesh",249271,Phaphund,"Town Panchayat",206247
9,"Uttar Pradesh",249198,Pihani,Municipality,241406
9,"Uttar Pradesh",249028,Pilkhana,"Town Panchayat",202121
9,"Uttar Pradesh",248990,Pilkhuwa,Municipality,245304
9,"Uttar Pradesh",297086,"Poorav Pashchim Shareera","Town Panchayat",212214
9,"Uttar Pradesh",249167,Powayan,Municipality,242401
9,"Uttar Pradesh",249369,Prayagraj,"Municipal Corporations",211001
9,"Uttar Pradesh",249369,Prayagraj,"Municipal Corporations",211016
9,"Uttar Pradesh",249369,Prayagraj,"Municipal Corporations",211002
9,"Uttar Pradesh",297087,Prithviganj,"Town Panchayat",230133
9,"Uttar Pradesh",249094,"Raja Ka Rampur","Town Panchayat",207244
9,"Uttar Pradesh",299012,"Ramganj (Pratapgarh)","Town Panchayat",230135
9,"Uttar Pradesh",249377,Ramnagar,"Town Panchayat",225205
9,"Uttar Pradesh",248943,Rampur,Municipality,244901
9,"Uttar Pradesh",249500,Reoti,"Town Panchayat",277209
9,"Uttar Pradesh",249409,"Risia Bazar","Town Panchayat",271875
9,"Uttar Pradesh",249547,Robertsganj,Municipality,231216
9,"Uttar Pradesh",248904,Sahanpur,"Town Panchayat",246749
9,"Uttar Pradesh",248873,Saharanpur,"Municipal Corporations",247001
9,"Uttar Pradesh",249087,Sahawar,"Town Panchayat",207245
9,"Uttar Pradesh",249443,Sahjanwa,"Town Panchayat",273209
9,"Uttar Pradesh",249153,Sainthal,"Town Panchayat",262407
9,"Uttar Pradesh",249129,Sakhanu,"Town Panchayat",243601
9,"Uttar Pradesh",249253,Samdhan,"Town Panchayat",209722
9,"Uttar Pradesh",249363,"Sarai Aquil","Town Panchayat",212216
9,"Uttar Pradesh",249032,Sasni,"Town Panchayat",204216
9,"Uttar Pradesh",249457,Sewarhi,"Town Panchayat",274406
9,"Uttar Pradesh",249255,"Sikanderpur (Kannauj)","Town Panchayat",209729
9,"Uttar Pradesh",248896,Sisauli,"Town Panchayat",251319
9,"Uttar Pradesh",249438,"Siswa Bazar",Municipality,273163
9,"Uttar Pradesh",253131,Subeha,"Town Panchayat",225125
9,"Uttar Pradesh",249317,Talbehat,"Town Panchayat",284126
9,"Uttar Pradesh",249396,"Tanda (Ambedkar Nagar)",Municipality,244925
9,"Uttar Pradesh",248970,Tikri,"Town Panchayat",250625
9,"Uttar Pradesh",249170,Tilhar,Municipality,242307
9,"Uttar Pradesh",249244,Unchahar,"Town Panchayat",229404
9,"Uttar Pradesh",249223,Unnao,Municipality,209801
9,"Uttar Pradesh",249134,Usehat,"Town Panchayat",243641
9,"Uttar Pradesh",249417,Utraula,Municipality,271604
9,"Uttar Pradesh",249531,Varanasi,"Municipal Corporations",221106
8,Rajasthan,299977,Ajeetgarh,"Town Panchayat",305921
8,Rajasthan,248788,Ajmer,"Municipal Corporations",305002
8,Rajasthan,248865,Aklera,"Town Panchayat",328027
8,Rajasthan,248699,Alwar,"Municipal Corporations",301001
8,Rajasthan,248857,Anta,"Town Panchayat",325202
8,Rajasthan,248656,Anupgarh,"Town Panchayat",335701
8,Rajasthan,248735,Bagru,"Town Panchayat",303007
8,Rajasthan,299784,"Balesar Satta","Town Panchayat",313325
8,Rajasthan,248765,Balotra,Municipality,305921
8,Rajasthan,248765,Balotra,Municipality,313203
8,Rajasthan,296936,Bamanwas,"Town Panchayat",328027
8,Rajasthan,248722,Bandikui,Municipality,303315
8,Rajasthan,301412,Bap,"Town Panchayat",334305
8,Rajasthan,248858,Baran,Municipality,325205
8,Rajasthan,248858,Baran,Municipality,305921
8,Rajasthan,299974,Bardod,"Town Panchayat",328024
8,Rajasthan,248712,Bari,"Town Panchayat",328021
8,Rajasthan,300347,"Baroda Meo","Town Panchayat",328024
8,Rajasthan,296931,Baseri,"Town Panchayat",328022
8,Rajasthan,296931,Baseri,"Town Panchayat",328027
8,Rajasthan,296931,Baseri,"Town Panchayat",328024
8,Rajasthan,299976,Basni,"Town Panchayat",328024
8,Rajasthan,296925,Bassi,"Town Panchayat",328027
8,Rajasthan,301411,Baswa,"Town Panchayat",328024
8,Rajasthan,301411,Baswa,"Town Panchayat",313325
8,Rajasthan,248711,Bayana,"Town Panchayat",328024
8,Rajasthan,248837,Begun,"Town Panchayat",313325
8,Rajasthan,248837,Begun,"Town Panchayat",328027
8,Rajasthan,248694,Behror,"Town Panchayat",313325
8,Rajasthan,301435,Bhandarej,"Town Panchayat",313325
8,Rajasthan,301436,Bhim,"Town Panchayat",328024
8,Rajasthan,301436,Bhim,"Town Panchayat",328027
8,Rajasthan,248768,Bhinmal,"Town Panchayat",328027
8,Rajasthan,248695,Bhiwadi,Municipality,305921
8,Rajasthan,296924,Bhopalgarh,"Town Panchayat",328027
8,Rajasthan,248678,Bidasar,Municipality,331501
8,Rajasthan,302998,Bigod,Municipality,311601
8,Rajasthan,248681,Bissau,"Town Panchayat",328027
8,Rajasthan,299825,Bonli,"Town Panchayat",313325
8,Rajasthan,299534,Borawar,"Town Panchayat",328027
8,Rajasthan,299534,Borawar,"Town Panchayat",341502
8,Rajasthan,299534,Borawar,"Town Panchayat",313325
8,Rajasthan,248737,Chaksu,"Town Panchayat",328027
8,Rajasthan,248679,Chhapar,"Town Panchayat",328024
8,Rajasthan,248842,"Chhoti Sadri","Town Panchayat",313325
8,Rajasthan,302181,Chohtan,Municipality,305921
8,Rajasthan,248673,Churu,Municipality,331001
8,Rajasthan,299941,Danta,"Town Panchayat",332703
8,Rajasthan,299941,Danta,"Town Panchayat",313325
8,Rajasthan,248725,Dausa,Municipality,313203
8,Rajasthan,248816,Deogarh,"Town Panchayat",328027
8,Rajasthan,248748,Didwana,"Town Panchayat",313325
8,Rajasthan,301914,Diggi,Municipality,313203
8,Rajasthan,301439,Dooni,"Town Panchayat",304802
8,Rajasthan,301439,Dooni,"Town Panchayat",313325
8,Rajasthan,248821,Fatehnagar,"Town Panchayat",313325
8,Rajasthan,248821,Fatehnagar,"Town Panchayat",313205
8,Rajasthan,248739,Fatehpur,"Town Panchayat",328024
8,Rajasthan,248811,Gangapur,"Town Panchayat",328027
8,Rajasthan,248718,"Gangapur City",Municipality,305921
8,Rajasthan,301442,Goluwala,"Town Panchayat",335805
8,Rajasthan,299536,Govindgarh,Municipality,303801
8,Rajasthan,299536,Govindgarh,Municipality,303803
8,Rajasthan,299536,Govindgarh,Municipality,303804
8,Rajasthan,302204,Gudhamalani,"Town Panchayat",305921
8,Rajasthan,302204,Gudhamalani,"Town Panchayat",313203
8,Rajasthan,302204,Gudhamalani,"Town Panchayat",328027
8,Rajasthan,299936,Hameergarh,"Town Panchayat",313325
8,Rajasthan,299936,Hameergarh,"Town Panchayat",328024
8,Rajasthan,248802,Indragarh,"Town Panchayat",323613
8,Rajasthan,263007,Itawa,"Town Panchayat",313325
8,Rajasthan,248813,Jahazpur,"Town Panchayat",311201
8,Rajasthan,248813,Jahazpur,"Town Panchayat",313325
8,Rajasthan,248763,Jaisalmer,Municipality,313203
8,Rajasthan,248767,Jalore,Municipality,305921
8,Rajasthan,301911,"Jamwa Ramgarh",Municipality,303109
8,Rajasthan,299764,Jayal,"Town Panchayat",328024
8,Rajasthan,299764,Jayal,"Town Panchayat",341023
8,Rajasthan,248862,Jhalawar,Municipality,305921
8,Rajasthan,248862,Jhalawar,Municipality,326001
8,Rajasthan,248683,Jhunjhunun,Municipality,333001
8,Rajasthan,248732,Jobner,"Town Panchayat",313325
8,Rajasthan,248703,Kaman,"Town Panchayat",321022
8,Rajasthan,248824,Kanor,"Town Panchayat",328027
8,Rajasthan,302921,Kanota,Municipality,303012
8,Rajasthan,248840,Kapasan,"Town Panchayat",312202
8,Rajasthan,248804,Kaprain,"Town Panchayat",328024
8,Rajasthan,248717,Karauli,Municipality,313203
8,Rajasthan,301415,Kathumar,Municipality,305921
8,Rajasthan,248805,Keshoraipatan,"Town Panchayat",323601
8,Rajasthan,248805,Keshoraipatan,"Town Panchayat",313325
8,Rajasthan,302262,Khandar,"Town Panchayat",313325
8,Rajasthan,302262,Khandar,"Town Panchayat",322025
8,Rajasthan,302856,Khanpur,Municipality,326038
8,Rajasthan,248702,Kherli,Municipality,321606
8,Rajasthan,248731,"Kishangarh Renwal","Town Panchayat",328024
8,Rajasthan,248731,"Kishangarh Renwal","Town Panchayat",313325
8,Rajasthan,303090,Kota,"Municipal Corporations",324009
8,Rajasthan,299535,Kotkasim,"Town Panchayat",301702
8,Rajasthan,248727,Kotputli,Municipality,303108
8,Rajasthan,248757,"Kuchaman City","Town Panchayat",328024
8,Rajasthan,248757,"Kuchaman City","Town Panchayat",328027
8,Rajasthan,248707,Kumher,"Town Panchayat",328024
8,Rajasthan,248836,Kushalgarh,"Town Panchayat",328024
8,Rajasthan,301406,Lawan,Municipality,303004
8,Rajasthan,296915,"Laxmangarh (Alwar)","Town Panchayat",313325
8,Rajasthan,296915,"Laxmangarh (Alwar)","Town Panchayat",328027
8,Rajasthan,248756,Makrana,Municipality,313203
8,Rajasthan,301407,Malakheda,Municipality,313203
8,Rajasthan,248682,Mandawa,"Town Panchayat",328027
8,Rajasthan,248682,Mandawa,"Town Panchayat",328024
8,Rajasthan,296926,Mandawari,"Town Panchayat",303504
8,Rajasthan,302222,Mandhan,Municipality,313203
8,Rajasthan,301413,Mandrayal,Municipality,305921
8,Rajasthan,302801,Mandrela,"Town Panchayat",328024
8,Rajasthan,300350,Manoharpur,"Town Panchayat",303104
8,Rajasthan,302858,Manoharthana,Municipality,326037
8,Rajasthan,302261,Masuda,"Town Panchayat",328027
8,Rajasthan,248753,"Merta City","Town Panchayat",341510
8,Rajasthan,248753,"Merta City","Town Panchayat",313325
8,Rajasthan,301906,Mertaroad,"Town Panchayat",313325
8,Rajasthan,301906,Mertaroad,"Town Panchayat",328027
8,Rajasthan,248751,Mundwa,"Town Panchayat",328027
8,Rajasthan,248751,Mundwa,"Town Panchayat",328024
8,Rajasthan,248751,Mundwa,"Town Panchayat",341026
8,Rajasthan,248706,Nadbai,Municipality,313325
8,Rajasthan,248704,Nagar,"Town Panchayat",328027
8,Rajasthan,248704,Nagar,"Town Panchayat",328024
8,Rajasthan,248704,Nagar,"Town Panchayat",321205
8,Rajasthan,248749,Nagaur,Municipality,313203
8,Rajasthan,302180,Napasar,Municipality,334201
8,Rajasthan,248820,Nathdwara,"Town Panchayat",313202
8,Rajasthan,248758,Nawa,"Town Panchayat",341509
8,Rajasthan,248692,Nawalgarh,"Town Panchayat",328024
8,Rajasthan,299935,Neemrana,Municipality,301705
8,Rajasthan,248841,Nimbahera,"Town Panchayat",313325
8,Rajasthan,248653,Padampur,"Town Panchayat",328024
8,Rajasthan,248755,Parbatsar,"Town Panchayat",328027
8,Rajasthan,248759,Phalodi,"Town Panchayat",313325
8,Rajasthan,248685,Pilani,"Town Panchayat",333031
8,Rajasthan,248868,Pirawa,"Town Panchayat",326034
8,Rajasthan,248844,Pratapgarh,Municipality,312605
8,Rajasthan,248787,Pushkar,Municipality,313325
8,Rajasthan,248677,Rajaldesar,"Town Panchayat",328024
8,Rajasthan,248677,Rajaldesar,"Town Panchayat",328027
8,Rajasthan,248818,Rajsamand,Municipality,305921
8,Rajasthan,248818,Rajsamand,Municipality,313324
8,Rajasthan,248851,"Ramganj Mandi","Town Panchayat",326519
8,Rajasthan,296916,"Ramgarh (Alwar)","Town Panchayat",313325
8,Rajasthan,301410,"Ramgarh Pachwara",Municipality,303510
8,Rajasthan,248780,Rani,"Town Panchayat",313325
8,Rajasthan,248838,Rawatbhata,Municipality,323307
8,Rajasthan,248745,Reengus,"Town Panchayat",328027
8,Rajasthan,248745,Reengus,"Town Panchayat",328024
8,Rajasthan,263008,Roopbas,"Town Panchayat",313325
8,Rajasthan,263008,Roopbas,"Town Panchayat",328027
8,Rajasthan,248781,Sadri,"Town Panchayat",313325
8,Rajasthan,248652,Sadulshahar,"Town Panchayat",313325
8,Rajasthan,248652,Sadulshahar,"Town Panchayat",328027
8,Rajasthan,248652,Sadulshahar,"Town Panchayat",328024
8,Rajasthan,302862,Saipau,Municipality,302862
8,Rajasthan,248769,Sanchore,"Town Panchayat",328024
8,Rajasthan,248769,Sanchore,"Town Panchayat",343041
8,Rajasthan,248769,Sanchore,"Town Panchayat",328027
8,Rajasthan,248769,Sanchore,"Town Panchayat",313325
8,Rajasthan,248661,Sangaria,"Town Panchayat",328027
8,Rajasthan,248672,Sardarshahar,"Town Panchayat",328027
8,Rajasthan,248792,Sarwar,"Town Panchayat",313325
8,Rajasthan,302254,Sayla,"Town Panchayat",328027
8,Rajasthan,302254,Sayla,"Town Panchayat",328024
8,Rajasthan,248729,Shahpura,Municipality,303803
8,Rajasthan,248770,Sheoganj,"Town Panchayat",328024
8,Rajasthan,248741,Sikar,Municipality,305921
8,Rajasthan,303111,Sindhari,"Town Panchayat",328027
8,Rajasthan,301409,Singhana,Municipality,313203
8,Rajasthan,248650,Srikaranpur,"Town Panchayat",328024
8,Rajasthan,301453,Suket,"Town Panchayat",328027
8,Rajasthan,302258,Sultana,"Town Panchayat",328024
8,Rajasthan,302258,Sultana,"Town Panchayat",328027
8,Rajasthan,296933,Sultanpur,"Town Panchayat",328027
8,Rajasthan,248783,Sumerpur,Municipality,306902
8,Rajasthan,248688,Surajgarh,"Town Panchayat",328024
8,Rajasthan,248660,Suratgarh,"Town Panchayat",328024
8,Rajasthan,248782,Takhatgarh,"Town Panchayat",313325
8,Rajasthan,301901,Tantoti,Municipality,305921
8,Rajasthan,299934,Tapukara,"Town Panchayat",313325
8,Rajasthan,299934,Tapukara,"Town Panchayat",328027
8,Rajasthan,290432,Thanagaji,"Town Panchayat",301022
8,Rajasthan,299937,Tibbi,"Town Panchayat",313325
8,Rajasthan,248715,Todabhim,Municipality,321611
8,Rajasthan,248797,Tonk,Municipality,313203
8,Rajasthan,248822,Udaipur,"Municipal Corporations",313027
8,Rajasthan,248693,Udaipurwati,"Town Panchayat",328027
8,Rajasthan,301454,Vajirpur,"Town Panchayat",313325
8,Rajasthan,301408,Vallabhnagar,Municipality,301408
8,Rajasthan,248686,Vidyavihar,"Town Panchayat",313001
8,Rajasthan,248728,Viratnagar,"Town Panchayat",328027
8,Rajasthan,248728,Viratnagar,"Town Panchayat",313325
17,Meghalaya,279714,Khliehriat,"Town Panchayat",793200
17,Meghalaya,282009,Mawkyrwat,"Town Panchayat",793114
18,Assam,249906,Amguri,Municipality,785680
18,Assam,249843,Barpeta,Municipality,781301
18,Assam,249879,"Biswanath Chariali",Municipality,784176
18,Assam,277144,Bokakhat,Municipality,785612
18,Assam,259861,Chapakhowa,"Town Panchayat",786157
18,Assam,300489,"Chapar Tc","Town Panchayat",783371
18,Assam,277147,Goreswar,"Town Panchayat",781366
18,Assam,249930,Haflong,"Town Panchayat",788820
18,Assam,249923,Hamren,"Town Panchayat",782486
18,Assam,296973,"Jamugurihat Mb",Municipality,784180
18,Assam,249869,"Kampur Town","Town Panchayat",782426
18,Assam,249940,Karimganj,Municipality,788710
18,Assam,249864,Marigaon,Municipality,782125
18,Assam,277150,"Ramkrishna Nagar","Town Panchayat",788166
18,Assam,277143,Rangia,Municipality,781354
18,Assam,249905,Sibsagar,Municipality,785680
18,Assam,253214,Simaluguri,"Town Panchayat",785686
18,Assam,277151,Sootea,"Town Panchayat",784175
18,Assam,249859,Tangla,"Town Panchayat",784521
19,"West Bengal",249958,Alipurduar,Municipality,736121
19,"West Bengal",250032,Asansol,"Municipal Corporations",713335
19,"West Bengal",250134,Baduria,Municipality,743401
19,"West Bengal",250246,Bally,Municipality,711203
19,"West Bengal",250170,Bansberia,Municipality,712502
19,"West Bengal",250147,Basirhat,Municipality,743411
19,"West Bengal",250173,Bhadreswar,Municipality,712139
19,"West Bengal",250125,Bhatpara,Municipality,743129
19,"West Bengal",250145,Bidhannagar,"Municipal Corporations",700162
19,"West Bengal",250236,Contai,Municipality,721401
19,"West Bengal",250102,"Cooper S Camp","Notified Area Council",741232
19,"West Bengal",249970,Dhupguri,Municipality,735210
19,"West Bengal",273007,Domkal,Municipality,742303
19,"West Bengal",250129,Garulia,Municipality,743133
19,"West Bengal",250126,Gobardanga,Municipality,743252
19,"West Bengal",250037,Guskara,Municipality,713128
19,"West Bengal",250123,Halisahar,Municipality,743136
19,"West Bengal",250247,Howrah,"Municipal Corporations",711110
19,"West Bengal",250247,Howrah,"Municipal Corporations",711106
19,"West Bengal",250104,Kalyani,Municipality,741251
19,"West Bengal",250122,Kanchrapara,Municipality,743145
19,"West Bengal",250000,Kandi,Municipality,742137
19,"West Bengal",250228,Kharar,Municipality,721122
19,"West Bengal",250137,Khardah,Municipality,700115
19,"West Bengal",250137,Khardah,Municipality,700116
19,"West Bengal",250137,Khardah,Municipality,700117
19,"West Bengal",250299,Kolkata,"Municipal Corporations",700007
19,"West Bengal",250299,Kolkata,"Municipal Corporations",700017
19,"West Bengal",250299,Kolkata,"Municipal Corporations",700037
19,"West Bengal",250299,Kolkata,"Municipal Corporations",700002
19,"West Bengal",250096,Krishnanagar,Municipality,741101
19,"West Bengal",250300,Maheshtala,Municipality,700137
19,"West Bengal",249974,Mathabhanga,Municipality,736146
19,"West Bengal",249973,Mekliganj,Municipality,735304
19,"West Bengal",250230,Midnapore,Municipality,721101
19,"West Bengal",250097,Nabadwip,Municipality,741302
19,"West Bengal",250142,"North Dum Dum",Municipality,700049
19,"West Bengal",250138,Panihati,Municipality,700109
19,"West Bengal",253229,Panskura,Municipality,721139
19,"West Bengal",250303,"Rajpur Sonarpur",Municipality,700150
19,"West Bengal",250101,Ranaghat,Municipality,741201
19,"West Bengal",250177,Rishra,Municipality,712248
19,"West Bengal",250099,Santipur,Municipality,741404
19,"West Bengal",250176,Serampore,Municipality,712204
19,"West Bengal",250144,"South Dum Dum",Municipality,700065
19,"West Bengal",250026,Suri,Municipality,731101
19,"West Bengal",250148,Taki,Municipality,743429
19,"West Bengal",250133,Titagarh,Municipality,700123
19,"West Bengal",250133,Titagarh,Municipality,700117
19,"West Bengal",250179,"Uttarpara Kotrung",Municipality,712245
1,"Jammu And Kashmir",248194,"Jammu Municipal Corporation","Municipal Corporations",180001
1,"Jammu And Kashmir",248194,"Jammu Municipal Corporation","Municipal Corporations",180002
1,"Jammu And Kashmir",248194,"Jammu Municipal Corporation","Municipal Corporations",180006
1,"Jammu And Kashmir",248039,"Municipal Committee Batote",Municipality,182143
1,"Jammu And Kashmir",248204,"Municipal Committee Billawar",Municipality,184204
1,"Jammu And Kashmir",248176,"Municipal Committee Dooru Verinag",Municipality,192211
1,"Jammu And Kashmir",248035,"Municipal Committee Handwara",Municipality,193221
1,"Jammu And Kashmir",276591,"Municipal Committee Katra",Municipality,182301
1,"Jammu And Kashmir",248157,"Municipal Committee Magam",Municipality,193401
1,"Jammu And Kashmir",248162,"Municipal Committee Pampore",Municipality,192121
1,"Jammu And Kashmir",248148,"Municipal Committee Sumbal",Municipality,193501
1,"Jammu And Kashmir",253142,"Municipal Committee Surankote",Municipality,185121
1,"Jammu And Kashmir",254926,"Municipal Committee Thathri",Municipality,182203
1,"Jammu And Kashmir",296985,"Municipal Committee Watergam",Municipality,193303
1,"Jammu And Kashmir",296988,"Municipal Committee Yaripora",Municipality,192232
1,"Jammu And Kashmir",248167,"Municipal Council Shopian","Notified Area Council",192303
1,"Jammu And Kashmir",248149,"Municipal Council Sopore","Notified Area Council",193201
1,"Jammu And Kashmir",248156,"Srinagar Municipal Corporation","Municipal Corporations",190023
1,"Jammu And Kashmir",248156,"Srinagar Municipal Corporation","Municipal Corporations",190024
1,"Jammu And Kashmir",248156,"Srinagar Municipal Corporation","Municipal Corporations",190008
1,"Jammu And Kashmir",248156,"Srinagar Municipal Corporation","Municipal Corporations",190017
1,"Jammu And Kashmir",248156,"Srinagar Municipal Corporation","Municipal Corporations",190019
2,"Himachal Pradesh",248230,Bhota,"Town Panchayat",176041
2,"Himachal Pradesh",248250,Chopal,"Town Panchayat",171211
2,"Himachal Pradesh",248232,Gagret,"Town Panchayat",177201
2,"Himachal Pradesh",248236,Ghumarwin,Municipality,174021
2,"Himachal Pradesh",248216,Jawalamukhi,Municipality,176031
2,"Himachal Pradesh",274794,Nerchowk,Municipality,175008
2,"Himachal Pradesh",248047,Rajgarh,"Town Panchayat",173101
2,"Himachal Pradesh",248226,Rawalsar,"Town Panchayat",175023
2,"Himachal Pradesh",248224,Sundernagar,Municipality,175018
2,"Himachal Pradesh",248224,Sundernagar,Municipality,175019
3,Punjab,248295,Alawalpur,Municipality,144301
3,Punjab,248273,Amritsar,"Municipal Corporations",143001
3,Punjab,248317,"Anandpur Sahib",Municipality,140118
3,Punjab,248312,Banga,Municipality,144505
3,Punjab,248404,Banur,Municipality,140601
3,Punjab,248280,Begowal,"Town Panchayat",144621
3,Punjab,276562,"Bhagta Bhai Ka Nagar Panchayat","Town Panchayat",151206
3,Punjab,248387,Bhawanigarh,Municipality,148017
3,Punjab,248375,Bhikhi,"Town Panchayat",151504
3,Punjab,261450,"Chamkaur Sahib","Town Panchayat",140112
3,Punjab,248259,Dinanagar,Municipality,143531
3,Punjab,248351,Firozpur,Municipality,152002
3,Punjab,248311,Garhshankar,Municipality,248303
3,Punjab,248394,Ghagga,"Town Panchayat",147102
3,Punjab,299456,Gharuan,"Town Panchayat",140413
3,Punjab,248292,Goraya,Municipality,144409
3,Punjab,248296,Jalandhar,"Municipal Corporations",144005
3,Punjab,262906,Joga,"Town Panchayat",151510
3,Punjab,248283,Kapurthala,"Municipal Corporations",144601
3,Punjab,248331,Khamanon,"Town Panchayat",141801
3,Punjab,248369,"Kot Fatta",Municipality,151511
3,Punjab,262989,"Kot Ise Khan","Town Panchayat",142043
3,Punjab,248391,Lehragaga,Municipality,148031
3,Punjab,248376,Mansa,Municipality,151505
3,Punjab,260771,Mehraj,"Town Panchayat",151105
3,Punjab,248392,Moonak,"Town Panchayat",148033
3,Punjab,248303,Mukerian,Municipality,248303
3,Punjab,248340,"Mullanpur Dakha",Municipality,141101
3,Punjab,248289,Nakodar,Municipality,144040
3,Punjab,248313,Nawanshahr,Municipality,144514
3,Punjab,277194,"Nayan Gaon",Municipality,160103
3,Punjab,248291,Nurmahal,Municipality,144039
3,Punjab,248399,Patiala,"Municipal Corporations",147001
3,Punjab,248266,Qadian,Municipality,143516
3,Punjab,248342,Raikot,Municipality,141109
3,Punjab,248368,Sangat,Municipality,151401
3,Punjab,248288,Shahkot,"Town Panchayat",144702
3,Punjab,248390,Sunam,Municipality,148028
3,Punjab,248350,"Talwandi Bhai",Municipality,142050
3,Punjab,248380,Tapa,Municipality,148108
3,Punjab,248274,Tarn-Taran,Municipality,143401
3,Punjab,248407,Zirakpur,Municipality,140603
4,Chandigarh,276386,Chandigarh,"Municipal Corporations",160011
4,Chandigarh,276386,Chandigarh,"Municipal Corporations",160012
4,Chandigarh,276386,Chandigarh,"Municipal Corporations",160019
4,Chandigarh,276386,Chandigarh,"Municipal Corporations",160047
10,Bihar,299232,Amour,"Town Panchayat",841401
10,Bihar,299134,Andar,"Town Panchayat",841226
10,Bihar,300549,Asarganj,"Town Panchayat",813201
10,Bihar,299120,"Baisi ","Town Panchayat",813104
10,Bihar,277129,Bakhri,Municipality,848201
10,Bihar,277098,Bakhtiyarpur,Municipality,803212
10,Bihar,249633,Banka,Municipality,813102
10,Bihar,249638,Barahiya,Municipality,811302
10,Bihar,301330,BARARI,"Town Panchayat",812003
10,Bihar,300544,Barauni,Municipality,851112
10,Bihar,300564,Baruraaj,"Town Panchayat",843111
10,Bihar,299139,Basantpur,"Town Panchayat",841226
10,Bihar,299291,Benipatti,"Town Panchayat",847223
10,Bihar,249666,Bhabua,Municipality,821101
10,Bihar,299237,Bhawanipur,"Town Panchayat",845452
10,Bihar,249583,Birpur,"Town Panchayat",854340
10,Bihar,249665,Buxar,Municipality,802101
10,Bihar,249563,Chanpatia,"Town Panchayat",845449
10,Bihar,299307,Chenari,"Town Panchayat",821104
10,Bihar,249600,Darbhanga,"Municipal Corporations",846004
10,Bihar,249600,Darbhanga,"Municipal Corporations",846001
10,Bihar,249674,Daudnagar,Municipality,824143
10,Bihar,299117,Deo,"Town Panchayat",824202
10,Bihar,299188,Fatehpur,"Town Panchayat",813210
10,Bihar,249653,Fatuha,Municipality,803201
10,Bihar,300563,Goraul,"Town Panchayat",844118
10,Bihar,299136,Guthani,"Town Panchayat",841226
10,Bihar,249617,Hajipur,Municipality,844101
10,Bihar,249644,Islampur,Municipality,801303
10,Bihar,249662,Jagdishpur,"Town Panchayat",845459
10,Bihar,299159,Jalalpur,"Town Panchayat",841212
10,Bihar,249672,Jehanabad,Municipality,804408
10,Bihar,301334,KAKO,"Town Panchayat",804418
10,Bihar,249602,Kanti,Municipality,843109
10,Bihar,249595,Katihar,"Municipal Corporations",854105
10,Bihar,299121,Katoria,"Town Panchayat",813106
10,Bihar,277126,Kesaria,"Town Panchayat",845424
10,Bihar,249625,Khagaria,Municipality,851204
10,Bihar,249654,Khusrupur,"Town Panchayat",803202
10,Bihar,249613,Marhaura,"Town Panchayat",841418
10,Bihar,249652,Masaurhi,Municipality,804452
10,Bihar,299157,Mashrakh,"Town Panchayat",841417
10,Bihar,299454,Nalanda,"Town Panchayat",803111
10,Bihar,299296,Parbalpur,"Town Panchayat",803114
10,Bihar,299127,Patepur,"Town Panchayat",843114
10,Bihar,249650,Patna,"Municipal Corporations",800009
10,Bihar,249650,Patna,"Municipal Corporations",800013
10,Bihar,249650,Patna,"Municipal Corporations",801106
10,Bihar,249663,Piro,Municipality,802207
10,Bihar,299135,Pirpainti,"Town Panchayat",813209
10,Bihar,299206,Ramgarh,"Town Panchayat",821110
10,Bihar,299240,Sakra,"Town Panchayat",843105
10,Bihar,299178,Sampatchak,Municipality,800007
10,Bihar,299178,Sampatchak,Municipality,800009
10,Bihar,299173,Sarairanjan,"Town Panchayat",848127
10,Bihar,299228,Saraiya,"Town Panchayat",843126
10,Bihar,299150,"Sheikhopur Sarai","Town Panchayat",811103
10,Bihar,249641,Sheikhpura,Municipality,811105
10,Bihar,249682,Sherghati,Municipality,824211
10,Bihar,300562,Simrahi,"Town Panchayat",852111
10,Bihar,249575,Sitamarhi,"Municipal Corporations",843302
10,Bihar,249588,Thakurganj,"Town Panchayat",855116
10,Bihar,299128,Tribeniganj,Municipality,852139
11,Sikkim,249694,"Gangtok (M Corp.)","Municipal Corporations",737103
11,Sikkim,249692,"Namchi Municipal Council",Municipality,737128
11,Sikkim,290460,"Rangpo (Np)","Town Panchayat",737132
11,Sikkim,290460,"Rangpo (Np)","Town Panchayat",737136
12,"Arunachal Pradesh",249711,Changlang,"Town Panchayat",792120
12,"Arunachal Pradesh",276622,Pasighat,Municipality,791102
12,"Arunachal Pradesh",299585,Raga,"Town Panchayat",791120
12,"Arunachal Pradesh",299594,Sangram,"Town Panchayat",791118
13,Nagaland,276216,"Aboi Town Council","Town Panchayat",798603
13,Nagaland,253202,"Kiphire Town Council","Town Panchayat",798611
13,Nagaland,276225,"Shamator Town Council","Town Panchayat",798612
13,Nagaland,253209,"Tseminyu Town Council","Town Panchayat",797109
13,Nagaland,253206,"Tuli Town Council","Town Panchayat",798618
14,Manipur,276527,Andro,Municipality,795149
14,Manipur,276501,Bishnupur,Municipality,795126
14,Manipur,276552,"Mayang Imphal",Municipality,795132
14,Manipur,276514,Moirang,Municipality,795133
14,Manipur,276515,Nambol,Municipality,795134
14,Manipur,276553,Sekmai,Municipality,795136
15,Mizoram,277318,"Aizawl Municipal Co-Operation","Municipal Corporations",796017
15,Mizoram,277318,"Aizawl Municipal Co-Operation","Municipal Corporations",796001
15,Mizoram,249773,Champhai,"Notified Area Council",796321
15,Mizoram,249774,Khawhai,"Notified Area Council",796310
15,Mizoram,249766,Kolasib,"Notified Area Council",796081
15,Mizoram,249780,Lunglei,"Notified Area Council",796701
15,Mizoram,249782,Saiha,"Notified Area Council",796901
15,Mizoram,249777,Thenzawl,"Notified Area Council",796186
15,Mizoram,249761,Zawlnuam,"Notified Area Council",796470
16,Tripura,249785,"Agartala Municipal Corporation","Municipal Corporations",799002
16,Tripura,249785,"Agartala Municipal Corporation","Municipal Corporations",799004
16,Tripura,249797,"Amarpur Nagar Panchayat","Town Panchayat",799101
16,Tripura,249783,"Khowai Municipal Council",Municipality,799201
16,Tripura,249805,"Kumarghat Municipal Council",Municipality,799264
16,Tripura,249788,Narsingarh,"Town Panchayat",799015
16,Tripura,249793,Pratapgarh,"Town Panchayat",799004
16,Tripura,249786,"Ranirbazar Municipal Council",Municipality,799035
16,Tripura,261689,"Santirbazar Municipal Council",Municipality,799144
16,Tripura,249784,"Teliamura Municipal Council",Municipality,799205
5,Uttarakhand,248449,Almora,"Municipal Corporations",263601
5,Uttarakhand,248412,Badrinathpuri,"Town Panchayat",246422
5,Uttarakhand,248467,Bajpur,Municipality,262401
5,Uttarakhand,274457,Bhikiyasain,"Town Panchayat",263667
5,Uttarakhand,248423,Chamba,Municipality,249145
5,Uttarakhand,248451,Champawat,Municipality,262523
5,Uttarakhand,248430,Dehradun,"Municipal Corporations",248003
5,Uttarakhand,248430,Dehradun,"Municipal Corporations",248019
5,Uttarakhand,248445,Didihat,Municipality,262551
5,Uttarakhand,248433,Doiwala,Municipality,248001
5,Uttarakhand,248485,Haridwar,"Municipal Corporations",249401
5,Uttarakhand,248428,Herbertpur,Municipality,248001
5,Uttarakhand,300431,Imlikhera,"Town Panchayat",247663
5,Uttarakhand,248417,Karnaprayag,Municipality,246444
5,Uttarakhand,248420,Kirtinagar,"Town Panchayat",249161
5,Uttarakhand,248461,"Mahua Dabra Haripura","Town Panchayat",244712
5,Uttarakhand,248429,Mussoorie,Municipality,248179
5,Uttarakhand,275661,Nanakmatta,"Town Panchayat",262311
5,Uttarakhand,248415,Nandprayag,"Town Panchayat",246449
5,Uttarakhand,299749,"Padali Gurjar","Town Panchayat",247666
5,Uttarakhand,262841,Purola,Municipality,249185
5,Uttarakhand,299529,Rampur,"Town Panchayat",248197
5,Uttarakhand,248478,Roorkee,"Municipal Corporations",247667
5,Uttarakhand,248471,Rudrapur,"Municipal Corporations",263153
5,Uttarakhand,262882,Satpuli,"Town Panchayat",246001
5,Uttarakhand,262858,"Shivalik Nagar",Municipality,249401
5,Uttarakhand,248476,Sitarganj,Municipality,262405
5,Uttarakhand,300592,Sultanpur-Adampur,"Town Panchayat",247663
5,Uttarakhand,262843,"Swargashram Jonk","Town Panchayat",249304
5,Uttarakhand,299531,Tapovan,"Town Panchayat",248008
6,Haryana,248491,Ambala,"Municipal Corporations",133001
6,Haryana,248519,Assandh,Municipality,132039
6,Haryana,248565,Ateli,Municipality,123021
6,Haryana,248510,Cheeka,Municipality,136034
6,Haryana,248543,Ellenabad,Municipality,125102
6,Haryana,248576,Gurugram,"Municipal Corporations",122101
6,Haryana,248587,Hathin,Municipality,121103
6,Haryana,248546,Hisar,"Municipal Corporations",125001
6,Haryana,248533,Jind,"Notified Area Council",126102
6,Haryana,248487,Kalka,"Notified Area Council",133302
6,Haryana,248530,Kharkhoda,Municipality,131402
6,Haryana,248583,Punahana,Municipality,122508
6,Haryana,248526,Samalkha,"Notified Area Council",132101
6,Haryana,248579,Sohna,"Notified Area Council",122102
6,Haryana,248579,Sohna,"Notified Area Council",122103
6,Haryana,248515,Taraori,Municipality,132116
6,Haryana,248508,Thanesar,"Notified Area Council",136118
6,Haryana,248532,Uchana,Municipality,126115
7,Delhi,276447,"New Delhi Municipal Council","NCT Municipal Council",110069
7,Delhi,276447,"New Delhi Municipal Council","NCT Municipal Council",110002
7,Delhi,276447,"New Delhi Municipal Council","NCT Municipal Council",110011
7,Delhi,276447,"New Delhi Municipal Council","NCT Municipal Council",110055
7,Delhi,276447,"New Delhi Municipal Council","NCT Municipal Council",110060
7,Delhi,276401,"North Delhi Municipal Corporation","Municipal Corporations",110006
7,Delhi,276402,"South Delhi Municipal Corporation","Municipal Corporations",110037
7,Delhi,276402,"South Delhi Municipal Corporation","Municipal Corporations",110038
7,Delhi,276402,"South Delhi Municipal Corporation","Municipal Corporations",110047
7,Delhi,276402,"South Delhi Municipal Corporation","Municipal Corporations",110070
7,Delhi,276402,"South Delhi Municipal Corporation","Municipal Corporations",110071
7,Delhi,276402,"South Delhi Municipal Corporation","Municipal Corporations",110076
7,Delhi,276402,"South Delhi Municipal Corporation","Municipal Corporations",110080
7,Delhi,276402,"South Delhi Municipal Corporation","Municipal Corporations",110013
7,Delhi,276402,"South Delhi Municipal Corporation","Municipal Corporations",110017
33,"Tamil Nadu",253002,Achampudur,"Town Panchayat",627803
33,"Tamil Nadu",252348,Acharapakkam,"Town Panchayat",603301
33,"Tamil Nadu",252840,Adiramapattinam,Municipality,614701
33,"Tamil Nadu",252395,Alangayam,"Town Panchayat",635701
33,"Tamil Nadu",253012,Alwarkurichi,"Town Panchayat",627412
33,"Tamil Nadu",252361,Ammoor,"Town Panchayat",632501
33,"Tamil Nadu",252437,Ananthapuram,"Town Panchayat",605201
33,"Tamil Nadu",252263,Arani,"Town Panchayat",601101
33,"Tamil Nadu",252471,Arasiramani,"Town Panchayat",637101
33,"Tamil Nadu",252373,Arcot,Municipality,632531
33,"Tamil Nadu",253033,Arumanai,"Town Panchayat",629151
33,"Tamil Nadu",252536,Athani,"Town Panchayat",638502
33,"Tamil Nadu",252483,Attayampatti,"Town Panchayat",637501
33,"Tamil Nadu",252276,Avadi,"Municipal Corporations",600054
33,"Tamil Nadu",253073,Azhagiapandipuram,"Town Panchayat",627201
33,"Tamil Nadu",252487,Belur,"Town Panchayat",636104
33,"Tamil Nadu",252539,Bhavani,Municipality,638301
33,"Tamil Nadu",252897,Bodinayakanur,Municipality,625513
33,"Tamil Nadu",252432,Chengam,Municipality,606701
33,"Tamil Nadu",252584,Chennasamudram,"Town Panchayat",638151
33,"Tamil Nadu",252564,Chithode,"Town Panchayat",638102
33,"Tamil Nadu",252819,Cholapuram,"Town Panchayat",612503
33,"Tamil Nadu",252653,Coimbatore,"Municipal Corporations",641001
33,"Tamil Nadu",252427,Desur,"Town Panchayat",604501
33,"Tamil Nadu",252899,Devadanapatti,"Town Panchayat",625602
33,"Tamil Nadu",252595,Devarshola,"Town Panchayat",643003
33,"Tamil Nadu",252688,Dhali,"Town Panchayat",642112
33,"Tamil Nadu",252707,Dindigul,"Municipal Corporations",624001
33,"Tamil Nadu",252470,Edanganasalai,Municipality,637502
33,"Tamil Nadu",252489,Ethapur,"Town Panchayat",636117
33,"Tamil Nadu",252966,Ettayapuram,"Town Panchayat",628902
33,"Tamil Nadu",252496,Gangavalli,"Town Panchayat",636105
33,"Tamil Nadu",252547,Gobichettipalayam,Municipality,638452
33,"Tamil Nadu",252294,"Greater Chennai Corporation","Municipal Corporations",600036
33,"Tamil Nadu",252294,"Greater Chennai Corporation","Municipal Corporations",600012
33,"Tamil Nadu",252294,"Greater Chennai Corporation","Municipal Corporations",600119
33,"Tamil Nadu",252294,"Greater Chennai Corporation","Municipal Corporations",600104
33,"Tamil Nadu",252294,"Greater Chennai Corporation","Municipal Corporations",600101
33,"Tamil Nadu",252596,Gudalur,Municipality,625518
33,"Tamil Nadu",252920,Gudalur-Cbe,Municipality,625518
33,"Tamil Nadu",252262,Gummidipoondi,"Town Panchayat",601201
33,"Tamil Nadu",252843,Iluppur,"Town Panchayat",622102
33,"Tamil Nadu",252397,Jolarpet,Municipality,635851
33,"Tamil Nadu",252414,Kadathur,"Town Panchayat",635303
33,"Tamil Nadu",252994,Kadayanallur,Municipality,627751
33,"Tamil Nadu",300593,Kalakadu,Municipality,627501
33,"Tamil Nadu",252428,Kalambur,"Town Panchayat",606903
33,"Tamil Nadu",253017,Kallidaikurichi,"Town Panchayat",627416
33,"Tamil Nadu",252961,Kalugumalai,"Town Panchayat",628552
33,"Tamil Nadu",252858,Kanadukathan,"Town Panchayat",630103
33,"Tamil Nadu",252336,Kancheepuram,"Municipal Corporations",631501
33,"Tamil Nadu",252553,Kanjikovil,"Town Panchayat",638116
33,"Tamil Nadu",252634,Kannampalayam,"Town Panchayat",641402
33,"Tamil Nadu",252945,Kariapatti,"Town Panchayat",626106
33,"Tamil Nadu",253046,Karungal,"Town Panchayat",629157
33,"Tamil Nadu",252980,Kayalpattinam,Municipality,628204
33,"Tamil Nadu",252527,Kembainaickenpalayam,"Town Panchayat",638503
33,"Tamil Nadu",252780,Killai,"Town Panchayat",608102
33,"Tamil Nadu",252583,Kodumudi,"Town Panchayat",638151
33,"Tamil Nadu",253053,Kothanallur,"Town Panchayat",629166
33,"Tamil Nadu",252860,Kottaiyur,"Town Panchayat",630106
33,"Tamil Nadu",252402,Krishnagiri,Municipality,635001
33,"Tamil Nadu",252731,Kulithalai,Municipality,639104
33,"Tamil Nadu",252823,Kumbakonam,"Municipal Corporations",612001
33,"Tamil Nadu",252747,Lalgudi,Municipality,621601
33,"Tamil Nadu",252685,Madathukulam,"Town Panchayat",642113
33,"Tamil Nadu",252889,Madurai,"Municipal Corporations",625002
33,"Tamil Nadu",252501,Mallasamudram,"Town Panchayat",637503
33,"Tamil Nadu",252743,Manachanallur,"Town Panchayat",621005
33,"Tamil Nadu",252444,Manalurpet,"Town Panchayat",605754
33,"Tamil Nadu",252757,Manapparai,Municipality,621306
33,"Tamil Nadu",253069,Manavalakurichi,"Town Panchayat",629252
33,"Tamil Nadu",253023,Manimutharu,"Town Panchayat",627421
33,"Tamil Nadu",252811,Mannargudi,Municipality,614001
33,"Tamil Nadu",252732,Marudur,"Town Panchayat",639102
33,"Tamil Nadu",252736,Mettupalayam,"Town Panchayat",621210
33,"Tamil Nadu",252521,Mohanur,"Town Panchayat",637015
33,"Tamil Nadu",253013,Mukkudal,"Town Panchayat",627601
33,"Tamil Nadu",252590,Mulanur,"Town Panchayat",638106
33,"Tamil Nadu",252738,Musiri,Municipality,621211
33,"Tamil Nadu",299500,Nagapattinam,Municipality,611001
33,"Tamil Nadu",252410,Nagojanahalli,"Town Panchayat",635204
33,"Tamil Nadu",260663,Nalloor,"Town Panchayat",627853
33,"Tamil Nadu",252514,Namagiripettai,"Town Panchayat",637406
33,"Tamil Nadu",252329,"Nandivaram - Guduvancheri",Municipality,603202
33,"Tamil Nadu",253010,Naranammalpuram,"Town Panchayat",627357
33,"Tamil Nadu",260290,Narasimhanaickenpalayam,"Town Panchayat",641031
33,"Tamil Nadu",252363,Narasingapuram,Municipality,636108
33,"Tamil Nadu",252809,Needamangalam,"Town Panchayat",614404
33,"Tamil Nadu",252369,Nemili,"Town Panchayat",631051
33,"Tamil Nadu",252715,Nilakkottai,"Town Panchayat",624208
33,"Tamil Nadu",260291,"No. 4 Veerapandi","Town Panchayat",625534
33,"Tamil Nadu",252695,Oddanchatram,Municipality,624619
33,"Tamil Nadu",253037,Pacode,"Town Panchayat",629168
33,"Tamil Nadu",252880,Palamedu,"Town Panchayat",625503
33,"Tamil Nadu",252720,Pallapatti,Municipality,625534
33,"Tamil Nadu",252720,Pallapatti,Municipality,639205
33,"Tamil Nadu",252270,Pallipattu,"Town Panchayat",631207
33,"Tamil Nadu",252372,Panapakkam,"Town Panchayat",631052
33,"Tamil Nadu",252826,Papanasam,"Town Panchayat",614205
33,"Tamil Nadu",252777,Parangipettai,"Town Panchayat",608502
33,"Tamil Nadu",253020,Pathamadai,"Town Panchayat",627453
33,"Tamil Nadu",252419,Pennagaram,"Town Panchayat",636810
33,"Tamil Nadu",252541,Periyakodiveri,"Town Panchayat",638505
33,"Tamil Nadu",252638,Periyanaickenpalayam,"Town Panchayat",641020
33,"Tamil Nadu",252842,Perumagalur,"Town Panchayat",614612
33,"Tamil Nadu",252974,Perungulam,"Town Panchayat",628752
33,"Tamil Nadu",252429,Polur,Municipality,606803
33,"Tamil Nadu",252264,Ponneri,Municipality,601204
33,"Tamil Nadu",252278,Poonamallee,Municipality,600056
33,"Tamil Nadu",252848,Pudukkottai,Municipality,622005
33,"Tamil Nadu",252745,Pullampadi,"Town Panchayat",621711
33,"Tamil Nadu",252923,Rajapalayam,Municipality,626117
33,"Tamil Nadu",252951,R.S.Mangalam,"Town Panchayat",623525
33,"Tamil Nadu",252540,Salangapalayam,"Town Panchayat",638455
33,"Tamil Nadu",252630,Samalapuram,"Town Panchayat",641663
33,"Tamil Nadu",252677,Samathur,"Town Panchayat",642123
33,"Tamil Nadu",252995,"Sambavar Vadagarai","Town Panchayat",627856
33,"Tamil Nadu",252686,Sankaramanallur,"Town Panchayat",642204
33,"Tamil Nadu",252642,Sarcarsamakulam,"Town Panchayat",641107
33,"Tamil Nadu",252948,Sattur,Municipality,626203
33,"Tamil Nadu",252778,Sethiathoppu,"Town Panchayat",608702
33,"Tamil Nadu",252882,Sholavandan,"Town Panchayat",625214
33,"Tamil Nadu",252791,Sirkali,Municipality,609111
33,"Tamil Nadu",252866,Sivagangai,Municipality,630561
33,"Tamil Nadu",252783,Srimushnam,"Town Panchayat",608703
33,"Tamil Nadu",252704,Sriramapuram,"Town Panchayat",624622
33,"Tamil Nadu",253082,Suchindrum,"Town Panchayat",629704
33,"Tamil Nadu",252676,Suleeswaranpatti,"Town Panchayat",642006
33,"Tamil Nadu",252319,Tambaram,"Municipal Corporations",600044
33,"Tamil Nadu",252319,Tambaram,"Municipal Corporations",600043
33,"Tamil Nadu",252703,Thadikombu,"Town Panchayat",624709
33,"Tamil Nadu",252801,Thalainayar,"Town Panchayat",614712
33,"Tamil Nadu",253075,Thazhakudy,"Town Panchayat",629901
33,"Tamil Nadu",253087,Thenthamaraikulam,"Town Panchayat",629701
33,"Tamil Nadu",253077,Therur,"Town Panchayat",629704
33,"Tamil Nadu",252450,Thiagadurgam,"Town Panchayat",606206
33,"Tamil Nadu",252667,Thirumalayampalayam,"Town Panchayat",641105
33,"Tamil Nadu",252812,Thiruthuraipoondi,Municipality,614713
33,"Tamil Nadu",253049,Thiruvattar,"Town Panchayat",629177
33,"Tamil Nadu",252447,Thiruvennainallur,"Town Panchayat",607203
33,"Tamil Nadu",252817,Thiruvidaimarudur,"Town Panchayat",612104
33,"Tamil Nadu",252950,Thondi,"Town Panchayat",623409
33,"Tamil Nadu",252857,Tirupathur,"Town Panchayat",630211
33,"Tamil Nadu",252600,Udhagamandalam,Municipality,643205
33,"Tamil Nadu",252600,Udhagamandalam,Municipality,643003
33,"Tamil Nadu",252727,Uppidamangalam,"Town Panchayat",639114
33,"Tamil Nadu",252739,Uppiliapuram,"Town Panchayat",621011
33,"Tamil Nadu",252915,Uthamapalayam,"Town Panchayat",625533
33,"Tamil Nadu",252342,Uthiramerur,"Town Panchayat",603406
33,"Tamil Nadu",252268,Uthukkottai,"Town Panchayat",602026
33,"Tamil Nadu",252700,Vadamadurai,"Town Panchayat",624802
33,"Tamil Nadu",252443,Valavanur,"Town Panchayat",605108
33,"Tamil Nadu",252689,Valparai,Municipality,642127
33,"Tamil Nadu",252426,Vandavasi,Municipality,604408
33,"Tamil Nadu",252542,Vaniputhur,"Town Panchayat",638506
33,"Tamil Nadu",252764,Varadarajanpettai,"Town Panchayat",621805
33,"Tamil Nadu",252655,Vedapatti,"Town Panchayat",641007
33,"Tamil Nadu",252494,Veeraganur,"Town Panchayat",636116
33,"Tamil Nadu",252381,Vellore,"Municipal Corporations",632006
33,"Tamil Nadu",252381,Vellore,"Municipal Corporations",632007
33,"Tamil Nadu",252381,Vellore,"Municipal Corporations",632008
33,"Tamil Nadu",252381,Vellore,"Municipal Corporations",632014
33,"Tamil Nadu",252381,Vellore,"Municipal Corporations",632013
33,"Tamil Nadu",252582,Vengambur,"Town Panchayat",638151
33,"Tamil Nadu",252441,Vikravandi,"Town Panchayat",605652
33,"Tamil Nadu",252374,Vilapakkam,"Town Panchayat",632521
33,"Tamil Nadu",253060,Vilavur,"Town Panchayat",629166
33,"Tamil Nadu",253062,Villukuri,"Town Panchayat",629180
33,"Tamil Nadu",252442,Villupuram,Municipality,605602
22,Chhattisgarh,250603,Akaltara,Municipality,495552
22,Chhattisgarh,250631,"Ambagarh Chowki","Town Panchayat",491665
22,Chhattisgarh,299657,Amleshwar,Municipality,490042
22,Chhattisgarh,250642,Balod,Municipality,491226
22,Chhattisgarh,253119,Balrampur,Municipality,497119
22,Chhattisgarh,250639,Bhilai,"Municipal Corporations",490023
22,Chhattisgarh,250639,Bhilai,"Municipal Corporations",490022
22,Chhattisgarh,253181,Churra,"Town Panchayat",493996
22,Chhattisgarh,248062,Dhamtari,"Municipal Corporations",493773
22,Chhattisgarh,250640,Durg,"Municipal Corporations",490022
22,Chhattisgarh,250610,Gaurella,Municipality,495119
22,Chhattisgarh,250668,Geedam,"Town Panchayat",494441
22,Chhattisgarh,301507,Indouri,"Town Panchayat",491336
22,Chhattisgarh,301515,Janakpur,"Town Panchayat",497778
22,Chhattisgarh,250590,"Jashpur Nagar",Municipality,496331
22,Chhattisgarh,250645,Kasdol,"Town Panchayat",493335
22,Chhattisgarh,248063,Keshkal,"Town Panchayat",494331
22,Chhattisgarh,250664,Kondagaon,Municipality,494226
22,Chhattisgarh,250598,Korba,"Municipal Corporations",495677
22,Chhattisgarh,250646,Kurra,"Town Panchayat",493221
22,Chhattisgarh,253118,Kusmi,"Town Panchayat",491335
22,Chhattisgarh,300355,"Mandir Hasod",Municipality,492101
22,Chhattisgarh,250580,Manendragarh,Municipality,497442
22,Chhattisgarh,253146,Pakhajur,"Town Panchayat",494776
22,Chhattisgarh,250606,Sakti,Municipality,495689
22,Chhattisgarh,253176,Sargaon,"Town Panchayat",495224
22,Chhattisgarh,259685,"Shivpur Charcha",Municipality,497339
22,Chhattisgarh,250644,Simga,Municipality,493101
22,Chhattisgarh,250615,Takhatpur,Municipality,495330
22,Chhattisgarh,250586,Vishrampur,"Town Panchayat",497226
22,Chhattisgarh,253116,Wadrafnagar,"Town Panchayat",497225
23,"Madhya Pradesh",250692,Alampur,"Town Panchayat",477449
23,"Madhya Pradesh",250753,Amanganj,"Town Panchayat",488441
23,"Madhya Pradesh",250709,Badarwas,"Town Panchayat",473885
23,"Madhya Pradesh",250961,Badi,"Town Panchayat",464665
23,"Madhya Pradesh",250884,Badnawar,"Town Panchayat",454660
23,"Madhya Pradesh",250674,Badoda,"Town Panchayat",476339
23,"Madhya Pradesh",251040,Balaghat,Municipality,481001
23,"Madhya Pradesh",251034,Barghat,"Town Panchayat",480667
23,"Madhya Pradesh",250914,Barwani,Municipality,451551
23,"Madhya Pradesh",250897,Betma,"Town Panchayat",453001
23,"Madhya Pradesh",248072,Betul,Municipality,460001
23,"Madhya Pradesh",298922,Bhensoda,"Town Panchayat",458778
23,"Madhya Pradesh",250946,Bhopal,"Municipal Corporations",462030
23,"Madhya Pradesh",250946,Bhopal,"Municipal Corporations",462008
23,"Madhya Pradesh",250946,Bhopal,"Municipal Corporations",462003
23,"Madhya Pradesh",263072,Bichhua,"Town Panchayat",480111
23,"Madhya Pradesh",250695,Bilaua,"Town Panchayat",475001
23,"Madhya Pradesh",250778,Birsinghpur,"Town Panchayat",485226
23,"Madhya Pradesh",250713,Chanderi,Municipality,473446
23,"Madhya Pradesh",251009,Chaurai,Municipality,480115
23,"Madhya Pradesh",298932,Chhapara,"Town Panchayat",480884
23,"Madhya Pradesh",251026,Chhindwara,"Municipal Corporations",480001
23,"Madhya Pradesh",251000,Chichli,"Town Panchayat",487770
23,"Madhya Pradesh",248068,Churhat,"Town Panchayat",486771
23,"Madhya Pradesh",298925,Dabhaura,"Town Panchayat",486556
23,"Madhya Pradesh",250774,Damoh,Municipality,470661
23,"Madhya Pradesh",250867,Dewas,"Municipal Corporations",455001
23,"Madhya Pradesh",290379,"Dhamnod- Dhar","Town Panchayat",455111
23,"Madhya Pradesh",250821,Diken,"Town Panchayat",458226
23,"Madhya Pradesh",290390,Dindori,"Town Panchayat",481883
23,"Madhya Pradesh",250745,Ghuwara,"Town Panchayat",471313
23,"Madhya Pradesh",250998,Gotegaon,Municipality,487118
23,"Madhya Pradesh",297930,Gunnor,"Town Panchayat",488050
23,"Madhya Pradesh",250694,Gwalior,"Municipal Corporations",474011
23,"Madhya Pradesh",250694,Gwalior,"Municipal Corporations",474001
23,"Madhya Pradesh",250900,Hatod,"Town Panchayat",455111
23,"Madhya Pradesh",250901,Indore,"Municipal Corporations",452009
23,"Madhya Pradesh",250901,Indore,"Municipal Corporations",452003
23,"Madhya Pradesh",250901,Indore,"Municipal Corporations",452005
23,"Madhya Pradesh",250995,Jabalpur,"Municipal Corporations",482001
23,"Madhya Pradesh",251010,Jamai,Municipality,480551
23,"Madhya Pradesh",250837,Jaora,Municipality,457226
23,"Madhya Pradesh",250681,Jhundpura,"Town Panchayat",476224
23,"Madhya Pradesh",250679,Joura,"Town Panchayat",476221
23,"Madhya Pradesh",250870,Kantaphod,"Town Panchayat",455111
23,"Madhya Pradesh",251002,Kareli,Municipality,487221
23,"Madhya Pradesh",250873,Karnawad,"Town Panchayat",455111
23,"Madhya Pradesh",250873,Karnawad,"Town Panchayat",455001
23,"Madhya Pradesh",290306,Khargapur,"Town Panchayat",472115
23,"Madhya Pradesh",250913,Khargone,Municipality,451001
23,"Madhya Pradesh",250932,Khujner,"Town Panchayat",465687
23,"Madhya Pradesh",290383,Kothri,"Town Panchayat",466114
23,"Madhya Pradesh",250942,Kurwai,"Town Panchayat",464224
23,"Madhya Pradesh",250940,Lateri,"Town Panchayat",464114
23,"Madhya Pradesh",250787,Maihar,Municipality,485771
23,"Madhya Pradesh",250818,Majhauli,"Town Panchayat",486666
23,"Madhya Pradesh",250826,Manasa,"Town Panchayat",458110
23,"Madhya Pradesh",250833,Mandsaur,Municipality,458001
23,"Madhya Pradesh",248071,Multai,Municipality,460661
23,"Madhya Pradesh",250979,"Murwara - Katni","Municipal Corporations",483501
23,"Madhya Pradesh",250795,Nai-Garhi,"Town Panchayat",486340
23,"Madhya Pradesh",263154,Nayagoan,"Town Panchayat",458468
23,"Madhya Pradesh",250927,Nepanagar,Municipality,450221
23,"Madhya Pradesh",253170,Niwas,"Town Panchayat",481885
23,"Madhya Pradesh",253251,Palsud,"Town Panchayat",451447
23,"Madhya Pradesh",263010,"Pankhedi Kalapipal","Town Panchayat",465337
23,"Madhya Pradesh",250750,Panna,Municipality,488001
23,"Madhya Pradesh",250830,"Piplya Mandi","Town Panchayat",458664
23,"Madhya Pradesh",250888,Pithampur,Municipality,454775
23,"Madhya Pradesh",293821,Prithvipur,"Town Panchayat",472336
23,"Madhya Pradesh",300388,Punasa,"Town Panchayat",450114
23,"Madhya Pradesh",299278,"Rajnagar Bangawan","Town Panchayat",484446
23,"Madhya Pradesh",250785,"Rampur Baghelan","Town Panchayat",485115
23,"Madhya Pradesh",250820,Ratangarh,"Town Panchayat",458226
23,"Madhya Pradesh",263217,Sainkheda,"Town Panchayat",460557
23,"Madhya Pradesh",250908,Sanawad,Municipality,451111
23,"Madhya Pradesh",250936,Sarangpur,Municipality,465697
23,"Madhya Pradesh",250886,Sardarpur,"Town Panchayat",454111
23,"Madhya Pradesh",250746,Satai,"Town Panchayat",471408
23,"Madhya Pradesh",251027,Sausar,Municipality,480106
23,"Madhya Pradesh",250969,Seoni-Malwa,Municipality,461223
23,"Madhya Pradesh",262903,Shahganj,"Town Panchayat",466554
23,"Madhya Pradesh",250759,Shahgarh,"Town Panchayat",470339
23,"Madhya Pradesh",250965,"Shahpur Sagar","Town Panchayat",470669
23,"Madhya Pradesh",248065,Sidhi,Municipality,486661
23,"Madhya Pradesh",248066,Singrauli,"Municipal Corporations",486889
23,"Madhya Pradesh",250941,Sironj,Municipality,464228
23,"Madhya Pradesh",250976,Sohagpur,"Town Panchayat",461771
23,"Madhya Pradesh",250854,Susner,"Town Panchayat",465447
23,"Madhya Pradesh",250933,Suthaliya,"Town Panchayat",465677
23,"Madhya Pradesh",250939,Talen,"Town Panchayat",465680
23,"Madhya Pradesh",290462,"Tendukheda- Damoh","Town Panchayat",470880
23,"Madhya Pradesh",290429,"Tendukheda- Narsimhapur","Town Panchayat",487337
23,"Madhya Pradesh",250876,Thandla,"Town Panchayat",457777
23,"Madhya Pradesh",290271,"Tonk Khurd","Town Panchayat",455111
23,"Madhya Pradesh",250801,Umaria,Municipality,484661
24,Gujarat,253223,Amod,Municipality,392110
24,Gujarat,251174,Anand,"Municipal Corporations",388001
24,Gujarat,251123,Bhayavadar,Municipality,360450
24,Gujarat,251251,Bilimora,Municipality,396321
24,Gujarat,251172,Boriavi,Municipality,387310
24,Gujarat,251180,Borsad,Municipality,388540
24,Gujarat,251151,Chorvad,Municipality,362250
24,Gujarat,251057,Deesa,Municipality,385535
24,Gujarat,251200,Devgadbaria,Municipality,389380
24,Gujarat,251112,Dhrangadhra,Municipality,363310
24,Gujarat,251167,Gariadhar,Municipality,364505
24,Gujarat,251137,Jamjodhpur,Municipality,360530
24,Gujarat,251133,Jamnagar,"Municipal Corporations",361002
24,Gujarat,251126,"Jetpur Navagadh",Municipality,360375
24,Gujarat,251197,Jhalod,Municipality,389170
24,Gujarat,276024,Kadodara,Municipality,394327
24,Gujarat,253226,Kanajari,Municipality,387325
24,Gujarat,251179,Khambhat,Municipality,388620
24,Gujarat,251142,Kutiyana,Municipality,362650
24,Gujarat,251155,Lathi,Municipality,365430
24,Gujarat,251117,Limbdi,Municipality,363421
24,Gujarat,251189,Mahudha,Municipality,387335
24,Gujarat,277169,"Mandvi Kachchh",Municipality,370465
24,Gujarat,251118,Morbi,"Municipal Corporations",363641
24,Gujarat,251187,Nadiad,"Municipal Corporations",387002
24,Gujarat,251173,Ode,Municipality,388210
24,Gujarat,251060,Patan,Municipality,384266
24,Gujarat,253138,Patdi,Municipality,363765
24,Gujarat,251120,Rajkot,"Municipal Corporations",360004
24,Gujarat,251216,Rajpipla,Municipality,393145
24,Gujarat,251090,Sanand,Municipality,382110
24,Gujarat,251191,Santrampur,Municipality,389260
24,Gujarat,253247,Savli,Municipality,391770
24,Gujarat,253230,Sojitra,Municipality,387240
24,Gujarat,251231,Surat,"Municipal Corporations",395006
24,Gujarat,251231,Surat,"Municipal Corporations",395007
24,Gujarat,251231,Surat,"Municipal Corporations",394105
24,Gujarat,251114,Surendranagar,"Municipal Corporations",363001
24,Gujarat,276026,Tarsadi,Municipality,394120
24,Gujarat,251052,Tharad,Municipality,385565
24,Gujarat,251171,Umreth,Municipality,388220
24,Gujarat,251154,Una,Municipality,362560
24,Gujarat,251209,Vadodara,"Municipal Corporations",390006
24,Gujarat,251209,Vadodara,"Municipal Corporations",390001
24,Gujarat,251209,Vadodara,"Municipal Corporations",390004
24,Gujarat,251209,Vadodara,"Municipal Corporations",391345
24,Gujarat,251209,Vadodara,"Municipal Corporations",390022
24,Gujarat,251209,Vadodara,"Municipal Corporations",390016
24,Gujarat,251264,Vapi,"Municipal Corporations",396191
24,Gujarat,251065,Visnagar,Municipality,384315
24,Gujarat,251244,Vyara,Municipality,394650
27,Maharashtra,275728,Akole,"Town Panchayat",422601
27,Maharashtra,251310,Akot,Municipality,444101
27,Maharashtra,251294,Amalner,Municipality,425401
27,Maharashtra,251424,Ambad,Municipality,431204
27,Maharashtra,276364,Amgaon,Municipality,441902
27,Maharashtra,251328,Amravati,"Municipal Corporations",444607
27,Maharashtra,276366,Arjuni,"Town Panchayat",441702
27,Maharashtra,276366,Arjuni,"Town Panchayat",441701
27,Maharashtra,276380,"Ashti (Wardha)","Town Panchayat",442202
27,Maharashtra,300410,Atpadi,"Town Panchayat",415301
27,Maharashtra,296909,"Aundha Nagnath","Town Panchayat",431705
27,Maharashtra,251563,Ausa,Municipality,413520
27,Maharashtra,251486,Badlapur,Municipality,421503
27,Maharashtra,251311,Balapur,Municipality,444302
27,Maharashtra,300392,Bhisi,"Town Panchayat",442920
27,Maharashtra,251535,Bhor,Municipality,412206
27,Maharashtra,251305,Buldana,Municipality,443001
27,Maharashtra,251599,"Dapoli Camp","Town Panchayat",415712
27,Maharashtra,251331,"Dattapur Dhamangaon",Municipality,444709
27,Maharashtra,251531,Daund,Municipality,413801
27,Maharashtra,251410,Deglur,Municipality,431717
27,Maharashtra,276276,Dindori,"Town Panchayat",422202
27,Maharashtra,251285,Faizpur,Municipality,425503
27,Maharashtra,251420,Gangakhed,Municipality,431514
27,Maharashtra,251555,Georai,Municipality,431127
27,Maharashtra,276358,Gondpimpri,"Town Panchayat",442702
27,Maharashtra,251510,Goregaon,"Town Panchayat",441801
27,Maharashtra,251510,Goregaon,"Town Panchayat",402103
27,Maharashtra,251488,"Greater Mumbai","Municipal Corporations",400017
27,Maharashtra,251488,"Greater Mumbai","Municipal Corporations",400010
27,Maharashtra,251488,"Greater Mumbai","Municipal Corporations",400031
27,Maharashtra,251488,"Greater Mumbai","Municipal Corporations",400001
27,Maharashtra,251488,"Greater Mumbai","Municipal Corporations",400034
27,Maharashtra,251488,"Greater Mumbai","Municipal Corporations",400021
27,Maharashtra,251604,Guhagar,"Town Panchayat",415703
27,Maharashtra,263362,Hingna,"Town Panchayat",441110
27,Maharashtra,276372,Jafrabad,"Town Panchayat",431206
27,Maharashtra,276571,Jalgaon,"Municipal Corporations",425004
27,Maharashtra,251554,Jamkhed,Municipality,413201
27,Maharashtra,253139,Jamner,Municipality,424206
27,Maharashtra,259699,Jath,Municipality,416404
27,Maharashtra,251415,Jintur,Municipality,431509
27,Maharashtra,251516,Junnar,Municipality,410502
27,Maharashtra,290358,Kadegaon.,"Town Panchayat",441101
27,Maharashtra,251483,Kalyan-Dombivli,"Municipal Corporations",421306
27,Maharashtra,251350,"Kanhan - Pipri",Municipality,441401
27,Maharashtra,251598,Karad,Municipality,415110
27,Maharashtra,251318,Karanja,Municipality,444105
27,Maharashtra,276348,Khanapur,"Town Panchayat",411025
27,Maharashtra,276383,Khandala,"Town Panchayat",412802
27,Maharashtra,251601,Khed,Municipality,415709
27,Maharashtra,251625,Kolhapur,"Municipal Corporations",416012
27,Maharashtra,251540,Kopargaon,Municipality,423601
27,Maharashtra,276357,Korpana,"Town Panchayat",442916
27,Maharashtra,251612,Kudal,"Town Panchayat",416520
27,Maharashtra,276286,Kurkheda,"Town Panchayat",441209
27,Maharashtra,251561,Latur,"Municipal Corporations",413512
27,Maharashtra,276414,Lonand,"Town Panchayat",415521
27,Maharashtra,251438,Malegaon,"Municipal Corporations",423203
27,Maharashtra,251301,Malkapur,Municipality,443101
27,Maharashtra,251314,Malkapur,"Town Panchayat",415539
27,Maharashtra,251610,Malwan,Municipality,416606
27,Maharashtra,276268,Mangaon,"Town Panchayat",402104
27,Maharashtra,251440,Manmad,Municipality,423104
27,Maharashtra,251303,Mehkar,Municipality,443301
27,Maharashtra,276325,Mohadi,"Town Panchayat",441909
27,Maharashtra,276275,Motala,"Town Panchayat",443103
27,Maharashtra,248080,"Municipal Council Gadchiroli",Municipality,442605
27,Maharashtra,251504,Murud,Municipality,402401
27,Maharashtra,276361,"Nagbhid Muncipal Council",Municipality,441205
27,Maharashtra,251439,Nandgaon,Municipality,423106
27,Maharashtra,251300,Nandura,Municipality,443404
27,Maharashtra,251442,Nashik,"Municipal Corporations",422010
27,Maharashtra,251442,Nashik,"Municipal Corporations",422007
27,Maharashtra,251433,Paithan,Municipality,431002
27,Maharashtra,251460,Palghar,Municipality,401404
27,Maharashtra,251395,Pandharkawda,Municipality,445302
27,Maharashtra,251492,Panvel,"Municipal Corporations",410206
27,Maharashtra,251316,Patur,Municipality,444501
27,Maharashtra,251528,"Pimpri Chinchwad","Municipal Corporations",411070
27,Maharashtra,251528,"Pimpri Chinchwad","Municipal Corporations",411017
27,Maharashtra,251528,"Pimpri Chinchwad","Municipal Corporations",411018
27,Maharashtra,251528,"Pimpri Chinchwad","Municipal Corporations",411019
27,Maharashtra,276636,Poladpur,"Town Panchayat",402303
27,Maharashtra,251336,Pulgaon,Municipality,442302
27,Maharashtra,251530,Pune,"Municipal Corporations",411023
27,Maharashtra,251530,Pune,"Municipal Corporations",411022
27,Maharashtra,251530,Pune,"Municipal Corporations",411013
27,Maharashtra,251530,Pune,"Municipal Corporations",411002
27,Maharashtra,251530,Pune,"Municipal Corporations",412308
27,Maharashtra,251530,Pune,"Municipal Corporations",411068
27,Maharashtra,251530,Pune,"Municipal Corporations",411052
27,Maharashtra,251530,Pune,"Municipal Corporations",411048
27,Maharashtra,251530,Pune,"Municipal Corporations",411042
27,Maharashtra,251530,Pune,"Municipal Corporations",411038
27,Maharashtra,251530,Pune,"Municipal Corporations",411036
27,Maharashtra,251590,Rahimatpur,Municipality,415511
27,Maharashtra,251608,Rajapur,Municipality,416702
27,Maharashtra,296912,Rajgurunagar,Municipality,410505
27,Maharashtra,276308,Ralegaon,"Town Panchayat",445402
27,Maharashtra,276376,Renapur,"Town Panchayat",413527
27,Maharashtra,251320,Risod,Municipality,444506
27,Maharashtra,276339,Sakri,"Town Panchayat",424304
27,Maharashtra,276379,Samudrapur,"Town Panchayat",442305
27,Maharashtra,251639,"Sangli-Miraj Kupwad","Municipal Corporations",416416
27,Maharashtra,251435,Satana,Municipality,423301
27,Maharashtra,251593,Satara,Municipality,415001
27,Maharashtra,251344,Savner,Municipality,441109
27,Maharashtra,251327,Shendurjana,Municipality,444907
27,Maharashtra,251518,Shirur,Municipality,412210
27,Maharashtra,297092,"Sillod Municipal Council",Municipality,431112
27,Maharashtra,276362,Sindewahi,"Town Panchayat",441222
27,Maharashtra,251307,"Sindkhed Raja",Municipality,443203
27,Maharashtra,276288,Sironcha,"Town Panchayat",442504
27,Maharashtra,251577,Solapur,"Municipal Corporations",413002
27,Maharashtra,251577,Solapur,"Municipal Corporations",413003
27,Maharashtra,251577,Solapur,"Municipal Corporations",413005
27,Maharashtra,251577,Solapur,"Municipal Corporations",413006
27,Maharashtra,251436,Soyagaon,"Town Panchayat",431120
27,Maharashtra,251471,Thane,"Municipal Corporations",400615
27,Maharashtra,276289,Tiwsa,"Town Panchayat",444903
27,Maharashtra,251441,Trimbak,Municipality,422212
27,Maharashtra,251570,Tuljapur,Municipality,413601
27,Maharashtra,251565,Udgir,Municipality,413517
27,Maharashtra,251431,Vaijapur,Municipality,431002
27,Maharashtra,251431,Vaijapur,Municipality,423701
27,Maharashtra,300385,Vairag,"Town Panchayat",413402
27,Maharashtra,251363,Wanadongri,Municipality,441110
27,Maharashtra,251386,Yavatmal,Municipality,445001
27,Maharashtra,251284,Yawal,Municipality,425301
28,"Andhra Pradesh",257868,Addanki,Municipality,523201
28,"Andhra Pradesh",296256,Akiveedu,"Town Panchayat",534235
28,"Andhra Pradesh",258033,Atmakur,Municipality,524322
28,"Andhra Pradesh",253270,"Atmakur (Kurnool)",Municipality,518422
28,"Andhra Pradesh",248111,Badvel,Municipality,516227
28,"Andhra Pradesh",296260,Bethamcherla,"Town Panchayat",518599
28,"Andhra Pradesh",296260,Bethamcherla,"Town Panchayat",523357
28,"Andhra Pradesh",299714,"B Kothakota","Town Panchayat",523357
28,"Andhra Pradesh",248122,Chittoor,"Municipal Corporations",517002
28,"Andhra Pradesh",248122,Chittoor,"Municipal Corporations",517001
28,"Andhra Pradesh",251782,Cuddapah,"Municipal Corporations",516001
28,"Andhra Pradesh",296261,Dachepalli,"Town Panchayat",523357
28,"Andhra Pradesh",296263,Darsi,"Town Panchayat",523240
28,"Andhra Pradesh",248115,Dharmavaram,Municipality,515672
28,"Andhra Pradesh",251739,Eluru,"Municipal Corporations",534007
28,"Andhra Pradesh",257869,Giddalur,"Town Panchayat",523357
28,"Andhra Pradesh",251797,Gooty,Municipality,515401
28,"Andhra Pradesh",263068,Gudur,Municipality,524101
28,"Andhra Pradesh",251773,"Gudur (Kurnool)","Town Panchayat",523357
28,"Andhra Pradesh",251757,Guntur,"Municipal Corporations",522003
28,"Andhra Pradesh",251757,Guntur,"Municipal Corporations",522001
28,"Andhra Pradesh",251757,Guntur,"Municipal Corporations",522006
28,"Andhra Pradesh",296262,Gurajala,"Town Panchayat",522415
28,"Andhra Pradesh",296262,Gurajala,"Town Panchayat",523357
28,"Andhra Pradesh",251696,Ichapuram,Municipality,523357
28,"Andhra Pradesh",251762,Markapur,Municipality,523316
28,"Andhra Pradesh",253297,Mydukur,Municipality,516172
28,"Andhra Pradesh",248125,Nagari,Municipality,517590
28,"Andhra Pradesh",257831,Naidupeta,Municipality,524126
28,"Andhra Pradesh",254922,Nandigama,Municipality,521185
28,"Andhra Pradesh",251711,Nellimarla,"Town Panchayat",535218
28,"Andhra Pradesh",248123,Palamaner,Municipality,517408
28,"Andhra Pradesh",251695,"Palasa Kasibugga",Municipality,523357
28,"Andhra Pradesh",253252,Pamidi,"Town Panchayat",523357
28,"Andhra Pradesh",251749,Pedana,Municipality,521366
28,"Andhra Pradesh",296250,Penukonda,"Town Panchayat",523357
28,"Andhra Pradesh",253167,Piduguralla,Municipality,522413
28,"Andhra Pradesh",299716,Podili,"Town Panchayat",523240
28,"Andhra Pradesh",253254,Puttaparthi,Municipality,515134
28,"Andhra Pradesh",253254,Puttaparthi,Municipality,523357
28,"Andhra Pradesh",248124,Srikalahasti,Municipality,517644
28,"Andhra Pradesh",251754,Vinukonda,Municipality,522647
28,"Andhra Pradesh",254923,Vuyyuru,"Town Panchayat",523240
28,"Andhra Pradesh",254923,Vuyyuru,"Town Panchayat",523357
28,"Andhra Pradesh",251787,Yemmiganur,Municipality,518360
29,Karnataka,299181,Anavatti,"Town Panchayat",577413
29,Karnataka,251906,Ankola,"Town Municipal Council",581314
29,Karnataka,251827,"Bail Hongal","Town Municipal Council",591102
29,Karnataka,299320,Bajape,"Town Panchayat",574142
29,Karnataka,252033,Bantval,"Town Municipal Council",574219
29,Karnataka,251864,Basavakalyan,"City Municipal Council",585327
29,Karnataka,251845,"Basavana Bagevadi","Town Municipal Council",586203
29,Karnataka,276600,Bbmp,"Municipal Corporations",560111
29,Karnataka,276600,Bbmp,"Municipal Corporations",560110
29,Karnataka,276600,Bbmp,"Municipal Corporations",560095
29,Karnataka,276600,Bbmp,"Municipal Corporations",560061
29,Karnataka,276600,Bbmp,"Municipal Corporations",560035
29,Karnataka,276600,Bbmp,"Municipal Corporations",560022
29,Karnataka,276600,Bbmp,"Municipal Corporations",560021
29,Karnataka,276600,Bbmp,"Municipal Corporations",560010
29,Karnataka,276600,Bbmp,"Municipal Corporations",560001
29,Karnataka,252034,Beltangadi,"Town Panchayat",574214
29,Karnataka,251911,Bhatkal,"Town Municipal Council",581320
29,Karnataka,251867,Bidar,"City Municipal Council",585403
29,Karnataka,276537,Bommasandra,"Town Municipal Council",560099
29,Karnataka,276559,Chadachana,"Town Panchayat",586205
29,Karnataka,251933,Challakere,"City Municipal Council",577522
29,Karnataka,276533,Chandapura,"Town Municipal Council",560081
29,Karnataka,251965,Chikkamagaluru,"City Municipal Council",577101
29,Karnataka,276575,Examba,"Town Panchayat",591244
29,Karnataka,251886,Gajendragarh,"Town Municipal Council",582114
29,Karnataka,251818,Gokak,"City Municipal Council",591307
29,Karnataka,251838,Guledgudda,"Town Municipal Council",587203
29,Karnataka,252049,Heggadadevankote,"Town Municipal Council",571114
29,Karnataka,251935,Holalkere,"Town Municipal Council",577526
29,Karnataka,251922,Hosapete,"City Municipal Council",583201
29,Karnataka,251820,Hukeri,"Town Municipal Council",591309
29,Karnataka,251840,Hungund,"Town Municipal Council",587118
29,Karnataka,276572,Jaali,"Town Panchayat",581320
29,Karnataka,251832,Jamkhandi,"City Municipal Council",587301
29,Karnataka,276464,Jigani,"Town Municipal Council",560105
29,Karnataka,296954,Kadaba,"Town Panchayat",574221
29,Karnataka,299331,Kagawada,"Town Panchayat",591223
29,Karnataka,248127,"Kalaburagi City Corporation","Municipal Corporations",585104
29,Karnataka,276611,Kamalapura,"Town Municipal Council",583221
29,Karnataka,301079,Kamatagi,"Town Panchayat",587120
29,Karnataka,251924,Kampli,"Town Municipal Council",583132
29,Karnataka,253188,Kanakpura,"City Municipal Council",562121
29,Karnataka,251972,Koratagere,"Town Panchayat",572129
29,Karnataka,251898,Kundgol,"Town Panchayat",581113
29,Karnataka,252039,Kushalnagar,"Town Municipal Council",571234
29,Karnataka,299317,Lokapura,"Town Panchayat",587122
29,Karnataka,251971,Madhugiri,"Town Municipal Council",572132
29,Karnataka,251830,Mahalingpur,"Town Municipal Council",587312
29,Karnataka,252005,Mandya,"City Municipal Council",571401
29,Karnataka,252021,Mangaluru,"Municipal Corporations",574141
29,Karnataka,251846,Muddebihal,"Town Municipal Council",586212
29,Karnataka,251870,Mudgal,"Town Municipal Council",584125
29,Karnataka,252045,Mysuru,"Municipal Corporations",570034
29,Karnataka,252045,Mysuru,"Municipal Corporations",570010
29,Karnataka,252045,Mysuru,"Municipal Corporations",570002
29,Karnataka,301061,Naganur,"Town Panchayat",591224
29,Karnataka,276544,Nalatavada,"Town Panchayat",586124
29,Karnataka,299183,Nyamathi,"Town Panchayat",577223
29,Karnataka,252003,Pandavapura,"Town Municipal Council",571434
29,Karnataka,296955,Rattihalli,"Town Panchayat",581116
29,Karnataka,252008,Sakleshpur,"Town Municipal Council",573134
29,Karnataka,251954,Saligram,"Town Panchayat",576225
29,Karnataka,251861,Shahpur,"City Municipal Council",585223
29,Karnataka,299179,Shiruru,"Town Panchayat",576228
29,Karnataka,251969,Sira,"City Municipal Council",572137
29,Karnataka,276605,Siravara,"Town Panchayat",584129
29,Karnataka,251925,Siruguppa,"City Municipal Council",583121
29,Karnataka,251959,Sringeri,"Town Panchayat",577139
29,Karnataka,251831,Terdal,"Town Municipal Council",587315
29,Karnataka,276524,Turvihal,"Town Panchayat",584132
29,Karnataka,251955,Udupi,"City Municipal Council",576121
29,Karnataka,276565,"Ugar Khurda","Town Municipal Council",591316
29,Karnataka,251842,Vijayapura,"Town Municipal Council",586101
29,Karnataka,251856,Wadi,"Town Municipal Council",585225
30,Goa,252100,Canacona,Municipality,403702
30,Goa,252071,"City Corporation Panaji","Municipal Corporations",403001
30,Goa,252084,Mormugao,Municipality,403803
30,Goa,252099,Sanguem,Municipality,403704
32,Kerala,252253,Adoor,Municipality,682304
32,Kerala,252253,Adoor,Municipality,682301
32,Kerala,252247,Alappuzha,Municipality,688001
32,Kerala,252208,Angamaly,Municipality,683104
32,Kerala,252208,Angamaly,Municipality,682301
32,Kerala,252258,Attingal,Municipality,682304
32,Kerala,252205,Chalakudy,Municipality,683104
32,Kerala,252239,Changanassery,Municipality,682301
32,Kerala,252249,Chengannur,Municipality,682304
32,Kerala,252249,Chengannur,Municipality,683104
32,Kerala,272906,Cherpulassery,Municipality,682304
32,Kerala,252242,Cherthala,Municipality,682301
32,Kerala,252178,Chittur-Thathamangalam,Municipality,683104
32,Kerala,252178,Chittur-Thathamangalam,Municipality,682301
32,Kerala,252178,Chittur-Thathamangalam,Municipality,682304
32,Kerala,272892,Erattupetta,Municipality,686121
32,Kerala,272891,Ettumanoor,Municipality,683104
32,Kerala,272891,Ettumanoor,Municipality,686631
32,Kerala,252184,Guruvayoor,Municipality,683104
32,Kerala,272880,Harippad,Municipality,690514
32,Kerala,252204,Irinjalakuda,Municipality,680121
32,Kerala,252204,Irinjalakuda,Municipality,682304
32,Kerala,252155,Kalpetta,Municipality,682304
32,Kerala,252110,Kanhangad,Municipality,671315
32,Kerala,252110,Kanhangad,Municipality,683104
32,Kerala,252125,Kannur,"Municipal Corporations",670594
32,Kerala,272883,Kattappana,Municipality,682304
32,Kerala,252248,Kayamkulam,Municipality,682304
32,Kerala,252200,Kodungallur,Municipality,683104
32,Kerala,252200,Kodungallur,Municipality,682304
32,Kerala,252255,Kollam,"Municipal Corporations",682001
32,Kerala,272901,Kondotty,Municipality,673638
32,Kerala,272901,Kondotty,Municipality,682301
32,Kerala,272881,Koothattukulam,Municipality,683104
32,Kerala,272881,Koothattukulam,Municipality,682301
32,Kerala,272889,Kottarakkara,Municipality,682304
32,Kerala,272889,Kottarakkara,Municipality,691506
32,Kerala,252238,Kottayam,Municipality,686001
32,Kerala,252170,Malappuram,Municipality,682304
32,Kerala,252226,Maradu,Municipality,683104
32,Kerala,252226,Maradu,Municipality,682304
32,Kerala,252226,Maradu,Municipality,682301
32,Kerala,252139,Mattannur,Municipality,670702
32,Kerala,252250,Mavelikkara,Municipality,682304
32,Kerala,272898,Mukkom,Municipality,682304
32,Kerala,252230,Muvattupuzha,Municipality,686661
32,Kerala,252259,Nedumangad,Municipality,682301
32,Kerala,259711,Nileshwar,Municipality,671314
32,Kerala,272885,Panoor,Municipality,682304
32,Kerala,272885,Panoor,Municipality,670692
32,Kerala,272912,Parappanangadi,Municipality,683104
32,Kerala,252256,Paravoor,Municipality,683104
32,Kerala,252215,Paravur,Municipality,683104
32,Kerala,252252,Pathanamthitta,Municipality,682301
32,Kerala,252252,Pathanamthitta,Municipality,689645
32,Kerala,252111,Payyannur,Municipality,682304
32,Kerala,252111,Payyannur,Municipality,682301
32,Kerala,252111,Payyannur,Municipality,670307
32,Kerala,272882,Piravom,Municipality,682304
32,Kerala,252174,Shoranur,Municipality,682301
32,Kerala,272911,Sulthanbathery,Municipality,673592
32,Kerala,252112,Taliparamba,Municipality,682301
32,Kerala,252260,Thiruvananthapuram,"Municipal Corporations",695024
32,Kerala,252260,Thiruvananthapuram,"Municipal Corporations",695043
32,Kerala,252260,Thiruvananthapuram,"Municipal Corporations",695038
32,Kerala,252260,Thiruvananthapuram,"Municipal Corporations",695023
32,Kerala,252260,Thiruvananthapuram,"Municipal Corporations",695016
32,Kerala,252260,Thiruvananthapuram,"Municipal Corporations",695015
32,Kerala,252233,Thodupuzha,Municipality,683104
32,Kerala,259708,Thrikkakara,Municipality,683104
32,Kerala,252172,Tirur,Municipality,683104
32,Kerala,252172,Tirur,Municipality,682301
32,Kerala,252236,Vaikom,Municipality,686141
32,Kerala,252236,Vaikom,Municipality,682304
32,Kerala,272902,Valanchery,Municipality,683104
32,Kerala,252157,Vatakara,Municipality,673101
36,Telangana,263214,Achampet,Municipality,509375
36,Telangana,248083,Adilabad,Municipality,504001
36,Telangana,290144,Alair,Municipality,508101
36,Telangana,301596,Asifabad,Municipality,504293
36,Telangana,290140,Atmakur,Municipality,509131
36,Telangana,290201,Banswada,Municipality,503187
36,Telangana,290151,Bollaram,Municipality,502325
36,Telangana,302290,Chevella,Municipality,501503
36,Telangana,251686,Devarakonda,Municipality,508248
36,Telangana,290085,Gundlapochampally,Municipality,501401
36,Telangana,290090,Haliya,Municipality,508377
36,Telangana,251664,Hyderabad,"Municipal Corporations",500086
36,Telangana,251664,Hyderabad,"Municipal Corporations",500115
36,Telangana,251664,Hyderabad,"Municipal Corporations",500004
36,Telangana,251664,Hyderabad,"Municipal Corporations",500006
36,Telangana,251664,Hyderabad,"Municipal Corporations",500009
36,Telangana,251664,Hyderabad,"Municipal Corporations",500015
36,Telangana,251664,Hyderabad,"Municipal Corporations",500018
36,Telangana,251664,Hyderabad,"Municipal Corporations",500024
36,Telangana,251664,Hyderabad,"Municipal Corporations",500038
36,Telangana,251664,Hyderabad,"Municipal Corporations",500044
36,Telangana,251664,Hyderabad,"Municipal Corporations",500051
36,Telangana,251664,Hyderabad,"Municipal Corporations",500060
36,Telangana,251664,Hyderabad,"Municipal Corporations",500063
36,Telangana,251664,Hyderabad,"Municipal Corporations",500064
36,Telangana,251651,Jagtial,Municipality,505327
36,Telangana,251690,Jangaon,Municipality,506167
36,Telangana,258029,Kalwakurthy,Municipality,509324
36,Telangana,290092,Khanapur,Municipality,504203
36,Telangana,290064,Kothapally,Municipality,505451
36,Telangana,297017,Kothur,Municipality,509228
36,Telangana,290076,Kyathanpally,Municipality,504301
36,Telangana,257876,Madhira,Municipality,507203
36,Telangana,257971,Mahabubabad,Municipality,506101
36,Telangana,248101,Mahabubnagar,Municipality,509001
36,Telangana,290070,Maripeda,Municipality,506315
36,Telangana,248095,Medak,Municipality,502110
36,Telangana,253104,Metpalli,Municipality,505325
36,Telangana,302299,Moinabad,Municipality,501504
36,Telangana,302710,Muduchinthalapally,Municipality,500101
36,Telangana,290139,Pebbair,Municipality,509104
36,Telangana,290149,Shamshabad,Municipality,500108
36,Telangana,251684,Suryapet,Municipality,508213
36,Telangana,290152,Tellapur,Municipality,502032
36,Telangana,290102,Thukkuguda,Municipality,501359
36,Telangana,290079,Toopran,Municipality,502334
36,Telangana,290067,Yellareddy,Municipality,503122
20,Jharkhand,290364,"Badaki Suriya","Town Panchayat",825320
20,Jharkhand,250430,Chaibasa,Municipality,814101
20,Jharkhand,248129,Chatra,Municipality,825401
20,Jharkhand,248049,Deoghar,"Municipal Corporations",814115
20,Jharkhand,250378,Dhanbad,"Municipal Corporations",828119
20,Jharkhand,250378,Dhanbad,"Municipal Corporations",828127
20,Jharkhand,250378,Dhanbad,"Municipal Corporations",828133
20,Jharkhand,250378,Dhanbad,"Municipal Corporations",828309
20,Jharkhand,250378,Dhanbad,"Municipal Corporations",828302
20,Jharkhand,250378,Dhanbad,"Municipal Corporations",828301
20,Jharkhand,250378,Dhanbad,"Municipal Corporations",826001
20,Jharkhand,250378,Dhanbad,"Municipal Corporations",828106
20,Jharkhand,250378,Dhanbad,"Municipal Corporations",828107
20,Jharkhand,250378,Dhanbad,"Municipal Corporations",828108
20,Jharkhand,248054,Dumka,Municipality,814101
20,Jharkhand,250349,"Giridih Municipal Corporation","Municipal Corporations",815301
20,Jharkhand,248051,Godda,Municipality,814101
20,Jharkhand,248134,Jamtara,"Town Panchayat",815351
20,Jharkhand,248132,"Jhumri Telaiya",Municipality,814101
20,Jharkhand,248050,Madhupur,Municipality,814112
20,Jharkhand,248053,Rajmahal,"Town Panchayat",816108
20,Jharkhand,274814,"Ramgarh Nagar Parishad",Municipality,829130
20,Jharkhand,250413,Ranchi,"Municipal Corporations",834001
21,Odisha,248142,Athamallik,"Notified Area Council",759125
21,Odisha,250450,Belpahar,Municipality,768218
21,Odisha,250543,Berhampur,"Municipal Corporations",760006
21,Odisha,250543,Berhampur,"Municipal Corporations",760001
21,Odisha,250487,Bhadrak,Municipality,756100
21,Odisha,250520,Bhubaneswar,"Municipal Corporations",751023
21,Odisha,250520,Bhubaneswar,"Municipal Corporations",751003
21,Odisha,250520,Bhubaneswar,"Municipal Corporations",751008
21,Odisha,250520,Bhubaneswar,"Municipal Corporations",751024
21,Odisha,250548,Boudhgarh,"Notified Area Council",762014
21,Odisha,276631,Chandabali,"Notified Area Council",756133
21,Odisha,250494,Choudwar,Municipality,754025
21,Odisha,262987,Dasapalla,"Notified Area Council",752084
21,Odisha,276632,Dhamanagar,"Notified Area Council",756117
21,Odisha,263009,Dharmagarh,"Notified Area Council",766015
21,Odisha,250564,Gunupur,Municipality,765022
21,Odisha,250574,Jeypur,Municipality,764005
21,Odisha,250574,Jeypur,Municipality,764003
21,Odisha,250471,Joda,Municipality,758034
21,Odisha,250545,Kasinagar,"Notified Area Council",761206
21,Odisha,250491,Kendrapara,Municipality,754211
21,Odisha,250474,Kendujhar,Municipality,758001
21,Odisha,250535,Khalikote,"Notified Area Council",761029
21,Odisha,250510,Khandapada,"Notified Area Council",752077
21,Odisha,250453,Kochinda,"Notified Area Council",768222
21,Odisha,250534,Kodala,"Notified Area Council",761032
21,Odisha,250523,Konark,"Notified Area Council",752111
21,Odisha,276434,Odogaon,"Notified Area Council",752081
21,Odisha,250533,Polasara,"Notified Area Council",761105
21,Odisha,250524,Puri,Municipality,752002
21,Odisha,250524,Puri,Municipality,752001
21,Odisha,250467,Raurkela,"Municipal Corporations",769016
21,Odisha,250467,Raurkela,"Municipal Corporations",769014
21,Odisha,250549,Tarbha,"Notified Area Council",767016
21,Odisha,250479,Udala,"Notified Area Council",757041
34,Puducherry,253096,Karaikal,Municipality,609602
34,Puducherry,253094,Pondicherry,Municipality,605004
18,Assam,277149,Majuli,"Town Panchayat",785104
27,Maharashtra,276571,Jalgaon,"Municipal Corporations",425001
9,"Uttar Pradesh",249531,Varanasi,"Municipal Corporations",221004
29,Karnataka,251992,"Dod Ballapur","City Municipal Council",561203
8,Rajasthan,301437,Dalot,"Town Panchayat",313325
8,Rajasthan,301457,Hindoli,Municipality,305921
8,Rajasthan,293844,"Greater Jaipur","Municipal Corporations",302015
8,Rajasthan,293844,"Greater Jaipur","Municipal Corporations",302019
8,Rajasthan,293844,"Greater Jaipur","Municipal Corporations",302021
8,Rajasthan,293843,Jodhpur-North,"Municipal Corporations",342007
8,Rajasthan,293843,Jodhpur-North,"Municipal Corporations",342001
8,Rajasthan,248760,Jodhpur-South,"Municipal Corporations",342005
8,Rajasthan,248760,Jodhpur-South,"Municipal Corporations",342024
8,Rajasthan,248845,Kota-South,"Municipal Corporations",324009
10,Bihar,301353,Yogapatti,"Town Panchayat",845452
8,Rajasthan,301910,"Kuri Bhagtasani",Municipality,305921
8,Rajasthan,300050,Semari,"Town Panchayat",313903
8,Rajasthan,299939,Gudhagorji,"Town Panchayat",328027
8,Rajasthan,301443,Kelwara,"Town Panchayat",328024
8,Rajasthan,302205,Khandar,Municipality,322025
8,Rajasthan,301459,Ramdevra,"Town Panchayat",313325
8,Rajasthan,302223,Sayla,Municipality,305921
8,Rajasthan,301405,Ahore,"Town Panchayat",307029
8,Rajasthan,299977,Ajeetgarh,"Town Panchayat",328027
8,Rajasthan,299977,Ajeetgarh,"Town Panchayat",313325
8,Rajasthan,248788,Ajmer,"Municipal Corporations",305024
8,Rajasthan,248865,Aklera,"Town Panchayat",313325
8,Rajasthan,301433,Akola,"Town Panchayat",328027
8,Rajasthan,248699,Alwar,"Municipal Corporations",313203
8,Rajasthan,248656,Anupgarh,"Town Panchayat",313325
8,Rajasthan,299784,"Balesar Satta","Town Panchayat",342023
8,Rajasthan,299784,"Balesar Satta","Town Panchayat",328027
8,Rajasthan,248785,Bali,"Town Panchayat",306701
8,Rajasthan,248785,Bali,"Town Panchayat",328024
8,Rajasthan,296936,Bamanwas,"Town Panchayat",328024
8,Rajasthan,296936,Bamanwas,"Town Panchayat",322211
8,Rajasthan,296923,Bansur,"Town Panchayat",313325
8,Rajasthan,248835,Banswara,Municipality,305921
8,Rajasthan,301412,Bap,"Town Panchayat",313325
8,Rajasthan,301412,Bap,"Town Panchayat",328027
8,Rajasthan,300347,"Baroda Meo","Town Panchayat",301021
8,Rajasthan,296931,Baseri,"Town Panchayat",313325
8,Rajasthan,299976,Basni,"Town Panchayat",328027
8,Rajasthan,299976,Basni,"Town Panchayat",341021
8,Rajasthan,296925,Bassi,"Town Panchayat",328024
8,Rajasthan,248711,Bayana,"Town Panchayat",313325
8,Rajasthan,248790,Beawar,Municipality,305901
8,Rajasthan,248790,Beawar,Municipality,305921
8,Rajasthan,248837,Begun,"Town Panchayat",328024
8,Rajasthan,248694,Behror,"Town Panchayat",328024
8,Rajasthan,248694,Behror,"Town Panchayat",328027
8,Rajasthan,301435,Bhandarej,"Town Panchayat",303501
8,Rajasthan,301435,Bhandarej,"Town Panchayat",328024
8,Rajasthan,248867,"Bhawani Mandi","Town Panchayat",313325
8,Rajasthan,248867,"Bhawani Mandi","Town Panchayat",326502
8,Rajasthan,248812,Bhilwara,"Municipal Corporations",305921
8,Rajasthan,248823,Bhinder,"Town Panchayat",313603
8,Rajasthan,248695,Bhiwadi,Municipality,301019
8,Rajasthan,296924,Bhopalgarh,"Town Panchayat",328024
8,Rajasthan,301915,Bijoliya,Municipality,305921
8,Rajasthan,248667,Bikaner,"Municipal Corporations",334001
8,Rajasthan,248762,Bilara,"Town Panchayat",328027
8,Rajasthan,248762,Bilara,"Town Panchayat",328024
8,Rajasthan,248681,Bissau,"Town Panchayat",313325
8,Rajasthan,299825,Bonli,"Town Panchayat",322023
8,Rajasthan,248806,Bundi,Municipality,305921
8,Rajasthan,248806,Bundi,Municipality,323001
8,Rajasthan,248737,Chaksu,"Town Panchayat",328024
8,Rajasthan,248737,Chaksu,"Town Panchayat",303901
8,Rajasthan,248860,Chhabra,"Town Panchayat",313325
8,Rajasthan,248679,Chhapar,"Town Panchayat",313325
8,Rajasthan,248839,Chittorgarh,Municipality,305921
8,Rajasthan,248839,Chittorgarh,Municipality,313203
8,Rajasthan,302181,Chohtan,Municipality,344702
8,Rajasthan,248730,Chomu,"Town Panchayat",303602
8,Rajasthan,302855,Dag,Municipality,326514
8,Rajasthan,299941,Danta,"Town Panchayat",328024
8,Rajasthan,248725,Dausa,Municipality,305921
8,Rajasthan,248705,Deeg,Municipality,321203
8,Rajasthan,277231,Degana,"Town Panchayat",328024
8,Rajasthan,277231,Degana,"Town Panchayat",341503
8,Rajasthan,301414,Dei,"Town Panchayat",313325
8,Rajasthan,301414,Dei,"Town Panchayat",328027
8,Rajasthan,248816,Deogarh,"Town Panchayat",328024
8,Rajasthan,248668,Deshnoke,"Town Panchayat",313325
8,Rajasthan,248668,Deshnoke,"Town Panchayat",334801
8,Rajasthan,299942,Dhariawad,"Town Panchayat",313325
8,Rajasthan,248713,Dhaulpur,Municipality,313203
8,Rajasthan,248713,Dhaulpur,Municipality,305921
8,Rajasthan,302255,Dhod,"Town Panchayat",313325
8,Rajasthan,302257,Dhorimanna,"Town Panchayat",328024
8,Rajasthan,302257,Dhorimanna,"Town Panchayat",328027
8,Rajasthan,302257,Dhorimanna,"Town Panchayat",313325
8,Rajasthan,248748,Didwana,"Town Panchayat",341303
8,Rajasthan,301439,Dooni,"Town Panchayat",328024
8,Rajasthan,301913,Dundlod,Municipality,333702
8,Rajasthan,301913,Dundlod,Municipality,305921
8,Rajasthan,301913,Dundlod,Municipality,313203
8,Rajasthan,248831,Dungarpur,Municipality,305921
8,Rajasthan,248784,Falna,"Town Panchayat",328027
8,Rajasthan,248821,Fatehnagar,"Town Panchayat",328027
8,Rajasthan,248739,Fatehpur,"Town Panchayat",332301
8,Rajasthan,301440,Fhagi,"Town Panchayat",313325
8,Rajasthan,248811,Gangapur,"Town Panchayat",313325
8,Rajasthan,302263,Gharsana,"Town Panchayat",313325
8,Rajasthan,301442,Goluwala,"Town Panchayat",328024
8,Rajasthan,301442,Goluwala,"Town Panchayat",313325
8,Rajasthan,248809,Gulabpura,"Town Panchayat",328024
8,Rajasthan,248809,Gulabpura,"Town Panchayat",328027
8,Rajasthan,248662,Hanumangarh,Municipality,335512
8,Rajasthan,248716,"Hindaun City",Municipality,322230
8,Rajasthan,248802,Indragarh,"Town Panchayat",328027
8,Rajasthan,248802,Indragarh,"Town Panchayat",313325
8,Rajasthan,263007,Itawa,"Town Panchayat",328027
8,Rajasthan,248763,Jaisalmer,Municipality,305921
8,Rajasthan,301912,Jakhal,Municipality,305921
8,Rajasthan,301912,Jakhal,Municipality,333305
8,Rajasthan,301911,"Jamwa Ramgarh",Municipality,313325
8,Rajasthan,248862,Jhalawar,Municipality,313203
8,Rajasthan,248683,Jhunjhunun,Municipality,305921
8,Rajasthan,248732,Jobner,"Town Panchayat",328027
8,Rajasthan,302800,Kaladera,Municipality,303801
8,Rajasthan,248824,Kanor,"Town Panchayat",313604
8,Rajasthan,248840,Kapasan,"Town Panchayat",313325
8,Rajasthan,248804,Kaprain,"Town Panchayat",313325
8,Rajasthan,248717,Karauli,Municipality,322241
8,Rajasthan,248793,Kekri,"Town Panchayat",328027
8,Rajasthan,248793,Kekri,"Town Panchayat",313325
8,Rajasthan,248649,Kesrisinghpur,"Town Panchayat",313325
8,Rajasthan,248649,Kesrisinghpur,"Town Panchayat",328024
8,Rajasthan,277601,Khatushyamji,"Town Panchayat",332602
8,Rajasthan,302813,Khejroli,Municipality,303803
8,Rajasthan,248690,Khetri,Municipality,333503
8,Rajasthan,248786,Kishangarh,Municipality,305801
8,Rajasthan,248731,"Kishangarh Renwal","Town Panchayat",328027
8,Rajasthan,248752,Kuchera,"Town Panchayat",341024
8,Rajasthan,248752,Kuchera,"Town Panchayat",328027
8,Rajasthan,248707,Kumher,"Town Panchayat",321201
8,Rajasthan,248836,Kushalgarh,"Town Panchayat",313325
8,Rajasthan,248803,Lakheri,"Town Panchayat",328027
8,Rajasthan,248803,Lakheri,"Town Panchayat",313325
8,Rajasthan,248803,Lakheri,"Town Panchayat",323603
8,Rajasthan,248726,Lalsot,Municipality,313325
8,Rajasthan,301407,Malakheda,Municipality,305921
8,Rajasthan,301407,Malakheda,Municipality,301406
8,Rajasthan,299765,Mandawar,"Town Panchayat",328024
8,Rajasthan,296926,Mandawari,"Town Panchayat",313325
8,Rajasthan,301413,Mandrayal,Municipality,322251
8,Rajasthan,301413,Mandrayal,Municipality,313203
8,Rajasthan,248856,Mangrol,"Town Panchayat",328024
8,Rajasthan,248773,"Mount Abu","Town Panchayat",328024
8,Rajasthan,248773,"Mount Abu","Town Panchayat",328027
8,Rajasthan,248691,Mukandgarh,"Town Panchayat",333705
8,Rajasthan,248691,Mukandgarh,"Town Panchayat",328027
8,Rajasthan,301461,Mundawar,"Town Panchayat",301407
8,Rajasthan,301461,Mundawar,"Town Panchayat",328027
8,Rajasthan,248706,Nadbai,Municipality,321602
8,Rajasthan,248704,Nagar,"Town Panchayat",313325
8,Rajasthan,248801,Nainwa,"Town Panchayat",328024
8,Rajasthan,300321,Narayana,"Town Panchayat",328027
8,Rajasthan,300321,Narayana,"Town Panchayat",328024
8,Rajasthan,301905,Narayanpur,Municipality,301024
8,Rajasthan,301446,Nauganwa,"Town Panchayat",313325
8,Rajasthan,248692,Nawalgarh,"Town Panchayat",313325
8,Rajasthan,248746,Neem-Ka-Thana,Municipality,332402
8,Rajasthan,248746,Neem-Ka-Thana,Municipality,313325
8,Rajasthan,299935,Neemrana,Municipality,313325
8,Rajasthan,248841,Nimbahera,"Town Panchayat",312601
8,Rajasthan,248796,Niwai,"Town Panchayat",328027
8,Rajasthan,248665,Nohar,Municipality,313325
8,Rajasthan,248653,Padampur,"Town Panchayat",313325
8,Rajasthan,296922,Paota-Pragpura,Municipality,303104
8,Rajasthan,277602,"Partapur -Garhi","Town Panchayat",313325
8,Rajasthan,277602,"Partapur -Garhi","Town Panchayat",328024
8,Rajasthan,302259,Peeplu,"Town Panchayat",328024
8,Rajasthan,248759,Phalodi,"Town Panchayat",328027
8,Rajasthan,248759,Phalodi,"Town Panchayat",328024
8,Rajasthan,248734,Phulera,"Town Panchayat",328027
8,Rajasthan,277234,Pindwara,"Town Panchayat",307022
8,Rajasthan,248761,"Pipar City","Town Panchayat",328027
8,Rajasthan,248868,Pirawa,"Town Panchayat",328027
8,Rajasthan,248764,Pokaran,"Town Panchayat",313325
8,Rajasthan,248764,Pokaran,"Town Panchayat",328024
8,Rajasthan,248844,Pratapgarh,Municipality,301027
8,Rajasthan,248787,Pushkar,Municipality,305022
8,Rajasthan,248655,Raisinghnagar,"Town Panchayat",335051
8,Rajasthan,248655,Raisinghnagar,"Town Panchayat",328027
8,Rajasthan,248655,Raisinghnagar,"Town Panchayat",328024
8,Rajasthan,248655,Raisinghnagar,"Town Panchayat",313325
8,Rajasthan,248714,Rajakhera,"Town Panchayat",313325
8,Rajasthan,248714,Rajakhera,"Town Panchayat",328027
8,Rajasthan,248714,Rajakhera,"Town Panchayat",328024
8,Rajasthan,248677,Rajaldesar,"Town Panchayat",331802
8,Rajasthan,248671,"Rajgarh (Alwar)",Municipality,301408
8,Rajasthan,248700,Rajgarh(Churu),"Town Panchayat",313325
8,Rajasthan,248700,Rajgarh(Churu),"Town Panchayat",328024
8,Rajasthan,248700,Rajgarh(Churu),"Town Panchayat",328027
8,Rajasthan,248851,"Ramganj Mandi","Town Panchayat",328027
8,Rajasthan,248780,Rani,"Town Panchayat",328027
8,Rajasthan,248676,Ratangarh,Municipality,331022
8,Rajasthan,248674,Ratannagar,"Town Panchayat",331021
8,Rajasthan,248838,Rawatbhata,Municipality,313325
8,Rajasthan,248652,Sadulshahar,"Town Panchayat",335062
8,Rajasthan,248832,Sagwara,"Town Panchayat",314025
8,Rajasthan,248733,Sambhar,"Town Panchayat",328027
8,Rajasthan,248661,Sangaria,"Town Panchayat",328024
8,Rajasthan,248855,Sangod,"Town Panchayat",328027
8,Rajasthan,296932,Sapotra,Municipality,313325
8,Rajasthan,248672,Sardarshahar,"Town Panchayat",328024
8,Rajasthan,248672,Sardarshahar,"Town Panchayat",331403
8,Rajasthan,296930,Sarmathura,"Town Panchayat",328027
8,Rajasthan,296930,Sarmathura,"Town Panchayat",328026
8,Rajasthan,301460,Seeswali,"Town Panchayat",328027
8,Rajasthan,301460,Seeswali,"Town Panchayat",313325
8,Rajasthan,248729,Shahpura,Municipality,303103
8,Rajasthan,277235,Shahpura..(Bhilwara),"Town Panchayat",313325
8,Rajasthan,248770,Sheoganj,"Town Panchayat",313325
8,Rajasthan,248741,Sikar,Municipality,332001
8,Rajasthan,301451,Sikaray,Municipality,303508
8,Rajasthan,298995,Sikri,"Town Panchayat",321024
8,Rajasthan,301409,Singhana,Municipality,301409
8,Rajasthan,248771,Sirohi,Municipality,313203
8,Rajasthan,299757,Siwana,"Town Panchayat",313325
8,Rajasthan,248776,Sojat,"Town Panchayat",328024
8,Rajasthan,302249,"Sojat Road",Municipality,313203
8,Rajasthan,248675,"Sri Dungargarh","Town Panchayat",328024
8,Rajasthan,248651,"Sri Ganganagar",Municipality,313203
8,Rajasthan,248650,Srikaranpur,"Town Panchayat",335073
8,Rajasthan,248744,"Sri Madhopur",Municipality,332715
8,Rajasthan,301453,Suket,"Town Panchayat",328024
8,Rajasthan,302258,Sultana,"Town Panchayat",333028
8,Rajasthan,296933,Sultanpur,"Town Panchayat",313325
8,Rajasthan,248782,Takhatgarh,"Town Panchayat",328027
8,Rajasthan,248670,Taranagar,"Town Panchayat",313325
8,Rajasthan,299937,Tibbi,"Town Panchayat",328027
8,Rajasthan,299937,Tibbi,"Town Panchayat",335526
8,Rajasthan,248696,Tijara,"Town Panchayat",313325
8,Rajasthan,302253,Tinwari,"Town Panchayat",328024
8,Rajasthan,298994,Uchchain,"Town Panchayat",313325
8,Rajasthan,298994,Uchchain,"Town Panchayat",328024
8,Rajasthan,298994,Uchchain,"Town Panchayat",328027
8,Rajasthan,248822,Udaipur,"Municipal Corporations",313002
8,Rajasthan,248822,Udaipur,"Municipal Corporations",313331
8,Rajasthan,248693,Udaipurwati,"Town Panchayat",328024
8,Rajasthan,248800,Uniara,"Town Panchayat",304024
9,"Uttar Pradesh",249487,Adari,"Town Panchayat",275102
9,"Uttar Pradesh",248917,Afzalgarh,Municipality,246722
9,"Uttar Pradesh",249062,Agra,"Municipal Corporations",282002
9,"Uttar Pradesh",248877,Ambehta,"Town Panchayat",247340
9,"Uttar Pradesh",249402,Amethi(Amethi),"Town Panchayat",227405
9,"Uttar Pradesh",249011,Anupshahr,Municipality,203390
9,"Uttar Pradesh",249022,Atrauli,Municipality,202280
9,"Uttar Pradesh",249273,Auraiya,Municipality,206122
9,"Uttar Pradesh",249217,Auras,"Town Panchayat",209870
9,"Uttar Pradesh",249391,Ayodhya,"Municipal Corporations",224001
9,"Uttar Pradesh",249472,Azmatgarh,"Town Panchayat",276124
9,"Uttar Pradesh",249428,Baansi,Municipality,272153
9,"Uttar Pradesh",249269,"Babarpur Ajitmal","Town Panchayat",206121
9,"Uttar Pradesh",297056,"Badhani Chafa","Town Panchayat",272189
9,"Uttar Pradesh",249346,Bahuwa,"Town Panchayat",212663
9,"Uttar Pradesh",301242,"Banaras Locomotive Works","Notified Area Council",221004
9,"Uttar Pradesh",248889,Banat,"Town Panchayat",247776
9,"Uttar Pradesh",297057,Banda,"Town Panchayat",210001
9,"Uttar Pradesh",249212,Bangarmau,Municipality,209868
9,"Uttar Pradesh",249448,Bansgaon,"Town Panchayat",273403
9,"Uttar Pradesh",299018,Barauli,"Town Panchayat",281301
9,"Uttar Pradesh",249149,Bareilly,"Municipal Corporations",243001
9,"Uttar Pradesh",248870,Behat,"Town Panchayat",247121
9,"Uttar Pradesh",277186,Belhara,"Town Panchayat",231312
9,"Uttar Pradesh",249492,"Belthara Road","Town Panchayat",221715
9,"Uttar Pradesh",249093,Bhargain,"Town Panchayat",207244
9,"Uttar Pradesh",249264,Bharthana,Municipality,206242
9,"Uttar Pradesh",248928,"Bhojpur Dharampur","Town Panchayat",244402
9,"Uttar Pradesh",249267,Bidhuna,"Town Panchayat",206243
9,"Uttar Pradesh",248941,Bilaspur,Municipality,244921
9,"Uttar Pradesh",249085,Bilram,"Town Panchayat",207124
9,"Uttar Pradesh",249163,Bilsanda,"Town Panchayat",262202
9,"Uttar Pradesh",249345,Bindki,Municipality,212635
9,"Uttar Pradesh",249118,Bisauli,Municipality,243720
9,"Uttar Pradesh",263351,Bkt,"Town Panchayat",226201
9,"Uttar Pradesh",248897,Budhana,"Town Panchayat",251309
9,"Uttar Pradesh",249009,Bugrasi,"Town Panchayat",203403
9,"Uttar Pradesh",249522,Chakia,"Town Panchayat",232103
9,"Uttar Pradesh",297076,Chandaus,"Town Panchayat",202132
9,"Uttar Pradesh",298915,Chauk,"Town Panchayat",273303
9,"Uttar Pradesh",249017,Chhatari,"Town Panchayat",203397
9,"Uttar Pradesh",249256,Chhibramau,Municipality,209721
9,"Uttar Pradesh",277189,Chirayakot,"Town Panchayat",276129
9,"Uttar Pradesh",249303,Chirgaon,Municipality,284301
9,"Uttar Pradesh",248882,Deoband,Municipality,247001
9,"Uttar Pradesh",248882,Deoband,Municipality,247554
9,"Uttar Pradesh",290251,Dhakia,"Town Panchayat",246762
9,"Uttar Pradesh",249262,Etawah,Municipality,206001
9,"Uttar Pradesh",249155,"Fatehganj Purvi","Town Panchayat",243506
9,"Uttar Pradesh",249213,"Fatehpur Chaurasi","Town Panchayat",209871
9,"Uttar Pradesh",297065,Fazilnagar,"Town Panchayat",274601
9,"Uttar Pradesh",297027,Gajralua,Municipality,244235
9,"Uttar Pradesh",249524,Gangapur,"Town Panchayat",221302
9,"Uttar Pradesh",297034,Gaurabadshahpur,"Town Panchayat",222133
9,"Uttar Pradesh",249458,"Gauri Bazar","Town Panchayat",274601
9,"Uttar Pradesh",300750,Ghaghsarabazar,"Town Panchayat",273209
9,"Uttar Pradesh",249105,Ghiraur,"Town Panchayat",205121
9,"Uttar Pradesh",249546,Ghorawal,"Town Panchayat",231210
9,"Uttar Pradesh",249537,"Gopi Ganj",Municipality,221303
9,"Uttar Pradesh",301249,"Grasim Industries Ltd","Notified Area Council",301249
9,"Uttar Pradesh",249372,Handia,"Town Panchayat",221503
9,"Uttar Pradesh",249035,Hasayan,"Town Panchayat",204212
9,"Uttar Pradesh",301244,"Hindalco Industries Ltd. Renukoot","Notified Area Council",231001
9,"Uttar Pradesh",249069,Jagner,"Town Panchayat",283115
9,"Uttar Pradesh",249001,Jahangirpur,"Town Panchayat",203141
9,"Uttar Pradesh",249174,Jalalabad,Municipality,242221
9,"Uttar Pradesh",249081,Jasrana,"Town Panchayat",283136
9,"Uttar Pradesh",248913,Jhalu,"Town Panchayat",246728
9,"Uttar Pradesh",263354,Jhinjhak,Municipality,209302
9,"Uttar Pradesh",249124,Kachhla,"Town Panchayat",243636
9,"Uttar Pradesh",249296,Kadaura,"Town Panchayat",285203
9,"Uttar Pradesh",249248,Kaimganj,Municipality,209502
9,"Uttar Pradesh",297807,Kalan,"Town Panchayat",242127
9,"Uttar Pradesh",249164,Kalinagar,"Town Panchayat",262124
9,"Uttar Pradesh",249252,Kamalganj,"Town Panchayat",209724
9,"Uttar Pradesh",249247,Kampil,"Town Panchayat",209505
9,"Uttar Pradesh",248926,Kanth(Moradabad),"Town Panchayat",244501
9,"Uttar Pradesh",249173,Kanth(Shahjhanpur),"Town Panchayat",242223
9,"Uttar Pradesh",249454,Kaptanganj,"Town Panchayat",274601
9,"Uttar Pradesh",297495,"Kasba Sangrampur Urf Unwal","Town Panchayat",273406
9,"Uttar Pradesh",249481,"Katghar Lalganj","Town Panchayat",276202
9,"Uttar Pradesh",249310,Kathera,"Town Panchayat",284205
9,"Uttar Pradesh",249420,"Katra Bazar","Town Panchayat",242301
9,"Uttar Pradesh",249433,Khalilabad,Municipality,272175
9,"Uttar Pradesh",297756,Khirauni(Suchittaganj),"Town Panchayat",224188
9,"Uttar Pradesh",274820,"Khoda Makanpur",Municipality,201014
9,"Uttar Pradesh",249018,Khurja,Municipality,203131
9,"Uttar Pradesh",249486,Kopaganj,"Town Panchayat",275305
9,"Uttar Pradesh",248930,Kundarki,"Town Panchayat",244413
9,"Uttar Pradesh",249103,Kuraoli,"Town Panchayat",205265
9,"Uttar Pradesh",249321,Kurara,"Town Panchayat",210505
9,"Uttar Pradesh",299071,Kurthijafarpur,"Town Panchayat",275305
9,"Uttar Pradesh",249182,Lakhimpur,Municipality,262701
9,"Uttar Pradesh",249242,Lalganj,"Town Panchayat",272171
9,"Uttar Pradesh",249318,Lalitpur,Municipality,284403
9,"Uttar Pradesh",248957,Lawar,"Town Panchayat",250222
9,"Uttar Pradesh",249234,Lucknow,"Municipal Corporations",226025
9,"Uttar Pradesh",249441,Maharajganj,Municipality,273303
9,"Uttar Pradesh",249239,Maharajganj(Azamgarh),"Town Panchayat",276137
9,"Uttar Pradesh",249186,Maholi,"Town Panchayat",261141
9,"Uttar Pradesh",249320,Mahroni,"Town Panchayat",284405
9,"Uttar Pradesh",249178,Mailani,"Town Panchayat",262803
9,"Uttar Pradesh",300510,Martinganj,"Town Panchayat",223224
9,"Uttar Pradesh",249227,Maurawan,"Town Panchayat",209821
9,"Uttar Pradesh",249220,Mohan,"Town Panchayat",209881
9,"Uttar Pradesh",297039,Mohanlalganj,"Town Panchayat",226301
9,"Uttar Pradesh",249117,Mundia,"Town Panchayat",243720
9,"Uttar Pradesh",248983,Muradnagar,Municipality,201206
9,"Uttar Pradesh",249534,"Nai Bazar","Town Panchayat",221409
9,"Uttar Pradesh",248920,Nehtaur,Municipality,246733
9,"Uttar Pradesh",297049,Nigohi,"Town Panchayat",242407
9,"Uttar Pradesh",248923,Noorpur,Municipality,246734
9,"Uttar Pradesh",249184,"Oel Dhakwa","Town Panchayat",262725
9,"Uttar Pradesh",249337,Oran,"Town Panchayat",210122
9,"Uttar Pradesh",249452,Padrauna,Municipality,274301
9,"Uttar Pradesh",290250,Pakbara,"Town Panchayat",244102
9,"Uttar Pradesh",249176,"Palia Kalan",Municipality,262902
9,"Uttar Pradesh",248962,Parikshitgarh,"Town Panchayat",250406
9,"Uttar Pradesh",248958,Phalauda,"Town Panchayat",250401
9,"Uttar Pradesh",249442,Pipiganj,"Town Panchayat",273165
9,"Uttar Pradesh",249369,Prayagraj,"Municipal Corporations",211017
9,"Uttar Pradesh",249369,Prayagraj,"Municipal Corporations",211015
9,"Uttar Pradesh",249369,Prayagraj,"Municipal Corporations",212212
9,"Uttar Pradesh",249034,Purdilnagar,"Town Panchayat",204214
9,"Uttar Pradesh",248893,Purquazi,"Town Panchayat",251327
9,"Uttar Pradesh",249226,Purwa,"Town Panchayat",209825
9,"Uttar Pradesh",249343,Rajapur,"Town Panchayat",210207
9,"Uttar Pradesh",297037,Rajpur,"Town Panchayat",209115
9,"Uttar Pradesh",249453,Ramkola,"Town Panchayat",274601
9,"Uttar Pradesh",299081,"Ram Sanehi Ghat","Town Panchayat",225409
9,"Uttar Pradesh",249219,Rasulabaad(Unnao),"Town Panchayat",209870
9,"Uttar Pradesh",297861,"Ratsar Kala","Town Panchayat",277123
9,"Uttar Pradesh",249461,Rudrapur,"Town Panchayat",274601
9,"Uttar Pradesh",300511,Rupaideeha,"Town Panchayat",271881
9,"Uttar Pradesh",249039,Sadabad,"Town Panchayat",281306
9,"Uttar Pradesh",249509,Sadat,"Town Panchayat",275204
9,"Uttar Pradesh",249499,Sahatwar,"Town Panchayat",277211
9,"Uttar Pradesh",249097,Sakit,"Town Panchayat",207121
9,"Uttar Pradesh",248934,Sambhal,Municipality,244302
9,"Uttar Pradesh",249301,Samthar,Municipality,284304
9,"Uttar Pradesh",249202,Sandi,Municipality,241403
9,"Uttar Pradesh",249209,Sandila,Municipality,241204
9,"Uttar Pradesh",249479,"Sarai Mir","Town Panchayat",276305
9,"Uttar Pradesh",248944,Shahbad,"Town Panchayat",244922
9,"Uttar Pradesh",249143,Shahi,"Town Panchayat",243505
9,"Uttar Pradesh",249493,"Sikanderpur (Ballia)","Town Panchayat",277303
9,"Uttar Pradesh",249003,Sikandrabad,Municipality,203205
9,"Uttar Pradesh",249083,Sirsaganj,Municipality,283151
9,"Uttar Pradesh",249192,"Tambaur Cum Ahmadabad","Town Panchayat",261208
9,"Uttar Pradesh",249151,"Thiriya Nizamat Khan","Town Panchayat",243123
9,"Uttar Pradesh",248879,Titron,"Town Panchayat",247343
9,"Uttar Pradesh",249133,Usawan,"Town Panchayat",243631
9,"Uttar Pradesh",249531,Varanasi,"Municipal Corporations",221001
9,"Uttar Pradesh",249029,Vijaigarh,"Town Panchayat",202170
9,"Uttar Pradesh",274822,Yeida,"Notified Area Council",201307
9,"Uttar Pradesh",297091,Zafrabad,"Town Panchayat",222180
9,"Uttar Pradesh",249382,Zaidpur,"Town Panchayat",225414
22,Chhattisgarh,253106,Aamdi,"Town Panchayat",493773
22,Chhattisgarh,250662,Bagbahara,Municipality,493449
22,Chhattisgarh,301522,Barela,"Town Panchayat",495330
22,Chhattisgarh,250658,Basna,"Town Panchayat",493554
22,Chhattisgarh,250639,Bhilai,"Municipal Corporations",490020
22,Chhattisgarh,250656,Bilaigarh,"Town Panchayat",493338
22,Chhattisgarh,250622,Bilha,"Town Panchayat",495224
22,Chhattisgarh,253144,Charama,"Town Panchayat",494337
22,Chhattisgarh,253112,Chhuriya,"Town Panchayat",491558
22,Chhattisgarh,253157,Chikhlakasa,"Town Panchayat",491228
22,Chhattisgarh,253111,Churikala,"Town Panchayat",495450
22,Chhattisgarh,301508,Dadhi,"Town Panchayat",491335
22,Chhattisgarh,301812,Devbhog,"Town Panchayat",493890
22,Chhattisgarh,250634,Dhamdha,"Town Panchayat",491331
22,Chhattisgarh,253156,Dondi,"Town Panchayat",491230
22,Chhattisgarh,250628,Dongargarh,Municipality,491445
22,Chhattisgarh,265121,Farasgaon,"Town Panchayat",494228
22,Chhattisgarh,301920,Ghumka,"Town Panchayat",491444
22,Chhattisgarh,250649,"Gobra Nawapara",Municipality,493881
22,Chhattisgarh,253154,Gunderdehi,"Town Panchayat",491223
22,Chhattisgarh,253284,Jaijaipur,"Town Panchayat",495690
22,Chhattisgarh,253115,Jarhi,"Town Panchayat",497235
22,Chhattisgarh,250582,Jhagrakhand,"Town Panchayat",497446
22,Chhattisgarh,250597,Katghora,Municipality,495445
22,Chhattisgarh,301834,Kusmi,"Town Panchayat",497224
22,Chhattisgarh,253118,Kusmi,"Town Panchayat",497224
22,Chhattisgarh,253184,Lavan,"Town Panchayat",493526
22,Chhattisgarh,250611,Lormi,Municipality,495115
22,Chhattisgarh,253108,Magarlod,"Town Panchayat",493662
22,Chhattisgarh,301513,Marwahi,"Town Panchayat",495118
22,Chhattisgarh,250602,"Naila Janjgir",Municipality,495668
22,Chhattisgarh,253283,Nawagarh,"Town Panchayat",491337
22,Chhattisgarh,301512,Pamgarh,"Town Panchayat",495554
22,Chhattisgarh,250591,Pathalgaon,Municipality,496118
22,Chhattisgarh,301809,Patna,"Town Panchayat",497331
22,Chhattisgarh,250660,Pithora,"Town Panchayat",493551
22,Chhattisgarh,253123,Pratappur,"Town Panchayat",497223
22,Chhattisgarh,250594,Raigarh,"Municipal Corporations",496001
22,Chhattisgarh,253117,Rajpur,"Town Panchayat",497118
22,Chhattisgarh,250583,Ramanujganj,Municipality,497220
22,Chhattisgarh,296874,Risali,"Municipal Corporations",490006
22,Chhattisgarh,298990,Samoda,"Town Panchayat",493441
22,Chhattisgarh,250657,"Tilda Newra",Municipality,493114
23,"Madhya Pradesh",250858,Agar,Municipality,465441
23,"Madhya Pradesh",250749,Ajaygarh,"Town Panchayat",488220
23,"Madhya Pradesh",250882,Alirajpur,Municipality,457887
23,"Madhya Pradesh",250719,Aron,"Town Panchayat",473101
23,"Madhya Pradesh",250715,Ashoknagar,Municipality,473331
23,"Madhya Pradesh",250744,"Bada -Malhera","Town Panchayat",471311
23,"Madhya Pradesh",250838,Badawada,"Town Panchayat",457226
23,"Madhya Pradesh",251041,Baihar,"Town Panchayat",481111
23,"Madhya Pradesh",297114,Bandri,"Town Panchayat",470442
23,"Madhya Pradesh",250962,Bareli,"Town Panchayat",464668
23,"Madhya Pradesh",300395,Bargawan,"Town Panchayat",486886
23,"Madhya Pradesh",250978,Barhi,"Town Panchayat",483770
23,"Madhya Pradesh",250978,Barhi,"Town Panchayat",477566
23,"Madhya Pradesh",300085,Barodiyakalan,"Town Panchayat",470441
23,"Madhya Pradesh",250907,Barwaha,Municipality,451115
23,"Madhya Pradesh",250957,Begamganj,Municipality,464881
23,"Madhya Pradesh",250805,Beohari,"Town Panchayat",484774
23,"Madhya Pradesh",248070,"Betul Bazar","Town Panchayat",460004
23,"Madhya Pradesh",250964,Bhainsdehi,"Town Panchayat",460220
23,"Madhya Pradesh",250946,Bhopal,"Municipal Corporations",462002
23,"Madhya Pradesh",250946,Bhopal,"Municipal Corporations",462033
23,"Madhya Pradesh",250946,Bhopal,"Municipal Corporations",462036
23,"Madhya Pradesh",250946,Bhopal,"Municipal Corporations",462011
23,"Madhya Pradesh",250946,Bhopal,"Municipal Corporations",462042
23,"Madhya Pradesh",250946,Bhopal,"Municipal Corporations",462044
23,"Madhya Pradesh",250808,Burhar,"Town Panchayat",484110
23,"Madhya Pradesh",263218,Chicholi,"Town Panchayat",460330
23,"Madhya Pradesh",250693,Daboh,"Town Panchayat",477447
23,"Madhya Pradesh",250896,Depalpur,"Town Panchayat",455111
23,"Madhya Pradesh",250893,"Dhamnod Ratlam","Town Panchayat",457001
23,"Madhya Pradesh",298927,Dola,"Town Panchayat",484446
23,"Madhya Pradesh",298928,"Doomar Kachhar","Town Panchayat",484446
23,"Madhya Pradesh",250739,"Garhi -Malhara","Town Panchayat",471411
23,"Madhya Pradesh",250831,Garoth,"Town Panchayat",458880
23,"Madhya Pradesh",298919,Ghodadongri,"Town Panchayat",460443
23,"Madhya Pradesh",250686,Gormi,"Town Panchayat",477660
23,"Madhya Pradesh",250694,Gwalior,"Municipal Corporations",474020
23,"Madhya Pradesh",250694,Gwalior,"Municipal Corporations",474008
23,"Madhya Pradesh",250694,Gwalior,"Municipal Corporations",474002
23,"Madhya Pradesh",250694,Gwalior,"Municipal Corporations",474003
23,"Madhya Pradesh",250694,Gwalior,"Municipal Corporations",474004
23,"Madhya Pradesh",250694,Gwalior,"Municipal Corporations",474006
23,"Madhya Pradesh",250900,Hatod,"Town Panchayat",453111
23,"Madhya Pradesh",250773,Hindoria,"Town Panchayat",470771
23,"Madhya Pradesh",250702,Indergarh,"Town Panchayat",475675
23,"Madhya Pradesh",250901,Indore,"Municipal Corporations",452012
23,"Madhya Pradesh",290257,Jatara,"Town Panchayat",472118
23,"Madhya Pradesh",250948,Jawar,"Town Panchayat",466221
23,"Madhya Pradesh",250879,Jhabua,Municipality,457661
23,"Madhya Pradesh",250859,Kanad,"Town Panchayat",465230
23,"Madhya Pradesh",250868,Kannod,"Town Panchayat",455111
23,"Madhya Pradesh",300387,Karrapur,"Town Panchayat",470337
23,"Madhya Pradesh",250911,Kasrawad,"Town Panchayat",451228
23,"Madhya Pradesh",251035,"Katangi Jabalpur","Town Panchayat",483105
23,"Madhya Pradesh",253193,Kotma,Municipality,484334
23,"Madhya Pradesh",250718,Kumbhraj,"Town Panchayat",473222
23,"Madhya Pradesh",250735,"Lavkush Nagar","Town Panchayat",471515
23,"Madhya Pradesh",263205,Makdon,"Town Panchayat",456668
23,"Madhya Pradesh",250861,Maksi,"Town Panchayat",465106
23,"Madhya Pradesh",250826,Manasa,"Town Panchayat",466331
23,"Madhya Pradesh",250892,Manawar,Municipality,454446
23,"Madhya Pradesh",250889,Mandav,"Town Panchayat",455111
23,"Madhya Pradesh",250796,Mauganj,"Town Panchayat",486331
23,"Madhya Pradesh",250905,Mhowgaon,"Town Panchayat",453441
23,"Madhya Pradesh",250677,Morena,"Municipal Corporations",476001
23,"Madhya Pradesh",250842,Namli,"Town Panchayat",457222
23,"Madhya Pradesh",250974,Narmadapuram,Municipality,461116
23,"Madhya Pradesh",251001,Narsimhapur,Municipality,487001
23,"Madhya Pradesh",250823,Neemuch,Municipality,458441
23,"Madhya Pradesh",293819,"New Ramnagar","Town Panchayat",485881
23,"Madhya Pradesh",251018,"Newton Chikhli Kalan","Town Panchayat",480557
23,"Madhya Pradesh",297118,"Niwali Bujurg","Town Panchayat",451770
23,"Madhya Pradesh",250921,Omkareshwar,"Town Panchayat",450554
23,"Madhya Pradesh",250802,Pali,Municipality,484551
23,"Madhya Pradesh",293826,Patera,"Town Panchayat",470772
23,"Madhya Pradesh",250772,Patharia,"Town Panchayat",470666
23,"Madhya Pradesh",250977,Pipariya,Municipality,461775
23,"Madhya Pradesh",289710,Pohari,"Town Panchayat",473775
23,"Madhya Pradesh",250955,Raisen,Municipality,464551
23,"Madhya Pradesh",250885,Rajgarh,Municipality,465661
23,"Madhya Pradesh",250825,Rampura,"Town Panchayat",458118
23,"Madhya Pradesh",248067,"Rampur Naikin","Town Panchayat",486775
23,"Madhya Pradesh",298921,Rannod,"Town Panchayat",473781
23,"Madhya Pradesh",250904,Rau,"Town Panchayat",453331
23,"Madhya Pradesh",298923,Roun,"Town Panchayat",476335
23,"Madhya Pradesh",250841,Sailana,"Town Panchayat",457550
23,"Madhya Pradesh",293820,Salichauka,"Town Panchayat",487881
23,"Madhya Pradesh",250781,Satna,"Municipal Corporations",485001
23,"Madhya Pradesh",250898,Sawer,"Town Panchayat",455111
23,"Madhya Pradesh",251033,Seoni,Municipality,480661
23,"Madhya Pradesh",262977,Shadora,"Town Panchayat",473330
23,"Madhya Pradesh",250986,"Shahpura Dindori","Town Panchayat",481990
23,"Madhya Pradesh",250926,"Shahpur Burhanpur","Town Panchayat",450445
23,"Madhya Pradesh",250860,Shajapur,Municipality,465001
23,"Madhya Pradesh",250862,Shujalpur,Municipality,465333
23,"Madhya Pradesh",250983,Sihora,Municipality,487441
23,"Madhya Pradesh",250850,Tarana,"Town Panchayat",456665
23,"Madhya Pradesh",290285,Tikamgarh,Municipality,472001
23,"Madhya Pradesh",250783,Unchahara,"Town Panchayat",485661
23,"Madhya Pradesh",250847,Unhel,"Town Panchayat",456221
23,"Madhya Pradesh",250944,Vidisha,Municipality,464001
19,"West Bengal",250175,Baidyabati,Municipality,712204
19,"West Bengal",250141,Baranagar,Municipality,700035
19,"West Bengal",250132,Barrackpur,Municipality,700122
19,"West Bengal",250132,Barrackpur,Municipality,700123
19,"West Bengal",250132,Barrackpur,Municipality,700120
19,"West Bengal",249999,Berhampore,Municipality,742101
19,"West Bengal",250173,Bhadreswar,Municipality,712124
19,"West Bengal",250173,Bhadreswar,Municipality,712125
19,"West Bengal",250145,Bidhannagar,"Municipal Corporations",700052
19,"West Bengal",250145,Bidhannagar,"Municipal Corporations",700064
19,"West Bengal",250145,Bidhannagar,"Municipal Corporations",700159
19,"West Bengal",289244,Buniadpur,Municipality,733121
19,"West Bengal",250038,Burdwan,Municipality,713101
19,"West Bengal",250103,Chakdaha,Municipality,741222
19,"West Bengal",250174,Champdany,Municipality,712222
19,"West Bengal",249985,Dalkhola,Municipality,733201
19,"West Bengal",250305,"Diamond Harbour",Municipality,743331
19,"West Bengal",250143,"Dum Dum",Municipality,700028
19,"West Bengal",250143,"Dum Dum",Municipality,700081
19,"West Bengal",250143,"Dum Dum",Municipality,700079
19,"West Bengal",250235,Egra,Municipality,721429
19,"West Bengal",249991,"English Bazar",Municipality,732101
19,"West Bengal",299774,Falakata,Municipality,735211
19,"West Bengal",250234,Haldia,Municipality,721607
19,"West Bengal",273006,Haringhata,Municipality,741252
19,"West Bengal",250171,"Hooghly Chinsurah",Municipality,712101
19,"West Bengal",250247,Howrah,"Municipal Corporations",711104
19,"West Bengal",250247,Howrah,"Municipal Corporations",711103
19,"West Bengal",250247,Howrah,"Municipal Corporations",711114
19,"West Bengal",250247,Howrah,"Municipal Corporations",711107
19,"West Bengal",249982,Islampore,Municipality,733202
19,"West Bengal",250214,Jhalda,Municipality,723202
19,"West Bengal",249984,Kaliaganj,Municipality,733129
19,"West Bengal",249947,Kalimpong,Municipality,734301
19,"West Bengal",250104,Kalyani,Municipality,741235
19,"West Bengal",250140,Kamarhati,Municipality,700083
19,"West Bengal",250140,Kamarhati,Municipality,700076
19,"West Bengal",250140,Kamarhati,Municipality,700058
19,"West Bengal",250232,Kharagpur,Municipality,721306
19,"West Bengal",250232,Kharagpur,Municipality,721302
19,"West Bengal",250232,Kharagpur,Municipality,721301
19,"West Bengal",250228,Kharar,Municipality,721222
19,"West Bengal",250137,Khardah,Municipality,700118
19,"West Bengal",250299,Kolkata,"Municipal Corporations",700108
19,"West Bengal",250299,Kolkata,"Municipal Corporations",700010
19,"West Bengal",249949,Kurseong,Municipality,734203
19,"West Bengal",301103,Maynaguri,Municipality,735224
19,"West Bengal",249948,Mirik,"Notified Area Council",734214
19,"West Bengal",249998,Murshidabad,Municipality,742160
19,"West Bengal",250124,Naihati,Municipality,743135
19,"West Bengal",250131,"North Barrackpore",Municipality,743122
19,"West Bengal",250131,"North Barrackpore",Municipality,743144
19,"West Bengal",250131,"North Barrackpore",Municipality,700120
19,"West Bengal",249990,"Old Malda",Municipality,732142
19,"West Bengal",250138,Panihati,Municipality,700110
19,"West Bengal",250138,Panihati,Municipality,700114
19,"West Bengal",250215,Purulia,Municipality,723101
19,"West Bengal",250025,Sainthia,Municipality,731234
19,"West Bengal",250176,Serampore,Municipality,712201
19,"West Bengal",250208,Sonamukhi,Municipality,722207
19,"West Bengal",250144,"South Dum Dum",Municipality,700074
19,"West Bengal",250026,Suri,Municipality,731103
19,"West Bengal",250098,Taherpur,"Notified Area Council",741159
19,"West Bengal",250248,Uluberia,Municipality,711310
19,"West Bengal",250248,Uluberia,Municipality,711308
19,"West Bengal",250179,"Uttarpara Kotrung",Municipality,712233
20,Jharkhand,253166,Adityapur,"Municipal Corporations",831013
20,Jharkhand,248049,Deoghar,"Municipal Corporations",815351
20,Jharkhand,250378,Dhanbad,"Municipal Corporations",828130
20,Jharkhand,250378,Dhanbad,"Municipal Corporations",826007
20,Jharkhand,250378,Dhanbad,"Municipal Corporations",828111
20,Jharkhand,248128,Garhwa,Municipality,814101
20,Jharkhand,248128,Garhwa,Municipality,822114
20,Jharkhand,250323,Hussainabad,"Town Panchayat",814112
20,Jharkhand,250323,Hussainabad,"Town Panchayat",822116
20,Jharkhand,250435,Jugsalai,Municipality,814101
20,Jharkhand,250435,Jugsalai,Municipality,831003
20,Jharkhand,250414,Khunti,"Town Panchayat",835210
20,Jharkhand,248137,Lohardaga,Municipality,814101
20,Jharkhand,300370,"Mahagama Municipal Corporation","Town Panchayat",814154
20,Jharkhand,253228,Manjhiaon,"Town Panchayat",822134
20,Jharkhand,248135,Mihijam,Municipality,814101
20,Jharkhand,274815,"Nagar Untari Nagar Panchayat","Town Panchayat",822121
20,Jharkhand,248052,Sahibganj,Municipality,816109
20,Jharkhand,248138,Simdega,Municipality,814101
21,Odisha,250500,Banki,"Notified Area Council",754008
21,Odisha,250469,Barbil,Municipality,758035
21,Odisha,250489,Basudebpur,Municipality,756125
21,Odisha,250543,Berhampur,"Municipal Corporations",760011
21,Odisha,250520,Bhubaneswar,"Municipal Corporations",751001
21,Odisha,250520,Bhubaneswar,"Municipal Corporations",751012
21,Odisha,250520,Bhubaneswar,"Municipal Corporations",751017
21,Odisha,250520,Bhubaneswar,"Municipal Corporations",751019
21,Odisha,250520,Bhubaneswar,"Municipal Corporations",751021
21,Odisha,250520,Bhubaneswar,"Municipal Corporations",751022
21,Odisha,250520,Bhubaneswar,"Municipal Corporations",751030
21,Odisha,250462,Biramitrapur,Municipality,770033
21,Odisha,263000,Champua,"Notified Area Council",758041
21,Odisha,250540,Chikiti,"Notified Area Council",761010
21,Odisha,250501,Cuttack,"Municipal Corporations",753001
21,Odisha,250538,Ganjam,"Notified Area Council",761026
21,Odisha,250563,Gudari,"Notified Area Council",765026
21,Odisha,250503,Jajapur,Municipality,755001
21,Odisha,250480,Karanjia,"Notified Area Council",757037
21,Odisha,250532,Kavisurjyanagar,"Notified Area Council",761104
21,Odisha,250559,Kesinga,"Notified Area Council",766012
21,Odisha,250535,Khalikote,"Notified Area Council",761030
21,Odisha,250514,Khordha,Municipality,752055
21,Odisha,250569,Nabarangapur,Municipality,764059
21,Odisha,263324,Paradeep,Municipality,754142
21,Odisha,250544,Paralakhemundi,Municipality,761200
21,Odisha,250554,Patnagarh,"Notified Area Council",767025
21,Odisha,250521,Pipili,"Notified Area Council",752104
21,Odisha,250524,Puri,Municipality,752003
21,Odisha,250531,Purusottampur,"Notified Area Council",761018
21,Odisha,250459,Rajagangapur,Municipality,770017
21,Odisha,262994,Ranapur,"Notified Area Council",752026
21,Odisha,250467,Raurkela,"Municipal Corporations",769012
21,Odisha,250467,Raurkela,"Municipal Corporations",769010
21,Odisha,250467,Raurkela,"Municipal Corporations",769008
21,Odisha,250565,Rayagada,Municipality,765001
21,Odisha,253100,Sambalpur,"Municipal Corporations",768018
21,Odisha,253100,Sambalpur,"Municipal Corporations",768019
21,Odisha,253100,Sambalpur,"Municipal Corporations",768002
21,Odisha,253100,Sambalpur,"Municipal Corporations",768003
21,Odisha,250550,Sonapur,Municipality,767017
21,Odisha,250458,Sundargarh,Municipality,770001
21,Odisha,250528,Surada,"Notified Area Council",761108
21,Odisha,250502,Vyasanagar,Municipality,755019
10,Bihar,299227,Alamnagar,"Town Panchayat",852219
10,Bihar,249562,Bagaha,Municipality,845101
10,Bihar,277136,Balia,Municipality,851211
10,Bihar,276406,Barsoi,"Town Panchayat",855102
10,Bihar,249661,Behea,"Town Panchayat",802152
10,Bihar,299176,Bihta,Municipality,801103
10,Bihar,249668,Bikramganj,Municipality,802212
10,Bihar,301284,Biraul,"Town Panchayat",847105
10,Bihar,300565,Bounsi,"Town Panchayat",813104
10,Bihar,249571,Chakia,Municipality,845412
10,Bihar,249586,Forbesganj,Municipality,854318
10,Bihar,276429,Harnaut,"Town Panchayat",803110
10,Bihar,299133,Hasanpura,"Town Panchayat",841226
10,Bihar,299186,Imamganj,"Town Panchayat",824206
10,Bihar,300547,Itarhi,"Town Panchayat",802123
10,Bihar,249578,Jainagar,"Town Panchayat",847226
10,Bihar,300557,Jankinagar,"Town Panchayat",854102
10,Bihar,299162,Kahra,"Town Panchayat",852202
10,Bihar,249604,Kataiya,"Town Panchayat",841226
10,Bihar,249595,Katihar,"Municipal Corporations",854106
10,Bihar,249649,Khagaul,Municipality,801105
10,Bihar,299187,Khizarsarai,"Town Panchayat",824233
10,Bihar,249667,Koath,"Town Panchayat",802216
10,Bihar,249660,Koilwar,"Town Panchayat",802160
10,Bihar,299204,Kudra,"Town Panchayat",821108
10,Bihar,249639,Lakhisarai,Municipality,811311
10,Bihar,249579,Madhubani,"Municipal Corporations",847211
10,Bihar,249618,Mahnar,Municipality,844506
10,Bihar,299156,Manjhi,"Town Panchayat",841313
10,Bihar,277128,Mehsi,"Town Panchayat",845426
10,Bihar,249657,Mokama,Municipality,803302
10,Bihar,249634,Munger,"Municipal Corporations",811201
10,Bihar,249598,Murliganj,"Town Panchayat",852122
10,Bihar,276646,Nasriganj,"Town Panchayat",821310
10,Bihar,276645,Naubatpur,"Town Panchayat",801109
10,Bihar,249582,Nirmali,"Town Panchayat",847452
10,Bihar,277127,"Pakri Dayal","Town Panchayat",845428
10,Bihar,299205,Paliganj,"Town Panchayat",801110
10,Bihar,265437,"Parsa Bazar","Town Panchayat",841219
10,Bihar,249650,Patna,"Municipal Corporations",800004
10,Bihar,249650,Patna,"Municipal Corporations",800006
10,Bihar,249650,Patna,"Municipal Corporations",800011
10,Bihar,249650,Patna,"Municipal Corporations",800021
10,Bihar,249650,Patna,"Municipal Corporations",801507
10,Bihar,249560,Ramnagar,"Town Panchayat",845103
10,Bihar,249560,Ramnagar,"Town Panchayat",845106
10,Bihar,301296,ROHTAS,"Town Panchayat",821311
10,Bihar,300550,Sangrampur,"Town Panchayat",813212
10,Bihar,249670,Sasaram,"Municipal Corporations",821115
10,Bihar,249658,Shahpur,"Town Panchayat",841226
10,Bihar,299229,"Shahpur Patori",Municipality,848504
10,Bihar,249646,Silao,"Town Panchayat",803117
10,Bihar,299195,Singhia,"Town Panchayat",848209
10,Bihar,249615,Sonepur,Municipality,841101
10,Bihar,299163,"Sour Bazar","Town Panchayat",852221
10,Bihar,299148,Suryagadha,Municipality,811106
10,Bihar,277130,Teghara,Municipality,851133
10,Bihar,249679,Tekari,Municipality,824236
10,Bihar,299226,Udakishunganj,Municipality,852220
10,Bihar,249685,Warisaliganj,Municipality,803109
11,Sikkim,249694,"Gangtok (M Corp.)","Municipal Corporations",737101
11,Sikkim,249692,"Namchi Municipal Council",Municipality,737126
1,"Jammu And Kashmir",248194,"Jammu Municipal Corporation","Municipal Corporations",180007
1,"Jammu And Kashmir",248172,"Municipal Committee Achabal",Municipality,192201
1,"Jammu And Kashmir",296990,"Municipal Committee Ashmuqam",Municipality,192125
1,"Jammu And Kashmir",276585,"Municipal Committee Basohli",Municipality,184202
1,"Jammu And Kashmir",248197,"Municipal Committee Bishnah",Municipality,181132
1,"Jammu And Kashmir",253136,"Municipal Committee Chadoora",Municipality,191113
1,"Jammu And Kashmir",248160,"Municipal Committee Khansahib",Municipality,191112
1,"Jammu And Kashmir",248163,"Municipal Committee Khrew",Municipality,191103
1,"Jammu And Kashmir",248170,"Municipal Committee Mattan",Municipality,192125
1,"Jammu And Kashmir",276586,"Municipal Committee Parole",Municipality,184151
1,"Jammu And Kashmir",248203,"Municipal Committee Ramgarh",Municipality,181141
1,"Jammu And Kashmir",296991,"Municipal Committee Seer Hamdan",Municipality,192129
1,"Jammu And Kashmir",248187,"Municipal Committee Thanamandi",Municipality,185212
1,"Jammu And Kashmir",248201,"Municipal Committee Vijaypur",Municipality,184120
1,"Jammu And Kashmir",248171,"Municipal Council Anantnag","Notified Area Council",192101
1,"Jammu And Kashmir",248174,"Municipal Council Kulgam","Notified Area Council",192231
1,"Jammu And Kashmir",248042,"Municipal Council Poonch","Notified Area Council",185101
1,"Jammu And Kashmir",248166,"Municipal Council Pulwama","Notified Area Council",192301
1,"Jammu And Kashmir",248156,"Srinagar Municipal Corporation","Municipal Corporations",190010
1,"Jammu And Kashmir",248156,"Srinagar Municipal Corporation","Municipal Corporations",190009
1,"Jammu And Kashmir",248156,"Srinagar Municipal Corporation","Municipal Corporations",190007
1,"Jammu And Kashmir",248156,"Srinagar Municipal Corporation","Municipal Corporations",190015
2,"Himachal Pradesh",274797,Baijnath-Paprola,"Town Panchayat",176125
2,"Himachal Pradesh",248239,Bilaspur,Municipality,174001
2,"Himachal Pradesh",248046,Chamba,Municipality,176310
2,"Himachal Pradesh",276627,Chowari,"Town Panchayat",176302
2,"Himachal Pradesh",248231,Daulatpur,"Town Panchayat",177204
2,"Himachal Pradesh",248251,Jubbal,"Town Panchayat",171205
2,"Himachal Pradesh",297010,Kandaghat,"Town Panchayat",173215
2,"Himachal Pradesh",276625,Karsog,"Town Panchayat",175011
2,"Himachal Pradesh",248234,"Mehatpur Basdehra",Municipality,174315
2,"Himachal Pradesh",248228,Nadaun,"Town Panchayat",177033
2,"Himachal Pradesh",248043,Nahan,Municipality,173212
2,"Himachal Pradesh",248238,"Naina Devi",Municipality,174310
2,"Himachal Pradesh",297011,Nirmand,"Town Panchayat",172023
2,"Himachal Pradesh",248217,Palampur,"Municipal Corporations",176061
2,"Himachal Pradesh",297015,Shahpur,"Town Panchayat",176206
2,"Himachal Pradesh",248224,Sundernagar,Municipality,175002
2,"Himachal Pradesh",248247,Suni,"Town Panchayat",171301
2,"Himachal Pradesh",248249,Theog,Municipality,171201
2,"Himachal Pradesh",248233,Una,Municipality,174303
3,Punjab,248294,Adampur,Municipality,144102
3,Punjab,299458,"Adda Devigarh","Town Panchayat",147111
3,Punjab,248382,Ahmedgarh,Municipality,148021
3,Punjab,248330,Amloh,Municipality,147203
3,Punjab,248367,Bathinda,"Municipal Corporations",151005
3,Punjab,261762,Bhadson,"Town Panchayat",147202
3,Punjab,248405,"Dera Bassi",Municipality,140507
3,Punjab,248262,Dhariwal,Municipality,143519
3,Punjab,248360,Faridkot,Municipality,151203
3,Punjab,248402,Ghanaur,"Town Panchayat",140702
3,Punjab,248357,Giddarbaha,Municipality,152101
3,Punjab,248379,Handiaya,"Town Panchayat",148107
3,Punjab,248343,Jagraon,Municipality,142026
3,Punjab,248362,Jaitu,Municipality,151202
3,Punjab,248296,Jalandhar,"Municipal Corporations",144027
3,Punjab,248276,Khemkaran,"Town Panchayat",143419
3,Punjab,260782,"Kot Shamir","Town Panchayat",151511
3,Punjab,277203,Lalru,Municipality,140501
3,Punjab,248287,"Lohian Khas","Town Panchayat",144629
3,Punjab,248338,Ludhiana,"Municipal Corporations",141001
3,Punjab,248335,Maloud,"Town Panchayat",141119
3,Punjab,248356,Malout,Municipality,152107
3,Punjab,277197,Mamdot,"Town Panchayat",152023
3,Punjab,248371,Maur,Municipality,151509
3,Punjab,248347,Moga,"Municipal Corporations",142001
3,Punjab,248320,Morinda,Municipality,140101
3,Punjab,277196,Nangal,Municipality,140126
3,Punjab,277196,Nangal,Municipality,140125
3,Punjab,248277,Patti,Municipality,143416
3,Punjab,248286,Phagwara,"Municipal Corporations",144401
3,Punjab,248293,Phillaur,Municipality,144410
3,Punjab,248278,Rayya,Municipality,143412
3,Punjab,248325,"S.A.S.Nagar - Mohali","Municipal Corporations",160071
3,Punjab,248325,"S.A.S.Nagar - Mohali","Municipal Corporations",160059
3,Punjab,248325,"S.A.S.Nagar - Mohali","Municipal Corporations",160055
3,Punjab,253124,"Talwandi Sabo","Town Panchayat",151302
3,Punjab,248349,Zira,Municipality,142047
4,Chandigarh,276386,Chandigarh,"Municipal Corporations",160014
4,Chandigarh,276386,Chandigarh,"Municipal Corporations",160017
4,Chandigarh,276386,Chandigarh,"Municipal Corporations",160022
4,Chandigarh,276386,Chandigarh,"Municipal Corporations",160036
4,Chandigarh,276386,Chandigarh,"Municipal Corporations",160043
5,Uttarakhand,248410,Barahat-Uttarkashi,Municipality,249193
5,Uttarakhand,248456,Bhimtal,Municipality,263136
5,Uttarakhand,277163,Chamiyala,"Town Panchayat",249125
5,Uttarakhand,248414,"Chamoli Gopeshwar",Municipality,246424
5,Uttarakhand,262842,Chiniyalisaur,Municipality,249196
5,Uttarakhand,248421,Devprayag,Municipality,249301
5,Uttarakhand,299524,Dhandera,"Town Panchayat",247667
5,Uttarakhand,248433,Doiwala,Municipality,248140
5,Uttarakhand,260112,Gairsain,"Town Panchayat",246428
5,Uttarakhand,277164,Gaja,"Town Panchayat",249146
5,Uttarakhand,262883,Gangolihat,Municipality,262522
5,Uttarakhand,299525,Garud,"Town Panchayat",263641
5,Uttarakhand,248463,Kashipur,"Municipal Corporations",244713
5,Uttarakhand,248486,Laksar,Municipality,247667
5,Uttarakhand,248486,Laksar,Municipality,247663
5,Uttarakhand,248460,Lalkuan,"Town Panchayat",262402
5,Uttarakhand,299527,Lalpur,"Town Panchayat",263148
5,Uttarakhand,277183,Lambgaon,"Town Panchayat",249165
5,Uttarakhand,248483,Landhaura,"Town Panchayat",247664
5,Uttarakhand,301877,Pati,"Town Panchayat",262561
5,Uttarakhand,276459,Pipalkoti,"Town Panchayat",246472
5,Uttarakhand,275670,"Piran Kaliyar","Town Panchayat",247667
5,Uttarakhand,277190,"Ranikhet Chiliyanaula",Municipality,263645
6,Haryana,290431,"Ambala Sadar","Notified Area Council",133001
6,Haryana,248585,Faridabad,"Municipal Corporations",121005
6,Haryana,248574,Farrukhnagar,Municipality,122506
6,Haryana,248538,Fatehabad,"Notified Area Council",125050
6,Haryana,248582,"Ferozepur Jhirka",Municipality,122104
6,Haryana,248528,Ganaur,Municipality,131101
6,Haryana,248527,Gohana,"Notified Area Council",131301
6,Haryana,248576,Gurugram,"Municipal Corporations",122001
6,Haryana,289253,Ismailabad,Municipality,136129
6,Haryana,276399,"Jakhal Mandi",Municipality,125133
6,Haryana,248562,Jhajjar,"Notified Area Council",124507
6,Haryana,248534,Julana,Municipality,126101
6,Haryana,248540,Kalanwali,Municipality,125201
6,Haryana,248563,Kanina,Municipality,123021
6,Haryana,248509,Ladwa,Municipality,136132
6,Haryana,297117,Manesar,"Municipal Corporations",122050
6,Haryana,274458,Radaur,Municipality,135133
6,Haryana,248542,Rania,Municipality,125076
6,Haryana,248536,Ratia,Municipality,125051
6,Haryana,248569,Rewari,"Notified Area Council",123103
6,Haryana,248569,Rewari,"Notified Area Council",123303
6,Haryana,248541,Sirsa,"Notified Area Council",125055
6,Haryana,248529,Sonipat,"Municipal Corporations",131001
6,Haryana,248537,Tohana,"Notified Area Council",125120
7,Delhi,276400,"East Delhi Municipal Corporation","Municipal Corporations",110090
7,Delhi,276400,"East Delhi Municipal Corporation","Municipal Corporations",110096
7,Delhi,276447,"New Delhi Municipal Council","NCT Municipal Council",110005
7,Delhi,276401,"North Delhi Municipal Corporation","Municipal Corporations",110041
7,Delhi,276402,"South Delhi Municipal Corporation","Municipal Corporations",110045
7,Delhi,276402,"South Delhi Municipal Corporation","Municipal Corporations",110062
7,Delhi,276402,"South Delhi Municipal Corporation","Municipal Corporations",110097
7,Delhi,276402,"South Delhi Municipal Corporation","Municipal Corporations",110020
7,Delhi,276402,"South Delhi Municipal Corporation","Municipal Corporations",110022
7,Delhi,276402,"South Delhi Municipal Corporation","Municipal Corporations",110025
7,Delhi,276402,"South Delhi Municipal Corporation","Municipal Corporations",110026
7,Delhi,276402,"South Delhi Municipal Corporation","Municipal Corporations",110027
12,"Arunachal Pradesh",249699,Bomdila,"Town Panchayat",790101
12,"Arunachal Pradesh",299587,Chayangtajo,"Town Panchayat",790102
12,"Arunachal Pradesh",249704,Daporijo,"Town Panchayat",791122
12,"Arunachal Pradesh",276621,Itanagar,"Municipal Corporations",791111
12,"Arunachal Pradesh",299590,Kharsang,"Town Panchayat",792124
12,"Arunachal Pradesh",299583,Kimin,"Town Panchayat",791119
12,"Arunachal Pradesh",299583,Kimin,"Town Panchayat",791121
12,"Arunachal Pradesh",249707,Pasighat,"Town Panchayat",791103
12,"Arunachal Pradesh",299592,Ruksin,"Town Panchayat",791102
12,"Arunachal Pradesh",249698,Tawang,"Town Panchayat",790104
12,"Arunachal Pradesh",249709,Tezu,"Town Panchayat",792001
13,Nagaland,276219,"Bhandari Town Council","Town Panchayat",797099
13,Nagaland,249721,"Chumukedima Town Council","Town Panchayat",797103
13,Nagaland,276218,"Longkhim Town Council","Town Panchayat",798616
13,Nagaland,276221,"Mangkolemba Town Council","Town Panchayat",798604
13,Nagaland,249723,"Phek Town Council","Town Panchayat",797108
13,Nagaland,276224,"Pungro Town Council","Town Panchayat",798611
13,Nagaland,299084,"Tamlu Town Council","Town Panchayat",798625
13,Nagaland,276226,"Tening Town Council","Town Panchayat",797101
13,Nagaland,276228,"Tobu Town Council","Town Panchayat",798603
14,Manipur,276546,Heirok,Municipality,795148
14,Manipur,276500,Kakching,Municipality,795103
14,Manipur,276536,"Kakching Khunou",Municipality,795103
14,Manipur,276548,"Lilong (Imphal West)",Municipality,795130
14,Manipur,276509,"Shikhong Sekmai",Municipality,795136
14,Manipur,276550,"Thongkhong Laxmi",Municipality,795009
14,Manipur,276513,Yairipok,Municipality,795149
15,Mizoram,277318,"Aizawl Municipal Co-Operation","Municipal Corporations",796007
15,Mizoram,249763,Lengpui,"Notified Area Council",796421
15,Mizoram,249771,Saitual,"Notified Area Council",796261
15,Mizoram,249779,Tlabung,"Notified Area Council",796751
16,Tripura,249785,"Agartala Municipal Corporation","Municipal Corporations",799009
16,Tripura,249785,"Agartala Municipal Corporation","Municipal Corporations",799001
16,Tripura,261690,"Bishalgarh Municipal Council",Municipality,799102
16,Tripura,261690,"Bishalgarh Municipal Council",Municipality,799011
16,Tripura,249792,Jogendranagar,"Town Panchayat",799004
16,Tripura,249804,"Kailashahar Municipal Council",Municipality,799277
16,Tripura,249783,"Khowai Municipal Council",Municipality,799202
16,Tripura,249786,"Ranirbazar Municipal Council",Municipality,799045
17,Meghalaya,249811,Mairang,"Town Panchayat",793120
17,Meghalaya,249812,Nongpoh,"Town Panchayat",793102
18,Assam,301400,Baithalangso,"Town Panchayat",782450
18,Assam,249823,Basugaon,"Town Panchayat",783372
18,Assam,249898,Chabua,"Town Panchayat",786184
18,Assam,296999,"Kajalgaon Tc","Town Panchayat",783386
18,Assam,300487,"Kokrajhar Mb",Municipality,783370
18,Assam,277148,Langhin,"Town Panchayat",782441
18,Assam,300495,"Lanka Mb","Town Panchayat",782446
18,Assam,249915,Mariani,"Town Panchayat",785634
18,Assam,249866,Nagaon,Municipality,782001
18,Assam,249858,Nalbari,Municipality,781335
18,Assam,289553,Ramkrishnanagar,Municipality,788166
18,Assam,249876,Rangapara,"Town Panchayat",784505
18,Assam,249857,Tihu,"Town Panchayat",781371
18,Assam,249916,"Titabor Town","Town Panchayat",785630
18,Assam,249916,"Titabor Town","Town Panchayat",785632
18,Assam,249862,Udalguri,"Town Panchayat",784509
32,Kerala,252253,Adoor,Municipality,683104
32,Kerala,252253,Adoor,Municipality,691523
32,Kerala,252247,Alappuzha,Municipality,683104
32,Kerala,272915,Anthur,Municipality,682304
32,Kerala,252205,Chalakudy,Municipality,682301
32,Kerala,252181,Chavakkad,Municipality,682304
32,Kerala,252181,Chavakkad,Municipality,682301
32,Kerala,252249,Chengannur,Municipality,682301
32,Kerala,252249,Chengannur,Municipality,689121
32,Kerala,252242,Cherthala,Municipality,683104
32,Kerala,252242,Cherthala,Municipality,688524
32,Kerala,272900,Feroke,Municipality,683104
32,Kerala,252204,Irinjalakuda,Municipality,683104
32,Kerala,252204,Irinjalakuda,Municipality,682301
32,Kerala,252224,Kalamassery,Municipality,683104
32,Kerala,252224,Kalamassery,Municipality,682301
32,Kerala,252155,Kalpetta,Municipality,682301
32,Kerala,259707,Karunagappally,Municipality,683104
32,Kerala,252108,Kasaragod,Municipality,682304
32,Kerala,252108,Kasaragod,Municipality,682301
32,Kerala,272883,Kattappana,Municipality,683104
32,Kerala,252220,Kochi,"Municipal Corporations",682001
32,Kerala,272897,Koduvally,Municipality,682301
32,Kerala,252255,Kollam,"Municipal Corporations",691005
32,Kerala,252255,Kollam,"Municipal Corporations",691003
32,Kerala,252255,Kollam,"Municipal Corporations",691002
32,Kerala,272901,Kondotty,Municipality,682304
32,Kerala,252144,Koothuparamba,Municipality,682304
32,Kerala,252144,Koothuparamba,Municipality,682301
32,Kerala,272889,Kottarakkara,Municipality,691531
32,Kerala,252238,Kottayam,Municipality,682304
32,Kerala,252238,Kottayam,Municipality,683104
32,Kerala,252238,Kottayam,Municipality,682301
32,Kerala,252159,Koyilandy,Municipality,683104
32,Kerala,252160,Kozhikode,"Municipal Corporations",682001
32,Kerala,252160,Kozhikode,"Municipal Corporations",673001
32,Kerala,252180,Kunnamkulam,Municipality,682304
32,Kerala,252170,Malappuram,Municipality,682301
32,Kerala,252170,Malappuram,Municipality,683104
32,Kerala,252169,Manjeri,Municipality,676121
32,Kerala,272907,Mannarkad,Municipality,682301
32,Kerala,272898,Mukkom,Municipality,673602
32,Kerala,272898,Mukkom,Municipality,682301
32,Kerala,272898,Mukkom,Municipality,683104
32,Kerala,252230,Muvattupuzha,Municipality,682301
32,Kerala,252230,Muvattupuzha,Municipality,682304
32,Kerala,252259,Nedumangad,Municipality,683104
32,Kerala,252261,Neyyattinkara,Municipality,682301
32,Kerala,252261,Neyyattinkara,Municipality,683104
32,Kerala,259710,Nilambur,Municipality,683104
32,Kerala,259711,Nileshwar,Municipality,683104
32,Kerala,259711,Nileshwar,Municipality,682304
32,Kerala,259711,Nileshwar,Municipality,682301
32,Kerala,252175,Ottappalam,Municipality,682301
32,Kerala,252234,Palai,Municipality,682301
32,Kerala,272908,Pandalam,Municipality,682304
32,Kerala,272912,Parappanangadi,Municipality,682304
32,Kerala,252252,Pathanamthitta,Municipality,689668
32,Kerala,252252,Pathanamthitta,Municipality,683104
32,Kerala,272905,Pattambi,Municipality,683104
32,Kerala,272905,Pattambi,Municipality,682304
32,Kerala,272896,Payyoli,Municipality,682301
32,Kerala,252171,Perinthalmanna,Municipality,683104
32,Kerala,252171,Perinthalmanna,Municipality,682301
32,Kerala,252171,Perinthalmanna,Municipality,682304
32,Kerala,272882,Piravom,Municipality,686664
32,Kerala,252173,Ponnani,Municipality,683104
32,Kerala,252254,Punalur,Municipality,691305
32,Kerala,252174,Shoranur,Municipality,682304
32,Kerala,272911,Sulthanbathery,Municipality,682301
32,Kerala,252112,Taliparamba,Municipality,670142
32,Kerala,272904,Tanur,Municipality,676302
32,Kerala,272904,Tanur,Municipality,682301
32,Kerala,252251,Thiruvalla,Municipality,683104
32,Kerala,252251,Thiruvalla,Municipality,682301
32,Kerala,252251,Thiruvalla,Municipality,682304
32,Kerala,252260,Thiruvananthapuram,"Municipal Corporations",695583
32,Kerala,252260,Thiruvananthapuram,"Municipal Corporations",695521
32,Kerala,252260,Thiruvananthapuram,"Municipal Corporations",695033
32,Kerala,252260,Thiruvananthapuram,"Municipal Corporations",695030
32,Kerala,252260,Thiruvananthapuram,"Municipal Corporations",695010
32,Kerala,252233,Thodupuzha,Municipality,682304
32,Kerala,252227,Thrippunithura,Municipality,682301
32,Kerala,252194,Thrissur,"Municipal Corporations",682001
32,Kerala,252172,Tirur,Municipality,682304
32,Kerala,252236,Vaikom,Municipality,683104
32,Kerala,272902,Valanchery,Municipality,682304
32,Kerala,252257,Varkala,Municipality,682304
32,Kerala,272909,Wadakkanchery,Municipality,680581
32,Kerala,272909,Wadakkanchery,Municipality,682304
33,"Tamil Nadu",253002,Achampudur,"Town Panchayat",627809
33,"Tamil Nadu",252607,Adikaratti,"Town Panchayat",643003
33,"Tamil Nadu",253090,Agastheeswaram,"Town Panchayat",629701
33,"Tamil Nadu",252391,Ambur,Municipality,635802
33,"Tamil Nadu",252445,Arakandanallur,"Town Panchayat",605752
33,"Tamil Nadu",252367,Arakkonam,Municipality,631003
33,"Tamil Nadu",253076,Aralvaimozhi,"Town Panchayat",629301
33,"Tamil Nadu",252422,Arani,Municipality,632301
33,"Tamil Nadu",252854,Aranthangi,Municipality,614616
33,"Tamil Nadu",252719,Aravakurichi,"Town Panchayat",639201
33,"Tamil Nadu",252767,Ariyalur,Municipality,621704
33,"Tamil Nadu",252947,Aruppukkottai,Municipality,626101
33,"Tamil Nadu",252979,Athur,"Town Panchayat",639008
33,"Tamil Nadu",252491,Attur,Municipality,636102
33,"Tamil Nadu",252870,A.Vellalapatti,"Town Panchayat",625301
33,"Tamil Nadu",252691,Ayakudi,"Town Panchayat",624613
33,"Tamil Nadu",252718,Batlagundu,"Town Panchayat",624202
33,"Tamil Nadu",252609,Bikkatty,"Town Panchayat",643003
33,"Tamil Nadu",253074,Boothapandi,"Town Panchayat",629852
33,"Tamil Nadu",252895,Boothipuram,"Town Panchayat",625531
33,"Tamil Nadu",252895,Boothipuram,"Town Panchayat",625532
33,"Tamil Nadu",252617,Chettipalayam,"Town Panchayat",641201
33,"Tamil Nadu",252709,Chinnalapatti,"Town Panchayat",624301
33,"Tamil Nadu",252452,Chinnasalem,"Town Panchayat",606201
33,"Tamil Nadu",253068,Colachel,Municipality,629251
33,"Tamil Nadu",252605,Coonoor,Municipality,643205
33,"Tamil Nadu",252406,Denkanikottai,"Town Panchayat",635107
33,"Tamil Nadu",252656,Dhaliyur,"Town Panchayat",641109
33,"Tamil Nadu",252417,Dharmapuri,Municipality,636701
33,"Tamil Nadu",252707,Dindigul,"Municipal Corporations",624003
33,"Tamil Nadu",253064,Eraniel,"Town Panchayat",629802
33,"Tamil Nadu",252698,Eriodu,"Town Panchayat",624702
33,"Tamil Nadu",252436,Gingee,"Town Panchayat",604202
33,"Tamil Nadu",253022,Gopalasamudram,"Town Panchayat",627451
33,"Tamil Nadu",252294,"Greater Chennai Corporation","Municipal Corporations",600053
33,"Tamil Nadu",252294,"Greater Chennai Corporation","Municipal Corporations",600106
33,"Tamil Nadu",252294,"Greater Chennai Corporation","Municipal Corporations",600088
33,"Tamil Nadu",252294,"Greater Chennai Corporation","Municipal Corporations",600004
33,"Tamil Nadu",252294,"Greater Chennai Corporation","Municipal Corporations",600003
33,"Tamil Nadu",252639,Gudalur,Municipality,643205
33,"Tamil Nadu",252869,Ilayangudi,"Town Panchayat",630709
33,"Tamil Nadu",252629,Irugur,"Town Panchayat",641103
33,"Tamil Nadu",252538,Jambai,"Town Panchayat",638312
33,"Tamil Nadu",252964,Kadambur,"Town Panchayat",628714
33,"Tamil Nadu",253032,Kadayal,"Town Panchayat",629101
33,"Tamil Nadu",252982,Kanam,"Town Panchayat",628201
33,"Tamil Nadu",290455,Kangeyam,Municipality,638701
33,"Tamil Nadu",252705,Kannivadi,"Town Panchayat",624705
33,"Tamil Nadu",252589,Kannivadi,"Town Panchayat",638106
33,"Tamil Nadu",252853,Keeramangalam,"Town Panchayat",614624
33,"Tamil Nadu",252405,Kelamangalam,"Town Panchayat",635113
33,"Tamil Nadu",252577,Kilambadi,"Town Panchayat",638052
33,"Tamil Nadu",253007,Kilapavoor,"Town Panchayat",627806
33,"Tamil Nadu",253045,Killiyoor,"Town Panchayat",629171
33,"Tamil Nadu",252670,Kinathukadavu,"Town Panchayat",642109
33,"Tamil Nadu",252670,Kinathukadavu,"Town Panchayat",641202
33,"Tamil Nadu",252591,Kolathupalayam,"Town Panchayat",638661
33,"Tamil Nadu",252455,Kolathur,"Town Panchayat",636303
33,"Tamil Nadu",253042,Kollancode,Municipality,629160
33,"Tamil Nadu",252687,Komaralingam,"Town Panchayat",642204
33,"Tamil Nadu",253052,Kumarapuram,"Town Panchayat",627657
33,"Tamil Nadu",253038,Kuzhithurai,Municipality,629163
33,"Tamil Nadu",252545,Lakkampatti,"Town Panchayat",638454
33,"Tamil Nadu",252931,Mamsapuram,"Town Panchayat",626110
33,"Tamil Nadu",252793,Manalmedu,"Town Panchayat",609202
33,"Tamil Nadu",252330,Maraimalainagar,Municipality,603209
33,"Tamil Nadu",252407,Marandahalli,"Town Panchayat",636806
33,"Tamil Nadu",252454,Mecheri,"Town Panchayat",636453
33,"Tamil Nadu",253024,Moolaikaraipatti,"Town Panchayat",627354
33,"Tamil Nadu",252599,Naduvattam,"Town Panchayat",643003
33,"Tamil Nadu",253079,Nagercoil,"Municipal Corporations",629001
33,"Tamil Nadu",252733,Nangavaram,"Town Panchayat",639110
33,"Tamil Nadu",252733,Nangavaram,"Town Panchayat",639107
33,"Tamil Nadu",252701,Natham,"Town Panchayat",624401
33,"Tamil Nadu",252865,Nattarasankottai,"Town Panchayat",630556
33,"Tamil Nadu",252855,Nerkuppai,"Town Panchayat",630405
33,"Tamil Nadu",252597,"O Valley","Town Panchayat",643003
33,"Tamil Nadu",252500,Padaiveedu,"Town Panchayat",637503
33,"Tamil Nadu",253061,Padmanabhapuram,Municipality,629175
33,"Tamil Nadu",252409,Palakkodu,"Town Panchayat",636808
33,"Tamil Nadu",252552,Pallapalayam,"Town Panchayat",639002
33,"Tamil Nadu",252633,Pallapalayam,"Town Panchayat",638116
33,"Tamil Nadu",252506,Pallipalayam,Municipality,638008
33,"Tamil Nadu",252484,Papparapatti,"Town Panchayat",637501
33,"Tamil Nadu",252574,Pasur,"Town Panchayat",638154
33,"Tamil Nadu",252717,Pattiveeranpatti,"Town Panchayat",624211
33,"Tamil Nadu",252388,Pennathur,"Town Panchayat",632058
33,"Tamil Nadu",252806,Peralam,"Town Panchayat",609405
33,"Tamil Nadu",252762,Perambalur,Municipality,621212
33,"Tamil Nadu",252902,Periyakulam,Municipality,625601
33,"Tamil Nadu",252671,"Periya Negamam","Town Panchayat",642120
33,"Tamil Nadu",252350,Pernambut,Municipality,635810
33,"Tamil Nadu",252551,Pethampalayam,"Town Panchayat",638116
33,"Tamil Nadu",252490,Pethanaickenpalayam,"Town Panchayat",636109
33,"Tamil Nadu",252730,"P.J. Cholapuram","Town Panchayat",639102
33,"Tamil Nadu",252458,P.N.Patti,"Town Panchayat",636402
33,"Tamil Nadu",252674,Pollachi,Municipality,642002
33,"Tamil Nadu",252674,Pollachi,Municipality,642003
33,"Tamil Nadu",252674,Pollachi,Municipality,642001
33,"Tamil Nadu",252759,Poolambadi,"Town Panchayat",621110
33,"Tamil Nadu",300381,Pugalur,Municipality,621313
33,"Tamil Nadu",252990,Puliangudi,Municipality,627855
33,"Tamil Nadu",252723,"Punjai Thottakurichi","Town Panchayat",639113
33,"Tamil Nadu",253041,Puthukkadai,"Town Panchayat",629171
33,"Tamil Nadu",252510,R.Pudupatti,"Town Panchayat",637407
33,"Tamil Nadu",252474,Salem,"Municipal Corporations",636001
33,"Tamil Nadu",252473,Sankari,Municipality,637301
33,"Tamil Nadu",253009,Sankarnagar,"Town Panchayat",627357
33,"Tamil Nadu",252986,Sathankulam,"Town Panchayat",628704
33,"Tamil Nadu",252513,Seerapalli,"Town Panchayat",637406
33,"Tamil Nadu",252716,Sevugampatti,"Town Panchayat",624211
33,"Tamil Nadu",252598,Sholur,"Town Panchayat",643003
33,"Tamil Nadu",252987,Sivagiri,"Town Panchayat",627757
33,"Tamil Nadu",252299,Sriperumbudur,Municipality,602105
33,"Tamil Nadu",252976,Srivaikuntam,"Town Panchayat",628601
33,"Tamil Nadu",252632,Sulur,"Town Panchayat",641402
33,"Tamil Nadu",252319,Tambaram,"Municipal Corporations",600046
33,"Tamil Nadu",252901,Thamaraikulam,"Town Panchayat",625605
33,"Tamil Nadu",252833,Thanjavur,"Municipal Corporations",613009
33,"Tamil Nadu",252466,Tharamangalam,Municipality,636502
33,"Tamil Nadu",252472,Thevur,"Town Panchayat",637104
33,"Tamil Nadu",253071,Thingalnagar,"Town Panchayat",629802
33,"Tamil Nadu",252824,Thirunageswaram,"Town Panchayat",612204
33,"Tamil Nadu",252814,Thiruppanandal,"Town Panchayat",612504
33,"Tamil Nadu",252991,Thiruvengadam,"Town Panchayat",627719
33,"Tamil Nadu",253059,Thiruvithancode,"Town Panchayat",629174
33,"Tamil Nadu",252754,Thuvakudi,Municipality,620015
33,"Tamil Nadu",252375,Timiri,"Town Panchayat",632512
33,"Tamil Nadu",252502,Tiruchengode,Municipality,637211
33,"Tamil Nadu",252749,Tiruchirappalli,"Municipal Corporations",620001
33,"Tamil Nadu",252749,Tiruchirappalli,"Municipal Corporations",620002
33,"Tamil Nadu",252749,Tiruchirappalli,"Municipal Corporations",620003
33,"Tamil Nadu",252749,Tiruchirappalli,"Municipal Corporations",620027
33,"Tamil Nadu",252749,Tiruchirappalli,"Municipal Corporations",620020
33,"Tamil Nadu",252749,Tiruchirappalli,"Municipal Corporations",620022
33,"Tamil Nadu",252683,Udumalpet,Municipality,642126
33,"Tamil Nadu",252884,Usilampatti,Municipality,625532
33,"Tamil Nadu",252411,Uthangarai,"Town Panchayat",635207
33,"Tamil Nadu",252392,Uthayendram,"Town Panchayat",635754
33,"Tamil Nadu",253003,"Vadakarai Keezhpadugai","Town Panchayat",627812
33,"Tamil Nadu",252803,Valangaiman,"Town Panchayat",612804
33,"Tamil Nadu",252836,Vallam,"Town Panchayat",613403
33,"Tamil Nadu",252456,Veerakkalpudur,"Town Panchayat",636454
33,"Tamil Nadu",252800,Velankanni,"Town Panchayat",611111
33,"Tamil Nadu",252587,Vellakoil,Municipality,638111
33,"Tamil Nadu",252664,Vellalur,"Town Panchayat",625109
33,"Tamil Nadu",252381,Vellore,"Municipal Corporations",632001
33,"Tamil Nadu",252381,Vellore,"Municipal Corporations",632004
33,"Tamil Nadu",253054,Verkilambi,"Town Panchayat",629166
33,"Tamil Nadu",253015,Vikramasingapuram,Municipality,627425
27,Maharashtra,300383,Akluj,Municipality,413101
27,Maharashtra,251521,Alandi,Municipality,412105
27,Maharashtra,251328,Amravati,"Municipal Corporations",444604
27,Maharashtra,251328,Amravati,"Municipal Corporations",444606
27,Maharashtra,251328,Amravati,"Municipal Corporations",444602
27,Maharashtra,300382,Angar,"Town Panchayat",413214
27,Maharashtra,276366,Arjuni,"Town Panchayat",441807
27,Maharashtra,251428,Aurangabad,"Municipal Corporations",431001
27,Maharashtra,251576,Barshi,Municipality,413401
27,Maharashtra,276283,Bhamragad,"Town Panchayat",442710
27,Maharashtra,259697,Bhokar,Municipality,413739
27,Maharashtra,251422,Bhokardan,Municipality,431114
27,Maharashtra,251567,Bhum,Municipality,413504
27,Maharashtra,251290,Bhusawal,Municipality,425201
27,Maharashtra,276329,Chamorshi,"Town Panchayat",442603
27,Maharashtra,276634,Chikhaldara,Municipality,444807
27,Maharashtra,251304,Chikhli,Municipality,443201
27,Maharashtra,251389,Darwha,Municipality,445202
27,Maharashtra,276277,Deola,"Town Panchayat",423102
27,Maharashtra,276363,Deori,"Town Panchayat",441902
27,Maharashtra,251306,"Deulgaon Raja",Municipality,443204
27,Maharashtra,276284,Dhanora,"Town Panchayat",442606
27,Maharashtra,251293,Dharangaon,Municipality,423601
27,Maharashtra,251293,Dharangaon,Municipality,425105
27,Maharashtra,251583,Dudhani,Municipality,413220
27,Maharashtra,276353,Fulambri,"Town Panchayat",431111
27,Maharashtra,251432,Gangapur,Municipality,431002
27,Maharashtra,251432,Gangapur,Municipality,431109
27,Maharashtra,251488,"Greater Mumbai","Municipal Corporations",400018
27,Maharashtra,251488,"Greater Mumbai","Municipal Corporations",400016
27,Maharashtra,251488,"Greater Mumbai","Municipal Corporations",400014
27,Maharashtra,251488,"Greater Mumbai","Municipal Corporations",400011
27,Maharashtra,251488,"Greater Mumbai","Municipal Corporations",400008
27,Maharashtra,251488,"Greater Mumbai","Municipal Corporations",400005
27,Maharashtra,251488,"Greater Mumbai","Municipal Corporations",400003
27,Maharashtra,251488,"Greater Mumbai","Municipal Corporations",400037
27,Maharashtra,276571,Jalgaon,"Municipal Corporations",425002
27,Maharashtra,276355,Jiwati,"Town Panchayat",442908
27,Maharashtra,259696,Kaij,"Town Panchayat",431123
27,Maharashtra,251412,Kalamnuri,Municipality,431702
27,Maharashtra,251483,Kalyan-Dombivli,"Municipal Corporations",421605
27,Maharashtra,251356,Kamptee,Municipality,441001
27,Maharashtra,251426,Kannad,Municipality,431002
27,Maharashtra,276633,"Karanja Wardha","Town Panchayat",442203
27,Maharashtra,275729,Karjat,"Town Panchayat",410201
27,Maharashtra,251574,Karmala,Municipality,413203
27,Maharashtra,263884,"Kasai Dodamarg","Town Panchayat",416512
27,Maharashtra,276346,Kavthemahankal,"Town Panchayat",416405
27,Maharashtra,251430,Khuldabad,Municipality,431002
27,Maharashtra,251430,Khuldabad,Municipality,431101
27,Maharashtra,251625,Kolhapur,"Municipal Corporations",416006
27,Maharashtra,251625,Kolhapur,"Municipal Corporations",416003
27,Maharashtra,251625,Kolhapur,"Municipal Corporations",416001
27,Maharashtra,251407,Loha,Municipality,431708
27,Maharashtra,276313,"Lohara (Bk)","Town Panchayat",445002
27,Maharashtra,251358,Mahadula,"Town Panchayat",441106
27,Maharashtra,251582,Maindargi,Municipality,413217
27,Maharashtra,300394,"Malegaon Budruk","Town Panchayat",413115
27,Maharashtra,251497,Matheran,Municipality,410102
27,Maharashtra,251589,Mhaswad,Municipality,415509
27,Maharashtra,251343,Mohpa,Municipality,441502
27,Maharashtra,276317,Mokhada,"Town Panchayat",401604
27,Maharashtra,251382,Mul,Municipality,441224
27,Maharashtra,251572,Murum,Municipality,413605
27,Maharashtra,251442,Nashik,"Municipal Corporations",422011
27,Maharashtra,251442,Nashik,"Municipal Corporations",422013
27,Maharashtra,251279,Nawapur,Municipality,425418
27,Maharashtra,276320,Nevasa,"Town Panchayat",414603
27,Maharashtra,276279,Niphad,"Town Panchayat",422303
27,Maharashtra,251569,Osmanabad,Municipality,413501
27,Maharashtra,251433,Paithan,Municipality,431107
27,Maharashtra,251585,Panchgani,Municipality,412805
27,Maharashtra,251295,Parola,Municipality,425111
27,Maharashtra,251425,Partur,Municipality,431501
27,Maharashtra,248077,Pauni,Municipality,441903
27,Maharashtra,276280,Peth,"Town Panchayat",422208
27,Maharashtra,303075,"Pimpalgaon Baswant",Municipality,422209
27,Maharashtra,251528,"Pimpri Chinchwad","Municipal Corporations",411061
27,Maharashtra,251528,"Pimpri Chinchwad","Municipal Corporations",411035
27,Maharashtra,251528,"Pimpri Chinchwad","Municipal Corporations",411026
27,Maharashtra,251528,"Pimpri Chinchwad","Municipal Corporations",411031
27,Maharashtra,276359,Pombhurna,"Town Panchayat",442918
27,Maharashtra,251530,Pune,"Municipal Corporations",411020
27,Maharashtra,251530,Pune,"Municipal Corporations",411003
27,Maharashtra,251530,Pune,"Municipal Corporations",411060
27,Maharashtra,251530,Pune,"Municipal Corporations",411051
27,Maharashtra,251530,Pune,"Municipal Corporations",411046
27,Maharashtra,251530,Pune,"Municipal Corporations",411040
27,Maharashtra,251530,Pune,"Municipal Corporations",411037
27,Maharashtra,251530,Pune,"Municipal Corporations",411032
27,Maharashtra,251530,Pune,"Municipal Corporations",411008
27,Maharashtra,251530,Pune,"Municipal Corporations",411028
27,Maharashtra,251530,Pune,"Municipal Corporations",411024
27,Maharashtra,251391,Pusad,Municipality,445204
27,Maharashtra,251551,Rahuri,Municipality,413705
27,Maharashtra,251353,Ramtek,Municipality,441106
27,Maharashtra,251287,Raver,Municipality,425508
27,Maharashtra,276368,Sadak-Arjuni,"Town Panchayat",441807
27,Maharashtra,251414,Sailu,Municipality,431503
27,Maharashtra,251286,Savda,Municipality,425502
27,Maharashtra,276378,Seloo,"Town Panchayat",442104
27,Maharashtra,296910,Sengaon,"Town Panchayat",431542
27,Maharashtra,276349,Shirala,"Town Panchayat",415408
27,Maharashtra,251447,Sinnar,Municipality,422103
27,Maharashtra,251577,Solapur,"Municipal Corporations",413224
27,Maharashtra,251434,Surgana,"Town Panchayat",422211
27,Maharashtra,276315,Talasari,"Town Panchayat",401606
27,Maharashtra,251522,"Talegaon Dabhade",Municipality,410506
27,Maharashtra,251636,Tasgaon,Municipality,416312
27,Maharashtra,251471,Thane,"Municipal Corporations",400604
27,Maharashtra,251471,Thane,"Municipal Corporations",400603
27,Maharashtra,251471,Thane,"Municipal Corporations",400610
27,Maharashtra,251370,Tirora,Municipality,441911
27,Maharashtra,251484,Ulhasnagar,"Municipal Corporations",421005
27,Maharashtra,251484,Ulhasnagar,"Municipal Corporations",421003
27,Maharashtra,251616,"Vadgaon Kasba",Municipality,416112
27,Maharashtra,251635,Vita,Municipality,415311
27,Maharashtra,251586,Wai,Municipality,412801
27,Maharashtra,251376,Warora,Municipality,442907
27,Maharashtra,276312,Washi,"Town Panchayat",413503
28,"Andhra Pradesh",257868,Addanki,Municipality,523240
28,"Andhra Pradesh",257868,Addanki,Municipality,523357
28,"Andhra Pradesh",251792,Adoni,Municipality,518301
28,"Andhra Pradesh",299713,Alluru,"Town Panchayat",523357
28,"Andhra Pradesh",299713,Alluru,"Town Panchayat",523240
28,"Andhra Pradesh",248112,Anantapur,"Municipal Corporations",515002
28,"Andhra Pradesh",251760,Bapatla,Municipality,522101
28,"Andhra Pradesh",299714,"B Kothakota","Town Panchayat",523240
28,"Andhra Pradesh",253274,Chimakurthy,Municipality,523240
28,"Andhra Pradesh",299715,Chinthalapudi,"Town Panchayat",523240
28,"Andhra Pradesh",296261,Dachepalli,"Town Panchayat",522414
28,"Andhra Pradesh",296263,Darsi,"Town Panchayat",523247
28,"Andhra Pradesh",251739,Eluru,"Municipal Corporations",534002
28,"Andhra Pradesh",251739,Eluru,"Municipal Corporations",534005
28,"Andhra Pradesh",257869,Giddalur,"Town Panchayat",523240
28,"Andhra Pradesh",277316,Gollaprolu,"Town Panchayat",523357
28,"Andhra Pradesh",251747,Gudivada,Municipality,521301
28,"Andhra Pradesh",251757,Guntur,"Municipal Corporations",522002
28,"Andhra Pradesh",251757,Guntur,"Municipal Corporations",522007
28,"Andhra Pradesh",296262,Gurajala,"Town Panchayat",523240
28,"Andhra Pradesh",248118,Hindupur,Municipality,515201
28,"Andhra Pradesh",251731,Kakinada,"Municipal Corporations",533001
28,"Andhra Pradesh",251731,Kakinada,"Municipal Corporations",533004
28,"Andhra Pradesh",296259,Kamalapuram,"Town Panchayat",523357
28,"Andhra Pradesh",253295,Kanigiri,Municipality,523230
28,"Andhra Pradesh",251750,"Machilipatnam Municipal Corporation","Municipal Corporations",521001
28,"Andhra Pradesh",253253,Madakasira,"Town Panchayat",523357
28,"Andhra Pradesh",277315,Mummidivaram,"Town Panchayat",523240
28,"Andhra Pradesh",254922,Nandigama,Municipality,523240
28,"Andhra Pradesh",253273,Nandikotkur,Municipality,523357
28,"Andhra Pradesh",253273,Nandikotkur,Municipality,518401
28,"Andhra Pradesh",251795,Nandyal,Municipality,518501
28,"Andhra Pradesh",251711,Nellimarla,"Town Panchayat",523357
28,"Andhra Pradesh",257967,Palakonda,"Town Panchayat",523357
28,"Andhra Pradesh",251695,"Palasa Kasibugga",Municipality,532221
28,"Andhra Pradesh",253252,Pamidi,"Town Panchayat",523240
28,"Andhra Pradesh",296250,Penukonda,"Town Panchayat",523240
28,"Andhra Pradesh",296250,Penukonda,"Town Panchayat",515110
28,"Andhra Pradesh",251728,Pithapuram,Municipality,533450
28,"Andhra Pradesh",299716,Podili,"Town Panchayat",523357
28,"Andhra Pradesh",248120,Punganur,Municipality,517247
28,"Andhra Pradesh",248117,Rayadurg,Municipality,515865
28,"Andhra Pradesh",251703,Salur,Municipality,535591
28,"Andhra Pradesh",251753,Sattenapalle,Municipality,522403
28,"Andhra Pradesh",251746,"Vijayawada Municipal Corporation","Municipal Corporations",520001
29,Karnataka,251849,Afzalpur,"Town Municipal Council",585301
29,Karnataka,251848,Aland,"Town Municipal Council",585302
29,Karnataka,276597,Aminagad,"Town Panchayat",587112
29,Karnataka,252014,Arkalgud,"Town Panchayat",573102
29,Karnataka,299327,Babaleshwar,"Town Panchayat",586113
29,Karnataka,251913,Bankapura,"Town Municipal Council",581202
29,Karnataka,252033,Bantval,"Town Municipal Council",574143
29,Karnataka,276600,Bbmp,"Municipal Corporations",560104
29,Karnataka,276600,Bbmp,"Municipal Corporations",560097
29,Karnataka,276600,Bbmp,"Municipal Corporations",560091
29,Karnataka,276600,Bbmp,"Municipal Corporations",560072
29,Karnataka,276600,Bbmp,"Municipal Corporations",560068
29,Karnataka,276600,Bbmp,"Municipal Corporations",560060
29,Karnataka,276600,Bbmp,"Municipal Corporations",560059
29,Karnataka,276600,Bbmp,"Municipal Corporations",560034
29,Karnataka,276600,Bbmp,"Municipal Corporations",560030
29,Karnataka,276600,Bbmp,"Municipal Corporations",560029
29,Karnataka,276600,Bbmp,"Municipal Corporations",560018
29,Karnataka,276600,Bbmp,"Municipal Corporations",560011
29,Karnataka,276600,Bbmp,"Municipal Corporations",560004
29,Karnataka,276600,Bbmp,"Municipal Corporations",560003
29,Karnataka,276529,Belagali,"Town Panchayat",587113
29,Karnataka,251952,Bhadravati,"City Municipal Council",577301
29,Karnataka,276604,Bhagyanagara,"Town Panchayat",583238
29,Karnataka,251865,Bhalki,"Town Municipal Council",585328
29,Karnataka,251867,Bidar,"City Municipal Council",585401
29,Karnataka,252016,Channarayapatna,"Town Municipal Council",573116
29,Karnataka,276578,"Chennammana Kittur","Town Panchayat",591115
29,Karnataka,251979,"Chik Ballapur","City Municipal Council",562101
29,Karnataka,251983,Chintamani,"City Municipal Council",563125
29,Karnataka,251853,Chittapura,"Town Municipal Council",585211
29,Karnataka,276558,Devarahipparagi,"Town Panchayat",586115
29,Karnataka,251978,Gauribidanur,"City Municipal Council",561208
29,Karnataka,252053,Gundlupet,"Town Municipal Council",571111
29,Karnataka,253130,Hanur,"Town Panchayat",571439
29,Karnataka,276569,Harogeri,"Town Municipal Council",591220
29,Karnataka,251918,Hirekerur,"Town Panchayat",581111
29,Karnataka,299180,Holehonnuru,"Town Panchayat",577227
29,Karnataka,252015,"Hole Narsipur","Town Municipal Council",573211
29,Karnataka,251868,Homnabad,"Town Municipal Council",585330
29,Karnataka,251909,Honavar,"Town Panchayat",581334
29,Karnataka,263293,Jog-Kargal,"Town Panchayat",577435
29,Karnataka,248127,"Kalaburagi City Corporation","Municipal Corporations",585101
29,Karnataka,301080,"Kamalapura Kalburgi","Town Panchayat",585313
29,Karnataka,251958,Karkal,"Town Municipal Council",574104
29,Karnataka,251958,Karkal,"Town Municipal Council",576121
29,Karnataka,251958,Karkal,"Town Municipal Council",576111
29,Karnataka,251836,Kerur,"Town Panchayat",591213
29,Karnataka,251816,Konnur,"Town Municipal Council",591231
29,Karnataka,251931,Kotturu,"Town Panchayat",583134
29,Karnataka,252001,Krishnarajpet,"Town Municipal Council",571426
29,Karnataka,251813,Kudchi,"Town Municipal Council",591311
29,Karnataka,251930,Kudligi,"Town Panchayat",583135
29,Karnataka,251967,Kudremukh,"Notified Area Council",577124
29,Karnataka,276534,Kudutini,"Town Panchayat",583115
29,Karnataka,251907,Kumta,"Town Municipal Council",581343
29,Karnataka,251880,Kushtagi,"Town Municipal Council",583277
29,Karnataka,299332,Machhe,"Town Panchayat",590014
29,Karnataka,252006,Maddur,"Town Municipal Council",571428
29,Karnataka,252007,Malavalli,"Town Municipal Council",571430
29,Karnataka,252021,Mangaluru,"Municipal Corporations",574146
29,Karnataka,252021,Mangaluru,"Municipal Corporations",574151
29,Karnataka,299328,Manki,"Town Panchayat",581348
29,Karnataka,251877,Manvi,"Town Municipal Council",584123
29,Karnataka,299417,Mkhubballi,"Town Panchayat",591118
29,Karnataka,251815,Mudalgi,"Town Municipal Council",591312
29,Karnataka,276563,Mugalakoda,"Town Municipal Council",591235
29,Karnataka,251892,Mundargi,"Town Municipal Council",582118
29,Karnataka,252045,Mysuru,"Municipal Corporations",570028
29,Karnataka,252045,Mysuru,"Municipal Corporations",570016
29,Karnataka,252045,Mysuru,"Municipal Corporations",570007
29,Karnataka,251895,Navalgund,"Town Municipal Council",582208
29,Karnataka,276557,Nidagundi,"Town Panchayat",586213
29,Karnataka,252042,Piriyapatna,"Town Municipal Council",571108
29,Karnataka,299322,Rammanahalli,"Town Panchayat",570019
29,Karnataka,251919,Ranibennur,"City Municipal Council",581115
29,Karnataka,251814,Raybag,"Town Panchayat",591317
29,Karnataka,251988,"Robertson Pet","City Municipal Council",563122
29,Karnataka,251885,Ron,"Town Municipal Council",582209
29,Karnataka,251819,Sankeshwar,"Town Municipal Council",591313
29,Karnataka,251914,Savanur,"Town Municipal Council",581118
29,Karnataka,251859,Shorapur,"City Municipal Council",585224
29,Karnataka,252038,Somvarpet,"Town Panchayat",571236
29,Karnataka,251962,Tarikere,"Town Municipal Council",577228
29,Karnataka,251973,Tumakuru,"Municipal Corporations",572102
30,Goa,252096,"Curchorem Cacora",Municipality,403706
35,"Andaman And Nicobar Islands",253098,"Port Blair",Municipality,744101
36,Telangana,290093,Bheemgal,Municipality,503307
36,Telangana,251682,Bhongir,Municipality,508116
36,Telangana,290073,Bhootpur,Municipality,509382
36,Telangana,302728,Bichkunda,Municipality,503306
36,Telangana,248092,Bodhan,Municipality,503185
36,Telangana,290091,Chandur,Municipality,508255
36,Telangana,290081,Dammaiguda,Municipality,500083
36,Telangana,302291,Devarakadara,Municipality,509204
36,Telangana,290069,Dornakal,Municipality,506381
36,Telangana,260709,Dubbak,Municipality,502108
36,Telangana,253265,Huzurabad,Municipality,505468
36,Telangana,251664,Hyderabad,"Municipal Corporations",500003
36,Telangana,251664,Hyderabad,"Municipal Corporations",500005
36,Telangana,251664,Hyderabad,"Municipal Corporations",500008
36,Telangana,251664,Hyderabad,"Municipal Corporations",500012
36,Telangana,251664,Hyderabad,"Municipal Corporations",500013
36,Telangana,251664,Hyderabad,"Municipal Corporations",500028
36,Telangana,251664,Hyderabad,"Municipal Corporations",500032
36,Telangana,251664,Hyderabad,"Municipal Corporations",500041
36,Telangana,251664,Hyderabad,"Municipal Corporations",500053
36,Telangana,251664,Hyderabad,"Municipal Corporations",500057
36,Telangana,251664,Hyderabad,"Municipal Corporations",500058
36,Telangana,257993,Ieeja,Municipality,509127
36,Telangana,253266,Jammikunta,Municipality,505122
36,Telangana,253255,Kodad,Municipality,508206
36,Telangana,257989,Kollapur,Municipality,509102
36,Telangana,251652,Korutla,Municipality,505326
36,Telangana,290138,Kothakota,Municipality,509381
36,Telangana,305331,"Malkajgiri Municipal Corporation","Municipal Corporations",500047
36,Telangana,290094,Manthani,Municipality,505184
36,Telangana,248107,Manugur,Municipality,507117
36,Telangana,290141,Mothkur,Municipality,508277
36,Telangana,294879,Nandikonda,Municipality,508202
36,Telangana,290131,Narayankhed,Municipality,502286
36,Telangana,290147,Naspur,Municipality,504302
36,Telangana,248089,Nirmal,Municipality,504106
36,Telangana,248091,Nizamabad,"Municipal Corporations",503003
36,Telangana,289549,Raikal,Municipality,505460
36,Telangana,290095,Sulthanabad,Municipality,505185
36,Telangana,248099,Tandur,Municipality,501141
36,Telangana,290134,Thirumalagiri,Municipality,508223
36,Telangana,290150,Turkayamjal,Municipality,501510
36,Telangana,251691,Warangal,"Municipal Corporations",506013
36,Telangana,290146,Yadagirigutta,Municipality,508115
24,Gujarat,251096,Ahmadabad,"Municipal Corporations",380001
24,Gujarat,251157,Amreli,Municipality,365601
24,Gujarat,251182,Anklav,Municipality,388510
24,Gujarat,251143,Bantwa,Municipality,362620
24,Gujarat,277165,Bareja,Municipality,382425
24,Gujarat,251109,Bavla,Municipality,382220
24,Gujarat,251211,Chhota-Udepur,Municipality,391165
24,Gujarat,251156,Damnagar,Municipality,365220
24,Gujarat,251110,Dhandhuka,Municipality,382460
24,Gujarat,251129,Dwarka,Municipality,361335
24,Gujarat,251196,Halol,Municipality,389350
24,Gujarat,251061,Harij,Municipality,384240
24,Gujarat,251072,Idar,Municipality,383430
24,Gujarat,251161,Jafrabad,Municipality,365540
24,Gujarat,251219,Jambusar,Municipality,392155
24,Gujarat,251133,Jamnagar,"Municipal Corporations",361001
24,Gujarat,251070,Kadi,Municipality,384440
24,Gujarat,251183,Kapadvanj,Municipality,387620
24,Gujarat,253225,Kathlal,Municipality,387630
24,Gujarat,251131,Khambhalia,Municipality,361305
24,Gujarat,251068,Mahesana,"Municipal Corporations",384001
24,Gujarat,301161,Nakhatrana,Municipality,370615
24,Gujarat,251245,Navsari-Vijalpor,"Municipal Corporations",396445
24,Gujarat,251127,Okha,Municipality,361350
24,Gujarat,251055,Palanpur,Municipality,385001
24,Gujarat,251262,Pardi,Municipality,396125
24,Gujarat,251138,Porbandar,"Municipal Corporations",360575
24,Gujarat,251058,Radhanpur,Municipality,385340
24,Gujarat,251120,Rajkot,"Municipal Corporations",360006
24,Gujarat,251044,Rapar,Municipality,370165
24,Gujarat,251160,Savarkundla,Municipality,364515
24,Gujarat,248076,Shahera,Municipality,389210
24,Gujarat,251230,Songadh,Municipality,394670
24,Gujarat,251231,Surat,"Municipal Corporations",395003
24,Gujarat,251231,Surat,"Municipal Corporations",395004
24,Gujarat,251231,Surat,"Municipal Corporations",395005
24,Gujarat,251231,Surat,"Municipal Corporations",395017
24,Gujarat,251231,Surat,"Municipal Corporations",394210
24,Gujarat,251231,Surat,"Municipal Corporations",394510
24,Gujarat,277171,Sutrapada,Municipality,362275
24,Gujarat,302662,TANKARA,Municipality,363650
24,Gujarat,251209,Vadodara,"Municipal Corporations",390020
24,Gujarat,251209,Vadodara,"Municipal Corporations",390003
24,Gujarat,251209,Vadodara,"Municipal Corporations",390024
24,Gujarat,251209,Vadodara,"Municipal Corporations",390023
24,Gujarat,251209,Vadodara,"Municipal Corporations",390007
24,Gujarat,253126,Vallabhipur,Municipality,364310
38,"The Dadra And Nagar Haveli And Daman And Diu",251272,Daman,Municipality,396210
34,Puducherry,253096,Karaikal,Municipality,609605
34,Puducherry,253093,Ozhukarai,Municipality,605005
34,Puducherry,253094,Pondicherry,Municipality,605005
10,Bihar,253219,Sahebganj,Municipality,841301
8,Rajasthan,301404,Khirni,Municipality,322024
8,Rajasthan,296927,Jawal,"Town Panchayat",307801
8,Rajasthan,301416,Raipur,Municipality,305921
8,Rajasthan,248736,"Jaipur Heritage","Municipal Corporations",302001
8,Rajasthan,248736,"Jaipur Heritage","Municipal Corporations",302006
8,Rajasthan,293843,Jodhpur-North,"Municipal Corporations",342006
8,Rajasthan,248760,Jodhpur-South,"Municipal Corporations",342003
29,Karnataka,296975,Madanayakanahalli,"City Municipal Council",562162
29,Karnataka,251990,Nelamangala,"City Municipal Council",562123
29,Karnataka,251973,Tumakuru,"Municipal Corporations",572101
8,Rajasthan,301462,Ponkh,"Town Panchayat",328027
8,Rajasthan,299940,Raniwada,"Town Panchayat",343040
8,Rajasthan,299940,Raniwada,"Town Panchayat",313325
8,Rajasthan,299939,Gudhagorji,"Town Panchayat",313325
8,Rajasthan,301443,Kelwara,"Town Panchayat",328027
8,Rajasthan,302205,Khandar,Municipality,313203
8,Rajasthan,301449,"Maharana Pratap Nagar Palika Sarada-Chawand","Town Panchayat",328024
36,Telangana,290148,Jawaharnagar,"Municipal Corporations",500087
8,Rajasthan,248774,"Abu Road","Town Panchayat",328027
8,Rajasthan,248774,"Abu Road","Town Panchayat",313325
8,Rajasthan,301405,Ahore,"Town Panchayat",313325
8,Rajasthan,248788,Ajmer,"Municipal Corporations",305007
8,Rajasthan,248788,Ajmer,"Municipal Corporations",305009
8,Rajasthan,248857,Anta,"Town Panchayat",313325
8,Rajasthan,248857,Anta,"Town Panchayat",328024
8,Rajasthan,248808,Asind,"Town Panchayat",328024
8,Rajasthan,248808,Asind,"Town Panchayat",311301
8,Rajasthan,296934,Atru,"Town Panchayat",328024
8,Rajasthan,296934,Atru,"Town Panchayat",313325
8,Rajasthan,296934,Atru,"Town Panchayat",325218
8,Rajasthan,248684,Baggar,"Town Panchayat",328024
8,Rajasthan,248684,Baggar,"Town Panchayat",313325
8,Rajasthan,248684,Baggar,"Town Panchayat",328027
8,Rajasthan,248735,Bagru,"Town Panchayat",313325
8,Rajasthan,248735,Bagru,"Town Panchayat",328024
8,Rajasthan,296936,Bamanwas,"Town Panchayat",313325
8,Rajasthan,296923,Bansur,"Town Panchayat",328027
8,Rajasthan,296923,Bansur,"Town Panchayat",328024
8,Rajasthan,299974,Bardod,"Town Panchayat",328027
8,Rajasthan,299974,Bardod,"Town Panchayat",313325
8,Rajasthan,248843,"Bari Sadri","Town Panchayat",313325
8,Rajasthan,248766,Barmer,Municipality,305921
8,Rajasthan,300347,"Baroda Meo","Town Panchayat",328027
8,Rajasthan,301411,Baswa,"Town Panchayat",328027
8,Rajasthan,248711,Bayana,"Town Panchayat",321401
8,Rajasthan,248790,Beawar,Municipality,313203
8,Rajasthan,248666,Bhadra,Municipality,313325
8,Rajasthan,301435,Bhandarej,"Town Panchayat",328027
8,Rajasthan,248823,Bhinder,"Town Panchayat",328027
8,Rajasthan,248823,Bhinder,"Town Panchayat",328024
8,Rajasthan,248768,Bhinmal,"Town Panchayat",343029
8,Rajasthan,248678,Bidasar,Municipality,313325
8,Rajasthan,301915,Bijoliya,Municipality,313203
8,Rajasthan,248762,Bilara,"Town Panchayat",342602
8,Rajasthan,248737,Chaksu,"Town Panchayat",313325
8,Rajasthan,248860,Chhabra,"Town Panchayat",325220
8,Rajasthan,248687,Chirawa,"Town Panchayat",313325
8,Rajasthan,248730,Chomu,"Town Panchayat",303702
8,Rajasthan,248730,Chomu,"Town Panchayat",303803
8,Rajasthan,248730,Chomu,"Town Panchayat",328024
8,Rajasthan,248673,Churu,Municipality,313203
8,Rajasthan,277231,Degana,"Town Panchayat",313325
8,Rajasthan,277231,Degana,"Town Panchayat",328027
8,Rajasthan,301414,Dei,"Town Panchayat",323802
8,Rajasthan,248799,Deoli,Municipality,304804
8,Rajasthan,248799,Deoli,Municipality,313325
8,Rajasthan,248668,Deshnoke,"Town Panchayat",328024
8,Rajasthan,299942,Dhariawad,"Town Panchayat",328024
8,Rajasthan,302255,Dhod,"Town Panchayat",332002
8,Rajasthan,248748,Didwana,"Town Panchayat",303511
8,Rajasthan,248748,Didwana,"Town Panchayat",328027
8,Rajasthan,301914,Diggi,Municipality,304504
8,Rajasthan,301439,Dooni,"Town Panchayat",328027
8,Rajasthan,301438,Dudu,Municipality,313203
8,Rajasthan,248831,Dungarpur,Municipality,314001
8,Rajasthan,248831,Dungarpur,Municipality,313203
8,Rajasthan,248784,Falna,"Town Panchayat",328024
8,Rajasthan,248784,Falna,"Town Panchayat",313325
8,Rajasthan,248739,Fatehpur,"Town Panchayat",313325
8,Rajasthan,301440,Fhagi,"Town Panchayat",303005
8,Rajasthan,301440,Fhagi,"Town Panchayat",328027
8,Rajasthan,248654,Gajsinghpur,"Town Panchayat",328027
8,Rajasthan,248718,"Gangapur City",Municipality,313203
8,Rajasthan,248718,"Gangapur City",Municipality,322201
8,Rajasthan,299536,Govindgarh,Municipality,303602
8,Rajasthan,302204,Gudhamalani,"Town Panchayat",328024
8,Rajasthan,248809,Gulabpura,"Town Panchayat",313325
8,Rajasthan,248809,Gulabpura,"Town Panchayat",311021
8,Rajasthan,248716,"Hindaun City",Municipality,305921
8,Rajasthan,263007,Itawa,"Town Panchayat",325204
8,Rajasthan,248763,Jaisalmer,Municipality,345001
8,Rajasthan,248775,Jaitaran,"Town Panchayat",306302
8,Rajasthan,248775,Jaitaran,"Town Panchayat",313325
8,Rajasthan,248775,Jaitaran,"Town Panchayat",328024
8,Rajasthan,248863,Jhalrapatan,Municipality,326023
8,Rajasthan,248732,Jobner,"Town Panchayat",303328
8,Rajasthan,248703,Kaman,"Town Panchayat",328027
8,Rajasthan,301415,Kathumar,Municipality,313203
8,Rajasthan,301415,Kathumar,Municipality,301415
8,Rajasthan,248793,Kekri,"Town Panchayat",305404
8,Rajasthan,248805,Keshoraipatan,"Town Panchayat",328024
8,Rajasthan,248649,Kesrisinghpur,"Town Panchayat",335027
8,Rajasthan,248698,Khairthal-Tijara,Municipality,301404
8,Rajasthan,248698,Khairthal-Tijara,Municipality,313325
8,Rajasthan,299753,Khajuwala,"Town Panchayat",328027
8,Rajasthan,299753,Khajuwala,"Town Panchayat",313325
8,Rajasthan,302262,Khandar,"Town Panchayat",328027
8,Rajasthan,302262,Khandar,"Town Panchayat",328024
8,Rajasthan,248743,Khandela,Municipality,313325
8,Rajasthan,302919,"Khatu Khurd",Municipality,341502
8,Rajasthan,248786,Kishangarh,Municipality,305921
8,Rajasthan,248786,Kishangarh,Municipality,313203
8,Rajasthan,248786,Kishangarh,Municipality,305802
8,Rajasthan,277233,Kishangarhbas,"Town Panchayat",328024
8,Rajasthan,277233,Kishangarhbas,"Town Panchayat",301405
8,Rajasthan,277233,Kishangarhbas,"Town Panchayat",328027
8,Rajasthan,248731,"Kishangarh Renwal","Town Panchayat",303602
8,Rajasthan,248727,Kotputli,Municipality,305921
8,Rajasthan,248752,Kuchera,"Town Panchayat",328024
8,Rajasthan,248740,Lachhmangarh,Municipality,332311
8,Rajasthan,248747,Ladnu,"Town Panchayat",328027
8,Rajasthan,248747,Ladnu,"Town Panchayat",313325
8,Rajasthan,301909,Lambaharising,Municipality,313203
8,Rajasthan,301406,Lawan,Municipality,305921
8,Rajasthan,296915,"Laxmangarh (Alwar)","Town Panchayat",328024
8,Rajasthan,296915,"Laxmangarh (Alwar)","Town Panchayat",321607
8,Rajasthan,275691,Mahwa,Municipality,321608
8,Rajasthan,248756,Makrana,Municipality,341505
8,Rajasthan,248756,Makrana,Municipality,305921
8,Rajasthan,248794,Malpura,Municipality,313325
8,Rajasthan,248814,Mandalgarh,"Town Panchayat",311604
8,Rajasthan,248814,Mandalgarh,"Town Panchayat",328027
8,Rajasthan,302890,Mandar,Municipality,307513
8,Rajasthan,248682,Mandawa,"Town Panchayat",333704
8,Rajasthan,299765,Mandawar,"Town Panchayat",313325
8,Rajasthan,296926,Mandawari,"Town Panchayat",328027
8,Rajasthan,296926,Mandawari,"Town Panchayat",328024
8,Rajasthan,302801,Mandrela,"Town Panchayat",328027
8,Rajasthan,248856,Mangrol,"Town Panchayat",328027
8,Rajasthan,248856,Mangrol,"Town Panchayat",313325
8,Rajasthan,302896,Maniyan,Municipality,302896
8,Rajasthan,300350,Manoharpur,"Town Panchayat",313325
8,Rajasthan,300350,Manoharpur,"Town Panchayat",328024
8,Rajasthan,300322,"Marwar Junction","Town Panchayat",306001
8,Rajasthan,301445,Mawali,Municipality,313203
8,Rajasthan,248751,Mundwa,"Town Panchayat",313325
8,Rajasthan,248749,Nagaur,Municipality,305921
8,Rajasthan,248749,Nagaur,Municipality,341001
8,Rajasthan,248801,Nainwa,"Town Panchayat",323801
8,Rajasthan,300321,Narayana,"Town Panchayat",303348
8,Rajasthan,277232,Nasirabad,Municipality,305601
8,Rajasthan,301446,Nauganwa,"Town Panchayat",328027
8,Rajasthan,248758,Nawa,"Town Panchayat",313325
8,Rajasthan,248692,Nawalgarh,"Town Panchayat",333042
8,Rajasthan,248669,Nokha,"Town Panchayat",313325
8,Rajasthan,248669,Nokha,"Town Panchayat",328024
8,Rajasthan,302206,"Pahari ",Municipality,313203
8,Rajasthan,296922,Paota-Pragpura,Municipality,303106
8,Rajasthan,302259,Peeplu,"Town Panchayat",304801
8,Rajasthan,302259,Peeplu,"Town Panchayat",328027
8,Rajasthan,248759,Phalodi,"Town Panchayat",342301
8,Rajasthan,248734,Phulera,"Town Panchayat",328024
8,Rajasthan,248685,Pilani,"Town Panchayat",328027
8,Rajasthan,248685,Pilani,"Town Panchayat",313325
8,Rajasthan,248685,Pilani,"Town Panchayat",328024
8,Rajasthan,248663,Pilibanga,"Town Panchayat",328027
8,Rajasthan,248663,Pilibanga,"Town Panchayat",328024
8,Rajasthan,248663,Pilibanga,"Town Panchayat",313325
8,Rajasthan,277234,Pindwara,"Town Panchayat",313325
8,Rajasthan,277234,Pindwara,"Town Panchayat",328027
8,Rajasthan,248868,Pirawa,"Town Panchayat",313325
8,Rajasthan,248868,Pirawa,"Town Panchayat",328024
8,Rajasthan,302860,Raipur,Municipality,326036
8,Rajasthan,248671,"Rajgarh (Alwar)",Municipality,313325
8,Rajasthan,248818,Rajsamand,Municipality,313203
8,Rajasthan,248851,"Ramganj Mandi","Town Panchayat",313325
8,Rajasthan,248851,"Ramganj Mandi","Town Panchayat",328024
8,Rajasthan,248738,Ramgarh,"Town Panchayat",328027
8,Rajasthan,301410,"Ramgarh Pachwara",Municipality,305921
8,Rajasthan,248676,Ratangarh,Municipality,313325
8,Rajasthan,248674,Ratannagar,"Town Panchayat",328027
8,Rajasthan,248674,Ratannagar,"Town Panchayat",313325
8,Rajasthan,263008,Roopbas,"Town Panchayat",321404
8,Rajasthan,248832,Sagwara,"Town Panchayat",328027
8,Rajasthan,248832,Sagwara,"Town Panchayat",328024
8,Rajasthan,302861,Sahwa,Municipality,331001
8,Rajasthan,248733,Sambhar,"Town Panchayat",303604
8,Rajasthan,248792,Sarwar,"Town Panchayat",328024
8,Rajasthan,248792,Sarwar,"Town Panchayat",305403
8,Rajasthan,248720,"Sawai Madhopur",Municipality,313203
8,Rajasthan,248720,"Sawai Madhopur",Municipality,322001
8,Rajasthan,301460,Seeswali,"Town Panchayat",328024
8,Rajasthan,277235,Shahpura..(Bhilwara),"Town Panchayat",328024
8,Rajasthan,248770,Sheoganj,"Town Panchayat",328027
8,Rajasthan,248741,Sikar,Municipality,313203
8,Rajasthan,298995,Sikri,"Town Panchayat",328024
8,Rajasthan,301409,Singhana,Municipality,333516
8,Rajasthan,301409,Singhana,Municipality,305921
8,Rajasthan,248675,"Sri Dungargarh","Town Panchayat",331803
8,Rajasthan,248651,"Sri Ganganagar",Municipality,335001
8,Rajasthan,248651,"Sri Ganganagar",Municipality,305921
8,Rajasthan,248650,Srikaranpur,"Town Panchayat",328027
8,Rajasthan,248658,Srivijainagar,"Town Panchayat",328024
8,Rajasthan,248680,Sujangarh,Municipality,331507
8,Rajasthan,248680,Sujangarh,Municipality,313203
8,Rajasthan,302258,Sultana,"Town Panchayat",313325
8,Rajasthan,296933,Sultanpur,"Town Panchayat",325204
8,Rajasthan,248783,Sumerpur,Municipality,313325
8,Rajasthan,248660,Suratgarh,"Town Panchayat",335804
8,Rajasthan,299934,Tapukara,"Town Panchayat",301707
8,Rajasthan,299934,Tapukara,"Town Panchayat",328024
8,Rajasthan,248670,Taranagar,"Town Panchayat",328027
8,Rajasthan,248670,Taranagar,"Town Panchayat",328024
8,Rajasthan,290432,Thanagaji,"Town Panchayat",328027
8,Rajasthan,302253,Tinwari,"Town Panchayat",328027
8,Rajasthan,248715,Todabhim,Municipality,313325
8,Rajasthan,248798,Todaraisingh,"Town Panchayat",328024
8,Rajasthan,248798,Todaraisingh,"Town Panchayat",313325
8,Rajasthan,248798,Todaraisingh,"Town Panchayat",304505
8,Rajasthan,248797,Tonk,Municipality,304001
8,Rajasthan,298994,Uchchain,"Town Panchayat",321302
8,Rajasthan,248822,Udaipur,"Municipal Corporations",313205
8,Rajasthan,248822,Udaipur,"Municipal Corporations",313301
8,Rajasthan,248800,Uniara,"Town Panchayat",328024
8,Rajasthan,248800,Uniara,"Town Panchayat",328027
8,Rajasthan,248800,Uniara,"Town Panchayat",313325
8,Rajasthan,301454,Vajirpur,"Town Panchayat",322219
8,Rajasthan,301455,Vatika,Municipality,303905
8,Rajasthan,301455,Vatika,Municipality,313325
8,Rajasthan,248791,Vijainagar,Municipality,305624
8,Rajasthan,248728,Viratnagar,"Town Panchayat",303102
9,"Uttar Pradesh",249268,Achhalda,"Town Panchayat",206241
9,"Uttar Pradesh",249066,Achhnera,Municipality,283101
9,"Uttar Pradesh",297071,Agawanpur,"Town Panchayat",244504
9,"Uttar Pradesh",249062,Agra,"Municipal Corporations",282004
9,"Uttar Pradesh",249062,Agra,"Municipal Corporations",282006
9,"Uttar Pradesh",297055,Ait,"Town Panchayat",285201
9,"Uttar Pradesh",249400,Akbarpur,Municipality,224122
9,"Uttar Pradesh",249025,Aligarh,"Municipal Corporations",202001
9,"Uttar Pradesh",249088,Amanpur,"Town Panchayat",207241
9,"Uttar Pradesh",249484,Amila,"Town Panchayat",275301
9,"Uttar Pradesh",248950,Amroha,Municipality,244221
9,"Uttar Pradesh",297623,Asothar,"Town Panchayat",212620
9,"Uttar Pradesh",249102,Awagarh,"Town Panchayat",207301
9,"Uttar Pradesh",249238,Bachhrawan,"Town Panchayat",229301
9,"Uttar Pradesh",249497,Ballia,Municipality,243402
9,"Uttar Pradesh",249414,Balrampur,Municipality,271201
9,"Uttar Pradesh",289237,Bankti,"Town Panchayat",272123
9,"Uttar Pradesh",248972,Baraut,Municipality,250611
9,"Uttar Pradesh",249161,Barkhera,"Town Panchayat",262203
9,"Uttar Pradesh",249311,"Barua Sagar",Municipality,284201
9,"Uttar Pradesh",297059,"Belhar Kala","Town Panchayat",272270
9,"Uttar Pradesh",249535,Bhadohi,Municipality,221401
9,"Uttar Pradesh",300729,Bhaluani,"Town Panchayat",274182
9,"Uttar Pradesh",249374,Bharatganj,"Town Panchayat",212305
9,"Uttar Pradesh",249467,"Bhatpar Rani","Town Panchayat",274601
9,"Uttar Pradesh",248910,Bijnor,Municipality,246701
9,"Uttar Pradesh",297075,Boodhanpur,"Town Panchayat",246746
9,"Uttar Pradesh",249126,Budaun,Municipality,243634
9,"Uttar Pradesh",249005,Bulandshahr,Municipality,203001
9,"Uttar Pradesh",249362,Chail,"Town Panchayat",212202
9,"Uttar Pradesh",249520,Chandauli,"Town Panchayat",221110
9,"Uttar Pradesh",248937,Chandausi,Municipality,244412
9,"Uttar Pradesh",249496,"Chitbara Gaon","Town Panchayat",221713
9,"Uttar Pradesh",249342,"Chitrakoot Dham - Karwi",Municipality,210205
9,"Uttar Pradesh",297063,Dahagwan,"Town Panchayat",243638
9,"Uttar Pradesh",297044,"Dala Bazar","Town Panchayat",231207
9,"Uttar Pradesh",297064,Daranagar,"Town Panchayat",212204
9,"Uttar Pradesh",249385,Dariyabad,"Town Panchayat",225403
9,"Uttar Pradesh",249138,Deoranian,"Town Panchayat",243203
9,"Uttar Pradesh",249378,Dewa,"Town Panchayat",225301
9,"Uttar Pradesh",290251,Dhakia,"Town Panchayat",244401
9,"Uttar Pradesh",249406,Dostpur,"Town Panchayat",228131
9,"Uttar Pradesh",297078,Duddhi,"Town Panchayat",231208
9,"Uttar Pradesh",249098,Etah,Municipality,207001
9,"Uttar Pradesh",249347,Fatehpur(Fatehpur),Municipality,212601
9,"Uttar Pradesh",297066,Gaayghat,"Town Panchayat",272301
9,"Uttar Pradesh",248878,Gangoh,Municipality,247341
9,"Uttar Pradesh",249211,"Ganj Muradabad","Town Panchayat",209869
9,"Uttar Pradesh",276425,Gauriganj,Municipality,227409
9,"Uttar Pradesh",274823,Gnida,"Notified Area Council",201301
9,"Uttar Pradesh",249325,Gohand,"Town Panchayat",210430
9,"Uttar Pradesh",249055,Gokul,"Town Panchayat",281303
9,"Uttar Pradesh",249179,"Gola Gokarannath",Municipality,262802
9,"Uttar Pradesh",249419,Gonda,Municipality,271001
9,"Uttar Pradesh",249200,Gopamau,"Town Panchayat",241404
9,"Uttar Pradesh",249157,"Gularia Bhindara","Town Panchayat",262305
9,"Uttar Pradesh",249114,Gunnaur,"Town Panchayat",243722
9,"Uttar Pradesh",249254,Gursahaiganj,Municipality,209722
9,"Uttar Pradesh",249387,Haidergarh,"Town Panchayat",225124
9,"Uttar Pradesh",249435,Hariharpur,"Town Panchayat",272164
9,"Uttar Pradesh",253113,Hathgam,"Town Panchayat",212652
9,"Uttar Pradesh",249394,"Iltifatganj Bazar","Town Panchayat",224145
9,"Uttar Pradesh",249115,Islamnagar,"Town Panchayat",243723
9,"Uttar Pradesh",249012,Jahangirabad,Municipality,203394
9,"Uttar Pradesh",249399,Jalalpur,Municipality,224149
9,"Uttar Pradesh",248901,Jansath,"Town Panchayat",251314
9,"Uttar Pradesh",299023,"Jawan Sikandpur","Town Panchayat",202122
9,"Uttar Pradesh",249314,Jhansi,"Municipal Corporations",284001
9,"Uttar Pradesh",248884,Jhinjhana,"Town Panchayat",247773
9,"Uttar Pradesh",249086,Kaasganj,Municipality,207123
9,"Uttar Pradesh",297068,Kachgaon,"Town Panchayat",222138
9,"Uttar Pradesh",249207,"Kachhauna Patseni","Town Panchayat",241126
9,"Uttar Pradesh",249130,Kakrala,Municipality,243637
9,"Uttar Pradesh",249286,Kanpur,"Municipal Corporations",208001
9,"Uttar Pradesh",249538,Khamaria,"Town Panchayat",221306
9,"Uttar Pradesh",248968,Kharkhoda,"Town Panchayat",245206
9,"Uttar Pradesh",249502,"Kheta Sarai","Town Panchayat",222139
9,"Uttar Pradesh",300652,Khimsepur,"Town Panchayat",209502
9,"Uttar Pradesh",297079,Khiwai,"Town Panchayat",250344
9,"Uttar Pradesh",249168,Khudaganj,"Town Panchayat",242305
9,"Uttar Pradesh",248908,Kiratpur,Municipality,246731
9,"Uttar Pradesh",297042,Kohdaur,"Town Panchayat",230401
9,"Uttar Pradesh",249110,Kusmara,"Town Panchayat",205304
9,"Uttar Pradesh",249234,Lucknow,"Municipal Corporations",226012
9,"Uttar Pradesh",249234,Lucknow,"Municipal Corporations",226014
9,"Uttar Pradesh",249293,Madhogarh,"Town Panchayat",285126
9,"Uttar Pradesh",249469,Maharajganj(Raibareilly),"Town Panchayat",229306
9,"Uttar Pradesh",249230,Malihabad,"Town Panchayat",226102
9,"Uttar Pradesh",248909,Mandawar,"Town Panchayat",246721
9,"Uttar Pradesh",249507,Mariahu,"Town Panchayat",222161
9,"Uttar Pradesh",249052,Mathura-Vrindavan,"Municipal Corporations",281001
9,"Uttar Pradesh",248961,Mawana,Municipality,250401
9,"Uttar Pradesh",249431,Mehdawal,"Town Panchayat",272271
9,"Uttar Pradesh",248945,Milak,Municipality,244701
9,"Uttar Pradesh",249187,"Misrikh Cum Neemsar",Municipality,261401
9,"Uttar Pradesh",249089,Mohanpur,"Town Panchayat",207242
9,"Uttar Pradesh",298093,Munderwa,"Town Panchayat",272178
9,"Uttar Pradesh",249503,"Mungra Badshahpur",Municipality,222202
9,"Uttar Pradesh",249038,Mursan,"Town Panchayat",204213
9,"Uttar Pradesh",249401,Musafirkhana,"Town Panchayat",227813
9,"Uttar Pradesh",248915,Nagina,Municipality,246762
9,"Uttar Pradesh",297083,Nagra,"Town Panchayat",221711
9,"Uttar Pradesh",248905,Najibabad,Municipality,246763
9,"Uttar Pradesh",248936,Narauli,"Town Panchayat",244414
9,"Uttar Pradesh",249014,Naraura,"Town Panchayat",203389
9,"Uttar Pradesh",248949,"Naugawan Sadat","Town Panchayat",244251
9,"Uttar Pradesh",301389,"Nawabganj (Bara Banki)",Municipality,225001
9,"Uttar Pradesh",249222,"Nawabganj (Unnao)","Town Panchayat",209859
9,"Uttar Pradesh",249158,"Nyoria Husainpur","Town Panchayat",262305
9,"Uttar Pradesh",249195,Paintepur,"Town Panchayat",261203
9,"Uttar Pradesh",249199,"Pali (Hardoi)","Town Panchayat",241123
9,"Uttar Pradesh",249319,"Pali (Lalitpur)","Town Panchayat",284403
9,"Uttar Pradesh",297045,Pisawa,"Town Panchayat",202155
9,"Uttar Pradesh",297045,Pisawa,"Town Panchayat",261151
9,"Uttar Pradesh",249369,Prayagraj,"Municipal Corporations",212208
9,"Uttar Pradesh",301243,"Pt. Deen Dayal Upadhyaya Nagar","Notified Area Council",232101
9,"Uttar Pradesh",300509,Rajesultanpur,"Town Panchayat",224176
9,"Uttar Pradesh",249309,Ranipur,"Town Panchayat",284205
9,"Uttar Pradesh",249495,Rasra,Municipality,221712
9,"Uttar Pradesh",249388,Rudauli,Municipality,224120
9,"Uttar Pradesh",249121,Rudayan,"Town Panchayat",243724
9,"Uttar Pradesh",249215,Safipur,"Town Panchayat",209871
9,"Uttar Pradesh",249040,Sahpau,"Town Panchayat",281307
9,"Uttar Pradesh",249324,Sarila,"Town Panchayat",210432
9,"Uttar Pradesh",249381,Satrikh,"Town Panchayat",225122
9,"Uttar Pradesh",248921,Seohara,Municipality,246746
9,"Uttar Pradesh",249501,Shahganj,Municipality,223101
9,"Uttar Pradesh",297802,Shahjahanpur,"Municipal Corporations",242001
9,"Uttar Pradesh",248898,Shahpur,"Town Panchayat",251318
9,"Uttar Pradesh",249071,Shamsabad,Municipality,209503
9,"Uttar Pradesh",297032,Shamshabad,"Town Panchayat",283125
9,"Uttar Pradesh",249370,Shankargarh,"Town Panchayat",212108
9,"Uttar Pradesh",248918,Sherkot,Municipality,246747
9,"Uttar Pradesh",249275,Shivli,"Town Panchayat",209204
9,"Uttar Pradesh",249386,Siddhaur,"Town Panchayat",225413
9,"Uttar Pradesh",249092,Sidhpura,"Town Panchayat",207246
9,"Uttar Pradesh",249033,"Sikandra Rao",Municipality,204215
9,"Uttar Pradesh",249177,"Singahi Bhiraura","Town Panchayat",262905
9,"Uttar Pradesh",249146,Sirauli,"Town Panchayat",243303
9,"Uttar Pradesh",249373,Sirsa,"Town Panchayat",212305
9,"Uttar Pradesh",248933,Sirsi,"Town Panchayat",244301
9,"Uttar Pradesh",249189,Sitapur,Municipality,261001
9,"Uttar Pradesh",277139,Sonauli,"Town Panchayat",273308
9,"Uttar Pradesh",249323,Sumerpur,"Town Panchayat",210502
9,"Uttar Pradesh",249533,Suriyawan,"Town Panchayat",221404
9,"Uttar Pradesh",297054,"Suwansa Bazar","Town Panchayat",230306
9,"Uttar Pradesh",248940,Tanda,Municipality,224190
9,"Uttar Pradesh",300807,Tarkulwa,"Town Panchayat",274408
9,"Uttar Pradesh",248891,"Thana Bhawan","Town Panchayat",247777
9,"Uttar Pradesh",249307,"Tondi Fatehpur","Town Panchayat",284206
9,"Uttar Pradesh",249075,Tundla,Municipality,283204
9,"Uttar Pradesh",249292,Umri,"Town Panchayat",285129
9,"Uttar Pradesh",300721,"Uruwa Bazar","Town Panchayat",273407
9,"Uttar Pradesh",249531,Varanasi,"Municipal Corporations",221010
9,"Uttar Pradesh",249531,Varanasi,"Municipal Corporations",221007
9,"Uttar Pradesh",249531,Varanasi,"Municipal Corporations",221003
9,"Uttar Pradesh",270654,Walidpur,"Town Panchayat",276405
9,"Uttar Pradesh",248916,Warhapur,"Town Panchayat",246724
12,"Arunachal Pradesh",249705,Along,"Town Panchayat",791001
12,"Arunachal Pradesh",249699,Bomdila,"Town Panchayat",790001
12,"Arunachal Pradesh",299582,Dumporijo,"Town Panchayat",791122
12,"Arunachal Pradesh",299588,Hayuliang,"Town Panchayat",792104
12,"Arunachal Pradesh",276621,Itanagar,"Municipal Corporations",791110
12,"Arunachal Pradesh",249701,Itanagar,"Town Panchayat",791114
12,"Arunachal Pradesh",299591,Lemmi,"Town Panchayat",790102
12,"Arunachal Pradesh",249702,Naharlagun,"Town Panchayat",791123
12,"Arunachal Pradesh",249710,Namsai,"Town Panchayat",792103
12,"Arunachal Pradesh",299593,Rupa,"Town Panchayat",790003
12,"Arunachal Pradesh",249700,Seppa,"Town Panchayat",790102
12,"Arunachal Pradesh",249698,Tawang,"Town Panchayat",790105
12,"Arunachal Pradesh",249703,Ziro,"Town Panchayat",791120
13,Nagaland,299086,"Atoizu Town Council","Town Panchayat",798620
13,Nagaland,253207,"Changtongya Town Council","Town Panchayat",798613
13,Nagaland,249720,"Dimapur Municipal Council",Municipality,797112
13,Nagaland,253205,"Jalukie Town Council","Town Panchayat",797110
13,Nagaland,249717,"Mokokchung Municipal Council",Municipality,798601
13,Nagaland,249715,"Mon Town Council","Town Panchayat",798621
13,Nagaland,253203,"Naginimora Town Council","Town Panchayat",798622
13,Nagaland,276223,"Noklak Town Council","Town Panchayat",798612
13,Nagaland,253204,"Peren Town Council","Town Panchayat",797101
13,Nagaland,253210,"Pfutsero Town Council","Town Panchayat",797107
13,Nagaland,249716,"Tuensang Town Council","Town Panchayat",798612
14,Manipur,276547,Imphal,"Municipal Corporations",795001
14,Manipur,276551,Samourou,Municipality,795009
14,Manipur,276510,Sugunu,Municipality,795101
10,Bihar,299293,Asthawan,"Town Panchayat",803107
10,Bihar,249562,Bagaha,Municipality,845105
10,Bihar,249589,Bahadurganj,"Town Panchayat",855101
10,Bihar,249573,Bairgania,Municipality,843313
10,Bihar,277103,Barbigha,Municipality,811101
10,Bihar,249656,Barh,Municipality,803213
10,Bihar,299143,Barharia,"Town Panchayat",841226
10,Bihar,249574,Belsand,"Town Panchayat",843316
10,Bihar,276642,Benipur,Municipality,847103
10,Bihar,249564,Bettiah,"Municipal Corporations",845438
10,Bihar,299224,Bihariganj,"Town Panchayat",852101
10,Bihar,249642,Biharsharif,"Municipal Corporations",803101
10,Bihar,299288,Chandi,"Town Panchayat",803108
10,Bihar,249612,Chapra,"Municipal Corporations",841301
10,Bihar,299151,Chewara,"Town Panchayat",811304
10,Bihar,249648,Danapur,Municipality,801503
10,Bihar,299236,Dhamdaha,"Town Panchayat",854205
10,Bihar,299185,Dobhi,"Town Panchayat",824220
10,Bihar,249664,Dumraon,Municipality,802119
10,Bihar,249626,"Gogri Jamalpur",Municipality,851203
10,Bihar,300561,Gopalpur,"Town Panchayat",841217
10,Bihar,299138,Hathua,"Town Panchayat",841226
10,Bihar,301277,HAYAGHAT,"Town Panchayat",847105
10,Bihar,249643,Hilsa,Municipality,801302
10,Bihar,249662,Jagdishpur,"Town Panchayat",802158
10,Bihar,299159,Jalalpur,"Town Panchayat",841412
10,Bihar,301286,Jale,Municipality,847302
10,Bihar,305270,JAMHAUR,"Town Panchayat",821305
10,Bihar,249687,Jamui,Municipality,811307
10,Bihar,249672,Jehanabad,Municipality,804403
10,Bihar,249688,Jhajha,Municipality,811308
10,Bihar,249580,Jhanjharpur,Municipality,847404
10,Bihar,249585,Jogabani,Municipality,854328
10,Bihar,299304,Karakat,"Town Panchayat",802212
10,Bihar,249590,Kishanganj,Municipality,855108
10,Bihar,276405,Kochas,"Town Panchayat",821112
10,Bihar,299210,Korha,"Town Panchayat",854108
10,Bihar,299209,Kursela,"Town Panchayat",854101
10,Bihar,301276,"KUSHESWAR ASTHAN EAST","Town Panchayat",848213
10,Bihar,300555,Lauria,"Town Panchayat",845453
10,Bihar,249610,Mairwa,"Town Panchayat",841226
10,Bihar,249673,Makhdumpur,"Town Panchayat",804422
10,Bihar,299157,Mashrakh,"Town Panchayat",841418
10,Bihar,276648,Mohaniya,"Town Panchayat",821109
10,Bihar,249601,Motipur,Municipality,843111
10,Bihar,300559,"Musri Gharari","Town Panchayat",848103
10,Bihar,249603,Muzaffarpur,"Municipal Corporations",842001
10,Bihar,249561,Narkatiaganj,Municipality,845455
10,Bihar,249627,Naugachhia,Municipality,853204
10,Bihar,249650,Patna,"Municipal Corporations",801105
10,Bihar,249650,Patna,"Municipal Corporations",800002
10,Bihar,249650,Patna,"Municipal Corporations",800003
10,Bihar,249650,Patna,"Municipal Corporations",800022
10,Bihar,249650,Patna,"Municipal Corporations",800023
10,Bihar,249650,Patna,"Municipal Corporations",800024
10,Bihar,249650,Patna,"Municipal Corporations",800025
10,Bihar,249651,"Phulwari Sharif",Municipality,801505
10,Bihar,249592,Purnea,"Municipal Corporations",854301
10,Bihar,249675,Rafiganj,"Town Panchayat",824125
10,Bihar,299300,Rahui,"Town Panchayat",803119
10,Bihar,300554,Rajauli,"Town Panchayat",805125
10,Bihar,299114,Raniganj,"Town Panchayat",854334
10,Bihar,249565,Raxaul,Municipality,845305
10,Bihar,299126,Sabour,"Town Panchayat",813210
10,Bihar,249619,Samastipur,"Municipal Corporations",848101
10,Bihar,249566,Sugauli,"Town Panchayat",845456
10,Bihar,299189,Wazirganj,"Town Panchayat",803109
11,Sikkim,249690,"Gyalshing Nagar Panchayat","Town Panchayat",737111
11,Sikkim,249689,"Mangan Nagar Panchayat","Town Panchayat",737120
3,Punjab,248355,Abohar,"Municipal Corporations",152116
3,Punjab,248269,Ajnala,Municipality,143102
3,Punjab,299457,"Baba Bakala","Town Panchayat",143202
3,Punjab,248344,"Badhni Kalan","Town Panchayat",142037
3,Punjab,248315,Balachaur,Municipality,248315
3,Punjab,248374,Bareta,Municipality,151501
3,Punjab,248264,Batala,"Municipal Corporations",143528
3,Punjab,248345,"Bhagha Purana",Municipality,142038
3,Punjab,260770,"Bhai Rupa","Town Panchayat",151106
3,Punjab,248387,Bhawanigarh,Municipality,148026
3,Punjab,248275,Bhikhiwind,"Town Panchayat",143303
3,Punjab,248366,"Bhucho Mandi",Municipality,151101
3,Punjab,277200,Bilga,"Town Panchayat",144036
3,Punjab,277199,Boha,"Town Panchayat",151503
3,Punjab,248267,"Dera Baba Nanak",Municipality,143604
3,Punjab,248381,Dhanaula,Municipality,148105
3,Punjab,248282,Dhilwan,"Town Panchayat",144804
3,Punjab,248354,Fazilka,Municipality,152123
3,Punjab,248352,"Guru Har Sahai",Municipality,152022
3,Punjab,248353,Jalalabad,Municipality,152024
3,Punjab,248324,Kharar,Municipality,140301
3,Punjab,260780,"Kotha Guru","Town Panchayat",151206
3,Punjab,248271,Majitha,"Town Panchayat",143601
3,Punjab,248348,Makhu,"Town Panchayat",142044
3,Punjab,248383,Malerkotla,Municipality,148023
3,Punjab,253222,Mallanwala,"Town Panchayat",152021
3,Punjab,260781,Maluka,"Town Panchayat",151206
3,Punjab,253122,Mudki,"Town Panchayat",142060
3,Punjab,248359,Muktsar,Municipality,152026
3,Punjab,248397,Nabha,Municipality,147201
3,Punjab,248256,Pathankot,"Municipal Corporations",143528
3,Punjab,248395,Patran,Municipality,147105
3,Punjab,248314,Rahon,Municipality,144517
3,Punjab,248319,Rupnagar,Municipality,140001
3,Punjab,248398,Sanaur,Municipality,147103
3,Punjab,248386,Sangrur,Municipality,148001
3,Punjab,248254,Sujanpur,Municipality,145024
4,Chandigarh,276386,Chandigarh,"Municipal Corporations",160009
5,Uttarakhand,248447,Bageshwar,Municipality,263642
5,Uttarakhand,262922,Banbasa,"Town Panchayat",262310
5,Uttarakhand,248409,Barkot,Municipality,249141
5,Uttarakhand,297128,Chaukhutiya,"Town Panchayat",263656
5,Uttarakhand,248430,Dehradun,"Municipal Corporations",248121
5,Uttarakhand,248444,Dharchula,Municipality,262545
5,Uttarakhand,248440,Dogadda,Municipality,246001
5,Uttarakhand,248469,Gadarpur,Municipality,263152
5,Uttarakhand,262832,Ghansali,"Town Panchayat",249155
5,Uttarakhand,248416,Gochar,Municipality,246429
5,Uttarakhand,277162,Gularbhoj,"Town Panchayat",262401
5,Uttarakhand,248481,Jhabrera,"Town Panchayat",247665
5,Uttarakhand,248413,Joshimath,Municipality,246443
5,Uttarakhand,248418,Kedarnath,"Town Panchayat",246445
5,Uttarakhand,248468,"Kela Khera","Town Panchayat",263150
5,Uttarakhand,248465,"Mahua Kheraganj",Municipality,244713
5,Uttarakhand,248426,Munikireti-Dhalwala,Municipality,249137
5,Uttarakhand,301882,Nandanagar,"Town Panchayat",246435
5,Uttarakhand,248424,Narendranagar,Municipality,249175
5,Uttarakhand,248438,Pauri,Municipality,246001
5,Uttarakhand,248446,Pithoragarh,"Municipal Corporations",262501
5,Uttarakhand,248457,Ramnagar,Municipality,244715
5,Uttarakhand,248434,Rishikesh,"Municipal Corporations",249201
5,Uttarakhand,276616,Tilwara,"Town Panchayat",246475
5,Uttarakhand,248427,Vikasnagar,Municipality,248001
1,"Jammu And Kashmir",248194,"Jammu Municipal Corporation","Municipal Corporations",180013
1,"Jammu And Kashmir",248194,"Jammu Municipal Corporation","Municipal Corporations",181124
1,"Jammu And Kashmir",248199,"Municipal Committee Bari Brahmana",Municipality,181133
1,"Jammu And Kashmir",248169,"Municipal Committee Bijbehara",Municipality,192124
1,"Jammu And Kashmir",248161,"Municipal Committee Chrari Sharief",Municipality,191112
1,"Jammu And Kashmir",296987,"Municipal Committee Devsar",Municipality,192231
1,"Jammu And Kashmir",296989,"Municipal Committee Frisal",Municipality,192232
1,"Jammu And Kashmir",248195,"Municipal Committee Ghou-Manhasan",Municipality,180002
1,"Jammu And Kashmir",248154,"Municipal Committee Gulmarg Tangmarg",Municipality,193402
1,"Jammu And Kashmir",248191,"Municipal Committee Jourian",Municipality,181202
1,"Jammu And Kashmir",248173,"Municipal Committee Kokernag",Municipality,192202
1,"Jammu And Kashmir",248139,"Municipal Committee Langate",Municipality,193302
1,"Jammu And Kashmir",248168,"Municipal Committee Pahalgam",Municipality,192126
1,"Jammu And Kashmir",248196,"Municipal Committee R S Pura",Municipality,181102
1,"Jammu And Kashmir",248190,"Municipal Committee Sunderbani",Municipality,185153
1,"Jammu And Kashmir",248164,"Municipal Committee Tral",Municipality,192123
1,"Jammu And Kashmir",248159,"Municipal Council Budgam","Notified Area Council",191111
1,"Jammu And Kashmir",248038,"Municipal Council Doda","Notified Area Council",182202
1,"Jammu And Kashmir",248155,"Municipal Council Ganderbal","Notified Area Council",191201
1,"Jammu And Kashmir",248156,"Srinagar Municipal Corporation","Municipal Corporations",191132
1,"Jammu And Kashmir",248156,"Srinagar Municipal Corporation","Municipal Corporations",190003
1,"Jammu And Kashmir",248156,"Srinagar Municipal Corporation","Municipal Corporations",190002
2,"Himachal Pradesh",297009,Amb,"Town Panchayat",177203
2,"Himachal Pradesh",248240,Arki,"Town Panchayat",173208
2,"Himachal Pradesh",248221,Banjar,"Town Panchayat",175123
2,"Himachal Pradesh",248220,Bhuntar,"Town Panchayat",175125
2,"Himachal Pradesh",297013,Chirgaon,"Town Panchayat",171208
2,"Himachal Pradesh",276626,Dehra,Municipality,177101
2,"Himachal Pradesh",248211,Dharamshala,"Municipal Corporations",176215
2,"Himachal Pradesh",248219,Kullu,Municipality,175101
2,"Himachal Pradesh",248241,Nalagarh,Municipality,173212
2,"Himachal Pradesh",248246,Narkanda,"Town Panchayat",171213
2,"Himachal Pradesh",297014,Nerwa,"Town Panchayat",171210
2,"Himachal Pradesh",248210,Nurpur,Municipality,176202
7,Delhi,276400,"East Delhi Municipal Corporation","Municipal Corporations",110051
7,Delhi,276400,"East Delhi Municipal Corporation","Municipal Corporations",110093
7,Delhi,276400,"East Delhi Municipal Corporation","Municipal Corporations",110151
7,Delhi,276447,"New Delhi Municipal Council","NCT Municipal Council",110001
7,Delhi,276447,"New Delhi Municipal Council","NCT Municipal Council",110021
7,Delhi,276402,"South Delhi Municipal Corporation","Municipal Corporations",110029
7,Delhi,276402,"South Delhi Municipal Corporation","Municipal Corporations",110057
7,Delhi,276402,"South Delhi Municipal Corporation","Municipal Corporations",110061
7,Delhi,276402,"South Delhi Municipal Corporation","Municipal Corporations",110064
7,Delhi,276402,"South Delhi Municipal Corporation","Municipal Corporations",110068
6,Haryana,248549,"Bawani Khera",Municipality,127032
6,Haryana,248554,"Charkhi Dadri","Notified Area Council",127021
6,Haryana,248568,Dharuhera,Municipality,123106
6,Haryana,248585,Faridabad,"Municipal Corporations",121001
6,Haryana,248520,Gharaunda,Municipality,132114
6,Haryana,248516,Indri,Municipality,132041
6,Haryana,248539,"Mandi Dabwali","Notified Area Council",125104
6,Haryana,248555,Meham,Municipality,124112
6,Haryana,259688,"Nangal Chaudhary",Municipality,123023
6,Haryana,248566,Narnaul,"Notified Area Council",123001
6,Haryana,248514,Nilokheri,Municipality,132117
6,Haryana,248581,Nuh,"Notified Area Council",122107
6,Haryana,248489,Panchkula,"Municipal Corporations",134109
6,Haryana,248521,Panipat,"Municipal Corporations",132103
6,Haryana,248507,Pehowa,Municipality,136128
6,Haryana,289254,Sadhaura,Municipality,133204
6,Haryana,248535,Safidon,Municipality,126112
6,Haryana,253298,Sampla,Municipality,124501
6,Haryana,253298,Sampla,Municipality,124001
6,Haryana,248552,Siwani,Municipality,127046
6,Haryana,248500,Yamunanagar,"Municipal Corporations",135001
32,Kerala,252247,Alappuzha,Municipality,682304
32,Kerala,252211,Aluva,Municipality,683101
32,Kerala,272915,Anthur,Municipality,670563
32,Kerala,272915,Anthur,Municipality,682301
32,Kerala,252258,Attingal,Municipality,683104
32,Kerala,252181,Chavakkad,Municipality,683104
32,Kerala,272906,Cherpulassery,Municipality,683104
32,Kerala,272891,Ettumanoor,Municipality,682301
32,Kerala,272900,Feroke,Municipality,673631
32,Kerala,272880,Harippad,Municipality,683104
32,Kerala,272880,Harippad,Municipality,682304
32,Kerala,272890,Iritty,Municipality,682304
32,Kerala,252110,Kanhangad,Municipality,682304
32,Kerala,252125,Kannur,"Municipal Corporations",682001
32,Kerala,252125,Kannur,"Municipal Corporations",670004
32,Kerala,259707,Karunagappally,Municipality,690518
32,Kerala,252108,Kasaragod,Municipality,671121
32,Kerala,252248,Kayamkulam,Municipality,682301
32,Kerala,252248,Kayamkulam,Municipality,683104
32,Kerala,252248,Kayamkulam,Municipality,690502
32,Kerala,272897,Koduvally,Municipality,673572
32,Kerala,252255,Kollam,"Municipal Corporations",691001
32,Kerala,252255,Kollam,"Municipal Corporations",691013
32,Kerala,252255,Kollam,"Municipal Corporations",691601
32,Kerala,272901,Kondotty,Municipality,683104
32,Kerala,272881,Koothattukulam,Municipality,686662
32,Kerala,272881,Koothattukulam,Municipality,682304
32,Kerala,252144,Koothuparamba,Municipality,683104
32,Kerala,252231,Kothamangalam,Municipality,682304
32,Kerala,252231,Kothamangalam,Municipality,682301
32,Kerala,252231,Kothamangalam,Municipality,683104
32,Kerala,252231,Kothamangalam,Municipality,686691
32,Kerala,272889,Kottarakkara,Municipality,683104
32,Kerala,252159,Koyilandy,Municipality,682301
32,Kerala,252159,Koyilandy,Municipality,673305
32,Kerala,252180,Kunnamkulam,Municipality,680503
32,Kerala,272910,Mananthavady,Municipality,682304
32,Kerala,272910,Mananthavady,Municipality,683104
32,Kerala,272910,Mananthavady,Municipality,670645
32,Kerala,252169,Manjeri,Municipality,682301
32,Kerala,272907,Mannarkad,Municipality,683104
32,Kerala,252139,Mattannur,Municipality,682301
32,Kerala,252259,Nedumangad,Municipality,695541
32,Kerala,252259,Nedumangad,Municipality,682304
32,Kerala,252261,Neyyattinkara,Municipality,682304
32,Kerala,252175,Ottappalam,Municipality,683104
32,Kerala,252234,Palai,Municipality,683104
32,Kerala,252176,Palakkad,Municipality,682304
32,Kerala,252176,Palakkad,Municipality,683104
32,Kerala,272908,Pandalam,Municipality,682301
32,Kerala,272912,Parappanangadi,Municipality,676303
32,Kerala,252256,Paravoor,Municipality,682304
32,Kerala,252215,Paravur,Municipality,683513
32,Kerala,252215,Paravur,Municipality,682301
32,Kerala,252215,Paravur,Municipality,691301
32,Kerala,252252,Pathanamthitta,Municipality,689698
32,Kerala,252252,Pathanamthitta,Municipality,689653
32,Kerala,272905,Pattambi,Municipality,682301
32,Kerala,272896,Payyoli,Municipality,683104
32,Kerala,252171,Perinthalmanna,Municipality,679322
32,Kerala,252207,Perumbavoor,Municipality,682301
32,Kerala,252254,Punalur,Municipality,682301
32,Kerala,272899,Ramanattukara,Municipality,682304
32,Kerala,272899,Ramanattukara,Municipality,683104
32,Kerala,272899,Ramanattukara,Municipality,673633
32,Kerala,272884,Sreekandapuram,Municipality,683104
32,Kerala,272884,Sreekandapuram,Municipality,682304
32,Kerala,272884,Sreekandapuram,Municipality,670631
32,Kerala,272911,Sulthanbathery,Municipality,683104
32,Kerala,272904,Tanur,Municipality,682304
32,Kerala,252149,Thalassery,Municipality,682301
32,Kerala,252149,Thalassery,Municipality,670101
32,Kerala,252260,Thiruvananthapuram,"Municipal Corporations",695035
32,Kerala,252260,Thiruvananthapuram,"Municipal Corporations",695034
32,Kerala,252260,Thiruvananthapuram,"Municipal Corporations",695009
32,Kerala,252260,Thiruvananthapuram,"Municipal Corporations",682001
32,Kerala,252233,Thodupuzha,Municipality,682301
32,Kerala,259708,Thrikkakara,Municipality,682304
32,Kerala,252227,Thrippunithura,Municipality,683104
32,Kerala,252194,Thrissur,"Municipal Corporations",680021
32,Kerala,252172,Tirur,Municipality,676101
32,Kerala,272903,Tirurangadi,Municipality,683104
32,Kerala,272903,Tirurangadi,Municipality,676306
32,Kerala,272902,Valanchery,Municipality,682301
32,Kerala,252257,Varkala,Municipality,683104
32,Kerala,252157,Vatakara,Municipality,682301
32,Kerala,252157,Vatakara,Municipality,683104
32,Kerala,272909,Wadakkanchery,Municipality,682301
33,"Tamil Nadu",252954,Abiramam,"Town Panchayat",623601
33,"Tamil Nadu",252852,Alangudi,"Town Panchayat",622301
33,"Tamil Nadu",252852,Alangudi,"Town Panchayat",612801
33,"Tamil Nadu",252977,Alwarthirunagiri,"Town Panchayat",628612
33,"Tamil Nadu",253014,Ambasamudram,Municipality,627401
33,"Tamil Nadu",252714,Ammainaickanur,"Town Panchayat",624201
33,"Tamil Nadu",252533,Ammapettai,"Town Panchayat",638311
33,"Tamil Nadu",253089,Anjugrammam,"Town Panchayat",629401
33,"Tamil Nadu",252844,Annavasal,"Town Panchayat",622101
33,"Tamil Nadu",252537,Appakudal,"Town Panchayat",638315
33,"Tamil Nadu",252367,Arakkonam,Municipality,631001
33,"Tamil Nadu",252981,Arumuganeri,"Town Panchayat",628202
33,"Tamil Nadu",252996,Aygudi,"Town Panchayat",627852
33,"Tamil Nadu",252699,Ayyalur,"Town Panchayat",624801
33,"Tamil Nadu",260288,Azhagappapuram,"Town Panchayat",629401
33,"Tamil Nadu",253073,Azhagiapandipuram,"Town Panchayat",629851
33,"Tamil Nadu",252694,Balasamudram,"Town Panchayat",624610
33,"Tamil Nadu",252401,Bargur,"Town Panchayat",635104
33,"Tamil Nadu",252530,Bhavanisagar,"Town Panchayat",638451
33,"Tamil Nadu",252896,"B. Meenakshipuram","Town Panchayat",625582
33,"Tamil Nadu",252430,Chetpet,"Town Panchayat",606801
33,"Tamil Nadu",252926,Chettiarpatti,"Town Panchayat",626122
33,"Tamil Nadu",252781,Chidambaram,Municipality,608001
33,"Tamil Nadu",252593,Chinnakkampalayam,"Town Panchayat",638657
33,"Tamil Nadu",252819,Cholapuram,"Town Panchayat",639102
33,"Tamil Nadu",252773,Cuddalore,"Municipal Corporations",607001
33,"Tamil Nadu",252864,Devakottai,Municipality,630302
33,"Tamil Nadu",253034,Edaicode,"Town Panchayat",629152
33,"Tamil Nadu",252349,Edaikazhinadu,"Town Panchayat",603304
33,"Tamil Nadu",252885,Elumalai,"Town Panchayat",625535
33,"Tamil Nadu",252294,"Greater Chennai Corporation","Municipal Corporations",600050
33,"Tamil Nadu",252294,"Greater Chennai Corporation","Municipal Corporations",600041
33,"Tamil Nadu",252294,"Greater Chennai Corporation","Municipal Corporations",600032
33,"Tamil Nadu",252294,"Greater Chennai Corporation","Municipal Corporations",600016
33,"Tamil Nadu",252294,"Greater Chennai Corporation","Municipal Corporations",600010
33,"Tamil Nadu",252294,"Greater Chennai Corporation","Municipal Corporations",600009
33,"Tamil Nadu",252294,"Greater Chennai Corporation","Municipal Corporations",600084
33,"Tamil Nadu",252921,Highways,"Town Panchayat",625515
33,"Tamil Nadu",252399,Hosur,"Municipal Corporations",635109
33,"Tamil Nadu",252641,Idikarai,"Town Panchayat",641022
33,"Tamil Nadu",252999,Ilanji,"Town Panchayat",627805
33,"Tamil Nadu",252843,Iluppur,"Town Panchayat",639119
33,"Tamil Nadu",252462,Jalakandapuram,"Town Panchayat",636501
33,"Tamil Nadu",252463,Kadayampatti,"Town Panchayat",636351
33,"Tamil Nadu",252516,Kalappanaickenpatti,"Town Panchayat",637404
33,"Tamil Nadu",253036,Kaliyakkavilai,"Town Panchayat",629153
33,"Tamil Nadu",252744,Kallakudi,"Town Panchayat",621651
33,"Tamil Nadu",253065,Kallukuttam,"Town Panchayat",629802
33,"Tamil Nadu",252412,Kambainallur,"Town Panchayat",635202
33,"Tamil Nadu",252955,Kamuthi,"Town Panchayat",623603
33,"Tamil Nadu",252861,Kandanur,"Town Panchayat",630104
33,"Tamil Nadu",252475,Kannankurichi,"Town Panchayat",636008
33,"Tamil Nadu",252613,Karamadai,Municipality,641104
33,"Tamil Nadu",252465,Karuppur,"Town Panchayat",636012
33,"Tamil Nadu",252725,Karur,"Municipal Corporations",639001
33,"Tamil Nadu",252785,Kattumannarkoil,"Town Panchayat",608301
33,"Tamil Nadu",252404,Kaveripattinam,"Town Panchayat",635112
33,"Tamil Nadu",252845,Keeranur,"Town Panchayat",638701
33,"Tamil Nadu",252845,Keeranur,"Town Panchayat",622502
33,"Tamil Nadu",252690,Keeranur,"Town Panchayat",624617
33,"Tamil Nadu",252799,Kilvelur,"Town Panchayat",611104
33,"Tamil Nadu",252549,Kolappalur,"Town Panchayat",638456
33,"Tamil Nadu",252499,Komarapalayam,Municipality,638183
33,"Tamil Nadu",252469,Konganapuram,"Town Panchayat",637102
33,"Tamil Nadu",252805,Koradacheri,"Town Panchayat",613703
33,"Tamil Nadu",252761,Kurumbalur,"Town Panchayat",621107
33,"Tamil Nadu",252795,Kuthalam,"Town Panchayat",609801
33,"Tamil Nadu",252784,Lalpet,"Town Panchayat",608303
33,"Tamil Nadu",252347,Madurantakam,Municipality,603306
33,"Tamil Nadu",252946,Mallankinaru,"Town Panchayat",626109
33,"Tamil Nadu",252959,Mandapam,"Town Panchayat",623518
33,"Tamil Nadu",252732,Marudur,"Town Panchayat",639107
33,"Tamil Nadu",253078,Marungur,"Town Panchayat",629402
33,"Tamil Nadu",252898,Melachokkanathapuram,"Town Panchayat",625582
33,"Tamil Nadu",253000,Melagaram,"Town Panchayat",627818
33,"Tamil Nadu",252832,Melathiruppanthuruthi,"Town Panchayat",613103
33,"Tamil Nadu",252871,Melur,Municipality,625106
33,"Tamil Nadu",252573,Modakkurichi,"Town Panchayat",638104
33,"Tamil Nadu",253057,Mulagumudu,"Town Panchayat",629167
33,"Tamil Nadu",252813,Muthupet,"Town Panchayat",614704
33,"Tamil Nadu",252555,Nallampatti,"Town Panchayat",638057
33,"Tamil Nadu",252518,Namakkal,Municipality,637001
33,"Tamil Nadu",252565,Nasiyanur,"Town Panchayat",638107
33,"Tamil Nadu",252769,Nellikuppam,Municipality,607105
33,"Tamil Nadu",252594,Nelliyalam,Municipality,643205
33,"Tamil Nadu",252534,Olagadam,"Town Panchayat",638314
33,"Tamil Nadu",252464,Omalur,"Town Panchayat",636455
33,"Tamil Nadu",252668,Othakalmandapam,"Town Panchayat",641032
33,"Tamil Nadu",260292,Palappallam,"Town Panchayat",629159
33,"Tamil Nadu",252696,Palayam,"Town Panchayat",624620
33,"Tamil Nadu",252633,Pallapalayam,"Town Panchayat",641663
33,"Tamil Nadu",252859,Pallathur,"Town Panchayat",630107
33,"Tamil Nadu",252377,Pallikonda,"Town Panchayat",635809
33,"Tamil Nadu",252886,Peraiyur,"Town Panchayat",625703
33,"Tamil Nadu",252841,Peravurani,"Town Panchayat",614804
33,"Tamil Nadu",252758,Ponnampatti,"Town Panchayat",621312
33,"Tamil Nadu",252917,Pudupatti,"Town Panchayat",625556
33,"Tamil Nadu",253005,"Pudur (S)","Town Panchayat",627809
33,"Tamil Nadu",252726,Puliyur,"Town Panchayat",639114
33,"Tamil Nadu",252531,Punjaipuliampatti,Municipality,638459
33,"Tamil Nadu",252364,Ranipet,Municipality,632531
33,"Tamil Nadu",253067,Reethapuram,"Town Panchayat",629159
33,"Tamil Nadu",252588,Rudravathi,"Town Panchayat",638702
33,"Tamil Nadu",252528,Sathyamangalam,Municipality,638402
33,"Tamil Nadu",252498,Sentharapatti,"Town Panchayat",636110
33,"Tamil Nadu",252710,Sithayankottai,"Town Panchayat",624708
33,"Tamil Nadu",252579,Sivagiri,"Town Panchayat",627757
33,"Tamil Nadu",252742,"S. Kannanur","Town Panchayat",621112
33,"Tamil Nadu",252930,Sundarapandiam,"Town Panchayat",626126
33,"Tamil Nadu",252319,Tambaram,"Municipal Corporations",600045
33,"Tamil Nadu",252833,Thanjavur,"Municipal Corporations",613008
33,"Tamil Nadu",252737,Thathaiyangarpet,"Town Panchayat",621214
33,"Tamil Nadu",252905,Theni-Allinagaram,Municipality,625531
33,"Tamil Nadu",252903,Thenkarai,"Town Panchayat",641105
33,"Tamil Nadu",252660,Thenkarai,"Town Panchayat",625021
33,"Tamil Nadu",252279,Thirumazhisai,"Town Panchayat",600124
33,"Tamil Nadu",252616,Thirumuruganpoondi,Municipality,641652
33,"Tamil Nadu",252434,Thiruvannamalai,Municipality,606601
33,"Tamil Nadu",252277,Thiruverkadu,Municipality,600077
33,"Tamil Nadu",252734,Thottiyam,"Town Panchayat",621215
33,"Tamil Nadu",252741,Thuraiyur,Municipality,621010
33,"Tamil Nadu",252438,Tindivanam,Municipality,604001
33,"Tamil Nadu",252984,Tiruchendur,Municipality,628215
33,"Tamil Nadu",252749,Tiruchirappalli,"Municipal Corporations",620017
33,"Tamil Nadu",252749,Tiruchirappalli,"Municipal Corporations",620006
33,"Tamil Nadu",252749,Tiruchirappalli,"Municipal Corporations",620024
33,"Tamil Nadu",252888,Tirumangalam,Municipality,625706
33,"Tamil Nadu",252621,Tiruppur,"Municipal Corporations",641601
33,"Tamil Nadu",252273,Tiruvallur,Municipality,602001
33,"Tamil Nadu",252808,Tiruvarur,Municipality,610001
33,"Tamil Nadu",252887,T.Kallupatti,"Town Panchayat",625702
33,"Tamil Nadu",253039,Unnamalaikadai,"Town Panchayat",629179
33,"Tamil Nadu",252381,Vellore,"Municipal Corporations",632002
33,"Tamil Nadu",252578,Vellottamparappu,"Town Panchayat",638154
33,"Tamil Nadu",252523,Velur,"Town Panchayat",638182
33,"Tamil Nadu",252508,Vennanthur,"Town Panchayat",637505
33,"Tamil Nadu",252968,Vilathikulam,"Town Panchayat",628907
33,"Tamil Nadu",252341,Walajabad,"Town Panchayat",631605
21,Odisha,250498,Athagad,"Notified Area Council",754029
21,Odisha,250555,Balangir,Municipality,767002
21,Odisha,250486,Baleshwar,Municipality,756001
21,Odisha,250481,Baripada,Municipality,757001
21,Odisha,250543,Berhampur,"Municipal Corporations",760010
21,Odisha,250543,Berhampur,"Municipal Corporations",760002
21,Odisha,250543,Berhampur,"Municipal Corporations",760009
21,Odisha,250543,Berhampur,"Municipal Corporations",760003
21,Odisha,250520,Bhubaneswar,"Municipal Corporations",751005
21,Odisha,250520,Bhubaneswar,"Municipal Corporations",751013
21,Odisha,250520,Bhubaneswar,"Municipal Corporations",751014
21,Odisha,250520,Bhubaneswar,"Municipal Corporations",751015
21,Odisha,250520,Bhubaneswar,"Municipal Corporations",751016
21,Odisha,250501,Cuttack,"Municipal Corporations",752120
21,Odisha,250457,Debagarh,Municipality,768108
21,Odisha,248060,Dhenkanal,Municipality,759001
21,Odisha,250547,"G. Udayagiri","Notified Area Council",762100
21,Odisha,259680,Hindol,"Notified Area Council",759022
21,Odisha,250542,Hinjilicut,Municipality,761102
21,Odisha,250516,Jatani,Municipality,752050
21,Odisha,250574,Jeypur,Municipality,764004
21,Odisha,250452,Jharsuguda,Municipality,768203
21,Odisha,250557,Khariar,"Notified Area Council",766107
21,Odisha,250556,"Khariar Road","Notified Area Council",766104
21,Odisha,250512,Nayagarh,Municipality,752069
21,Odisha,250484,Nilagiri,"Notified Area Council",756040
21,Odisha,250522,Nimapada,"Notified Area Council",752106
21,Odisha,250478,Rairangpur,Municipality,757043
21,Odisha,250467,Raurkela,"Municipal Corporations",769013
21,Odisha,253100,Sambalpur,"Municipal Corporations",768020
21,Odisha,253100,Sambalpur,"Municipal Corporations",768004
21,Odisha,250553,Titlagarh,Municipality,767033
21,Odisha,263006,Tusura,"Notified Area Council",767030
21,Odisha,250567,Umarkote,Municipality,764073
22,Chhattisgarh,253289,Adbhar,"Town Panchayat",495695
22,Chhattisgarh,250588,Ambikapur,"Municipal Corporations",497001
22,Chhattisgarh,253248,Antagarh,"Town Panchayat",494665
22,Chhattisgarh,253200,Bagicha,"Town Panchayat",496224
22,Chhattisgarh,301919,Bamhanidih,"Town Panchayat",495660
22,Chhattisgarh,301510,"Banki Mongra",Municipality,495447
22,Chhattisgarh,248143,Bastar,"Town Panchayat",494223
22,Chhattisgarh,253114,Bhatgaon,"Town Panchayat",491001
22,Chhattisgarh,250639,Bhilai,"Municipal Corporations",490011
22,Chhattisgarh,250639,Bhilai,"Municipal Corporations",490009
22,Chhattisgarh,250638,"Bhilai Charoda","Municipal Corporations",490025
22,Chhattisgarh,253244,Bijapur,Municipality,494444
22,Chhattisgarh,250621,Bodri,Municipality,495220
22,Chhattisgarh,253285,Chandrapur,"Town Panchayat",495692
22,Chhattisgarh,250669,Dantewada,Municipality,494449
22,Chhattisgarh,253151,Devkar,"Town Panchayat",491335
22,Chhattisgarh,250599,Dipka,Municipality,495452
22,Chhattisgarh,253180,Fingeswar,"Town Panchayat",493992
22,Chhattisgarh,253158,Gurur,"Town Panchayat",491227
22,Chhattisgarh,250636,Jamul,Municipality,490024
22,Chhattisgarh,250623,Kawardha,Municipality,491995
22,Chhattisgarh,262094,"Khairagarh Municipality",Municipality,491881
22,Chhattisgarh,250608,Kharod,"Town Panchayat",495556
22,Chhattisgarh,250652,Kharora,"Town Panchayat",493225
22,Chhattisgarh,301514,Kopra,"Town Panchayat",493887
22,Chhattisgarh,253199,Kotba,"Town Panchayat",496220
22,Chhattisgarh,248061,Kurud,Municipality,493663
22,Chhattisgarh,253279,Lailunga,"Town Panchayat",496113
22,Chhattisgarh,253121,Lakhanpur,"Town Panchayat",497116
22,Chhattisgarh,301808,"Lal Bahadur Nagar","Town Panchayat",491557
22,Chhattisgarh,253174,Malhar,"Town Panchayat",495551
22,Chhattisgarh,250614,Mungeli,Municipality,495334
22,Chhattisgarh,253109,Nagri,"Town Panchayat",493778
22,Chhattisgarh,253249,Narharpur,"Town Panchayat",494333
22,Chhattisgarh,250607,"Naya Baradwar","Town Panchayat",495687
22,Chhattisgarh,250641,Patan,"Town Panchayat",491111
22,Chhattisgarh,253172,Pathariya,"Town Panchayat",495335
22,Chhattisgarh,250609,Pendra,Municipality,495119
22,Chhattisgarh,250609,Pendra,Municipality,495117
22,Chhattisgarh,273465,Pipariya,"Town Panchayat",491995
22,Chhattisgarh,253288,Rahoud,"Town Panchayat",495556
22,Chhattisgarh,250629,Rajnandgaon,"Municipal Corporations",491441
22,Chhattisgarh,301528,Rohansi,"Town Panchayat",493228
22,Chhattisgarh,273468,Sahaspur-Lohara,"Town Panchayat",491996
22,Chhattisgarh,253287,Saragaon,"Town Panchayat",495686
22,Chhattisgarh,253277,Saria,"Town Panchayat",496554
22,Chhattisgarh,301867,Shivnandanpur,"Town Panchayat",497229
22,Chhattisgarh,253120,Sitapur,"Town Panchayat",497111
22,Chhattisgarh,253153,Utai,"Town Panchayat",491107
23,"Madhya Pradesh",250685,Akoda,"Town Panchayat",477332
23,"Madhya Pradesh",250863,Akodia,"Town Panchayat",465223
23,"Madhya Pradesh",250839,Alot,"Town Panchayat",457114
23,"Madhya Pradesh",250699,Antari,"Town Panchayat",475001
23,"Madhya Pradesh",265847,"Anuppur Np",Municipality,484224
23,"Madhya Pradesh",250949,Ashta,Municipality,466116
23,"Madhya Pradesh",290258,Badagaon,"Town Panchayat",472010
23,"Madhya Pradesh",250852,Badnagar,Municipality,456771
23,"Madhya Pradesh",250857,Badod,"Town Panchayat",465550
23,"Madhya Pradesh",290389,Bagali,"Town Panchayat",455111
23,"Madhya Pradesh",250792,Baikunthpur,"Town Panchayat",486441
23,"Madhya Pradesh",250997,Barela,"Town Panchayat",483001
23,"Madhya Pradesh",250945,Berasia,Municipality,462120
23,"Madhya Pradesh",250827,Bhanpura,"Town Panchayat",458775
23,"Madhya Pradesh",250827,Bhanpura,"Town Panchayat",455111
23,"Madhya Pradesh",250865,Bhaurasa,"Town Panchayat",455001
23,"Madhya Pradesh",250865,Bhaurasa,"Town Panchayat",455115
23,"Madhya Pradesh",250996,Bhedaghat,"Town Panchayat",483053
23,"Madhya Pradesh",250912,Bhikangaon,"Town Panchayat",451331
23,"Madhya Pradesh",250946,Bhopal,"Municipal Corporations",462024
23,"Madhya Pradesh",250946,Bhopal,"Municipal Corporations",462027
23,"Madhya Pradesh",250946,Bhopal,"Municipal Corporations",462004
23,"Madhya Pradesh",250946,Bhopal,"Municipal Corporations",462038
23,"Madhya Pradesh",250946,Bhopal,"Municipal Corporations",462043
23,"Madhya Pradesh",250946,Bhopal,"Municipal Corporations",462047
23,"Madhya Pradesh",250946,Bhopal,"Municipal Corporations",464993
23,"Madhya Pradesh",250747,Bijawar,"Town Panchayat",471405
23,"Madhya Pradesh",298917,Bilhara,"Town Panchayat",470051
23,"Madhya Pradesh",250755,Bina,Municipality,470113
23,"Madhya Pradesh",250748,Buxwaha,"Town Panchayat",471318
23,"Madhya Pradesh",250741,Chhatarpur,Municipality,471001
23,"Madhya Pradesh",250703,Datia,Municipality,475661
23,"Madhya Pradesh",250770,Deori,Municipality,470226
23,"Madhya Pradesh",250751,Devendranagar,"Town Panchayat",488333
23,"Madhya Pradesh",250894,Dharampuri,"Town Panchayat",454449
23,"Madhya Pradesh",293809,Ganjbasoda,Municipality,464221
23,"Madhya Pradesh",250768,Garhakota,Municipality,470229
23,"Madhya Pradesh",250798,Govindgarh,"Town Panchayat",486550
23,"Madhya Pradesh",250967,Harda,Municipality,461331
23,"Madhya Pradesh",250950,Ichhawar,"Town Panchayat",466115
23,"Madhya Pradesh",250901,Indore,"Municipal Corporations",452013
23,"Madhya Pradesh",250901,Indore,"Municipal Corporations",452001
23,"Madhya Pradesh",250806,Jaisinghnagar,"Town Panchayat",470125
23,"Madhya Pradesh",250822,Jawad,"Town Panchayat",458330
23,"Madhya Pradesh",250929,Jirapur,"Town Panchayat",465691
23,"Madhya Pradesh",250804,"Khand - Bansagar","Town Panchayat",484776
23,"Madhya Pradesh",250923,Khandwa,"Municipal Corporations",450001
23,"Madhya Pradesh",250918,Khetia,"Town Panchayat",451881
23,"Madhya Pradesh",250930,Khilchipur,"Town Panchayat",465679
23,"Madhya Pradesh",250966,Khirkiya,"Town Panchayat",461441
23,"Madhya Pradesh",250758,Khurai,Municipality,470117
23,"Madhya Pradesh",251031,Lakhnadon,"Town Panchayat",480886
23,"Madhya Pradesh",290253,Lidhorakhas,"Town Panchayat",472331
23,"Madhya Pradesh",250869,Loharda,"Town Panchayat",454335
23,"Madhya Pradesh",250928,Machalpur,"Town Panchayat",451225
23,"Madhya Pradesh",299255,Madhusudangarh,"Town Panchayat",473287
23,"Madhya Pradesh",299299,Magroni,"Town Panchayat",473865
23,"Madhya Pradesh",250740,Maharajpur,Municipality,471501
23,"Madhya Pradesh",250849,Mahidpur,Municipality,456443
23,"Madhya Pradesh",298924,Malanpur,"Town Panchayat",477117
23,"Madhya Pradesh",250828,Malhargarh,"Town Panchayat",458389
23,"Madhya Pradesh",250889,Mandav,"Town Panchayat",454010
23,"Madhya Pradesh",250959,Mandideep,Municipality,462046
23,"Madhya Pradesh",250793,Mangawan,"Town Panchayat",486111
23,"Madhya Pradesh",250906,Manpur,"Town Panchayat",455111
23,"Madhya Pradesh",250906,Manpur,"Town Panchayat",453661
23,"Madhya Pradesh",273379,"Meghnagar New","Town Panchayat",457779
23,"Madhya Pradesh",299289,Mohna,"Town Panchayat",475330
23,"Madhya Pradesh",250922,Mundi,"Town Panchayat",450112
23,"Madhya Pradesh",250782,Nagod,"Town Panchayat",485446
23,"Madhya Pradesh",250855,Nalkheda,"Town Panchayat",465445
23,"Madhya Pradesh",250974,Narmadapuram,Municipality,461001
23,"Madhya Pradesh",274350,Nemawar,"Town Panchayat",455001
23,"Madhya Pradesh",274350,Nemawar,"Town Panchayat",455111
23,"Madhya Pradesh",293827,Orchha,"Town Panchayat",472246
23,"Madhya Pradesh",250935,Pachore,"Town Panchayat",465683
23,"Madhya Pradesh",250924,Pandhana,"Town Panchayat",450661
23,"Madhya Pradesh",250917,Pansemal,"Town Panchayat",451770
23,"Madhya Pradesh",253197,Pasan,Municipality,484336
23,"Madhya Pradesh",250985,Patan,"Town Panchayat",483113
23,"Madhya Pradesh",250710,"Pichhore Shivpuri","Town Panchayat",473995
23,"Madhya Pradesh",250836,Piploda,"Town Panchayat",457331
23,"Madhya Pradesh",299252,Piprai,"Town Panchayat",473440
23,"Madhya Pradesh",250864,Polaykalan,"Town Panchayat",465116
23,"Madhya Pradesh",250676,Porsa,Municipality,476115
23,"Madhya Pradesh",250742,Rajnagar,"Town Panchayat",471625
23,"Madhya Pradesh",250883,Ranapur,"Town Panchayat",457993
23,"Madhya Pradesh",250843,Ratlam,"Municipal Corporations",457001
23,"Madhya Pradesh",250797,Rewa,"Municipal Corporations",486001
23,"Madhya Pradesh",250895,"Runji -Gautampura","Town Panchayat",453220
23,"Madhya Pradesh",262993,Samsabad,"Town Panchayat",464111
23,"Madhya Pradesh",300386,Sarai,"Town Panchayat",486881
23,"Madhya Pradesh",248069,Sarni,Municipality,460447
23,"Madhya Pradesh",263155,"Sarwaniya Maharaj","Town Panchayat",458220
23,"Madhya Pradesh",250898,Sawer,"Town Panchayat",453551
23,"Madhya Pradesh",250807,Shahdol,Municipality,484001
23,"Madhya Pradesh",250705,Shivpuri,Municipality,473551
23,"Madhya Pradesh",250983,Sihora,Municipality,483225
23,"Madhya Pradesh",298918,Sirali,"Town Panchayat",461335
23,"Madhya Pradesh",250853,Soyatkalan,"Town Panchayat",465449
23,"Madhya Pradesh",250958,Sultanpur,"Town Panchayat",464986
23,"Madhya Pradesh",290381,Suwasra,"Town Panchayat",458888
23,"Madhya Pradesh",290271,"Tonk Khurd","Town Panchayat",455116
23,"Madhya Pradesh",250851,Ujjain,"Municipal Corporations",456010
23,"Madhya Pradesh",250672,Vijaypur,"Town Panchayat",476332
27,Maharashtra,251323,Achalpur,Municipality,444806
27,Maharashtra,251562,Ahmadpur,Municipality,413515
27,Maharashtra,251581,Akkalkot,Municipality,413216
27,Maharashtra,251485,Ambarnath,Municipality,421501
27,Maharashtra,258020,Ardhapur,"Town Panchayat",431704
27,Maharashtra,301085,"Bahadura Nagar Panchayat","Town Panchayat",440034
27,Maharashtra,251375,Bhadravati,Municipality,442902
27,Maharashtra,248078,Bhandara,Municipality,441904
27,Maharashtra,251477,Bhiwandi,"Municipal Corporations",421308
27,Maharashtra,263363,Bhiwapur,"Town Panchayat",441201
27,Maharashtra,251422,Bhokardan,Municipality,431002
27,Maharashtra,251557,Bid,Municipality,431122
27,Maharashtra,251406,Biloli,Municipality,431710
27,Maharashtra,276272,Bodwad,"Town Panchayat",425310
27,Maharashtra,251520,Chakan,Municipality,410501
27,Maharashtra,276375,Chakur,"Town Panchayat",413513
27,Maharashtra,251296,Chalisgaon,Municipality,424101
27,Maharashtra,251330,Chandur,Municipality,444904
27,Maharashtra,276281,Chandwad,Municipality,423101
27,Maharashtra,265713,Chimur,Municipality,442903
27,Maharashtra,251283,Chopda,Municipality,425107
27,Maharashtra,251337,Deoli,Municipality,442101
27,Maharashtra,259684,Devrukh,"Town Panchayat",415804
27,Maharashtra,251282,Dhule,"Municipal Corporations",424311
27,Maharashtra,251282,Dhule,"Municipal Corporations",424002
27,Maharashtra,251390,Digras,Municipality,445203
27,Maharashtra,251292,Erandol,Municipality,425109
27,Maharashtra,303134,"Fursungi Uruli Devachi",Municipality,412308
27,Maharashtra,251631,Gadhinglaj,Municipality,416502
27,Maharashtra,251488,"Greater Mumbai","Municipal Corporations",400012
27,Maharashtra,251488,"Greater Mumbai","Municipal Corporations",400030
27,Maharashtra,251488,"Greater Mumbai","Municipal Corporations",400025
27,Maharashtra,251411,Hingoli,Municipality,431513
27,Maharashtra,251619,Ichalkaranji,"Municipal Corporations",416115
27,Maharashtra,251445,Igatpuri,Municipality,422403
27,Maharashtra,251423,Jalna,"Municipal Corporations",431203
27,Maharashtra,251453,Jawhar,Municipality,401603
27,Maharashtra,266073,"Kalamb Nagar Panchayat","Town Panchayat",445401
27,Maharashtra,251483,Kalyan-Dombivli,"Municipal Corporations",421102
27,Maharashtra,251483,Kalyan-Dombivli,"Municipal Corporations",421201
27,Maharashtra,251609,Kankavli,"Town Panchayat",416602
27,Maharashtra,251498,Karjat,Municipality,410201
27,Maharashtra,275729,Karjat,"Town Panchayat",414402
27,Maharashtra,251341,Katol,Municipality,441302
27,Maharashtra,276267,Khalapur,"Town Panchayat",410202
27,Maharashtra,251302,Khamgaon,Municipality,444303
27,Maharashtra,251345,Khapa,Municipality,441101
27,Maharashtra,251558,"Kille Dharur",Municipality,431124
27,Maharashtra,276381,Koregaon,"Town Panchayat",415501
27,Maharashtra,251622,Kurundvad,Municipality,416106
27,Maharashtra,251607,Lanja,"Town Panchayat",416701
27,Maharashtra,276302,Madha,"Town Panchayat",413209
27,Maharashtra,251584,Mahabaleshwar,Municipality,412806
27,Maharashtra,276309,Mahagaon,"Town Panchayat",445205
27,Maharashtra,298893,"Mahalung Shripur",Municipality,413112
27,Maharashtra,251556,Majalgaon,Municipality,431131
27,Maharashtra,276293,Malegaon,"Town Panchayat",413115
27,Maharashtra,276295,Mandangad,"Town Panchayat",415203
27,Maharashtra,251580,Mangalvedhe,Municipality,413305
27,Maharashtra,276371,Mantha,"Town Panchayat",431504
27,Maharashtra,276310,Maregaon,"Town Panchayat",445303
27,Maharashtra,276301,Mohol,Municipality,413213
27,Maharashtra,251325,Morshi,Municipality,444905
27,Maharashtra,251339,Mowad,Municipality,441303
27,Maharashtra,251362,Nagpur,"Municipal Corporations",440029
27,Maharashtra,251362,Nagpur,"Municipal Corporations",440001
27,Maharashtra,251401,Nanded-Waghala,"Municipal Corporations",431601
27,Maharashtra,251278,Nandurbar,Municipality,425412
27,Maharashtra,300384,Natepute,"Town Panchayat",413214
27,Maharashtra,251564,Nilanga,Municipality,413521
27,Maharashtra,276297,Palam,"Town Panchayat",431720
27,Maharashtra,276350,Palus,Municipality,416310
27,Maharashtra,297006,Pandharpur,Municipality,413304
27,Maharashtra,251559,Parli,Municipality,431515
27,Maharashtra,275730,Parner,"Town Panchayat",414302
27,Maharashtra,276305,Parshivni,"Town Panchayat",441105
27,Maharashtra,251596,Patan,"Town Panchayat",415206
27,Maharashtra,251546,Pathardi,Municipality,414102
27,Maharashtra,251418,Pathri,Municipality,431506
27,Maharashtra,251502,Pen,Municipality,402107
27,Maharashtra,303133,"Pimpalner Nagar Pnchayat","Town Panchayat",424306
27,Maharashtra,251528,"Pimpri Chinchwad","Municipal Corporations",411033
27,Maharashtra,251528,"Pimpri Chinchwad","Municipal Corporations",411034
27,Maharashtra,251530,Pune,"Municipal Corporations",412307
27,Maharashtra,251530,Pune,"Municipal Corporations",411045
27,Maharashtra,251530,Pune,"Municipal Corporations",411043
27,Maharashtra,251530,Pune,"Municipal Corporations",411041
27,Maharashtra,251530,Pune,"Municipal Corporations",411025
27,Maharashtra,251421,Purna,Municipality,431511
27,Maharashtra,251605,Ratnagiri,Municipality,415612
27,Maharashtra,276368,Sadak-Arjuni,"Town Panchayat",441806
27,Maharashtra,251539,Sangamner,Municipality,422605
27,Maharashtra,276274,Sangrampur,"Town Panchayat",444202
27,Maharashtra,276333,Shahapur,"Town Panchayat",431723
27,Maharashtra,276635,Shirol,Municipality,416103
27,Maharashtra,251280,Shirpur-Warwade,Municipality,425405
27,Maharashtra,276374,Shirur-Anantpal,"Town Panchayat",413544
27,Maharashtra,251553,Shrigonda,Municipality,413701
27,Maharashtra,276270,Tala,"Town Panchayat",402111
27,Maharashtra,251471,Thane,"Municipal Corporations",400605
27,Maharashtra,251471,Thane,"Municipal Corporations",400606
27,Maharashtra,248079,Tumsar,Municipality,441912
27,Maharashtra,251393,Umarkhed,Municipality,445206
27,Maharashtra,276637,"Vadgaon Mawal","Town Panchayat",412106
27,Maharashtra,276316,Vikramgad,"Town Panchayat",401605
27,Maharashtra,276318,Wada,"Town Panchayat",421303
27,Maharashtra,251586,Wai,Municipality,412803
27,Maharashtra,251397,Wani,Municipality,445304
27,Maharashtra,251334,Wardha,Municipality,442001
27,Maharashtra,251386,Yavatmal,Municipality,445002
27,Maharashtra,272845,"Zari Zamani","Town Panchayat",445324
28,"Andhra Pradesh",253272,Allagadda,Municipality,523357
28,"Andhra Pradesh",251699,Amadalavalasa,Municipality,523240
28,"Andhra Pradesh",248112,Anantapur,"Municipal Corporations",515001
28,"Andhra Pradesh",251741,Bhimavaram,Municipality,534201
28,"Andhra Pradesh",251756,Chilakaluripeta,Municipality,522616
28,"Andhra Pradesh",299715,Chinthalapudi,"Town Panchayat",534460
28,"Andhra Pradesh",299715,Chinthalapudi,"Town Panchayat",523357
28,"Andhra Pradesh",251739,Eluru,"Municipal Corporations",534001
28,"Andhra Pradesh",251773,"Gudur (Kurnool)","Town Panchayat",518466
28,"Andhra Pradesh",251757,Guntur,"Municipal Corporations",522034
28,"Andhra Pradesh",251780,Jammalamadugu,"Town Panchayat",516434
28,"Andhra Pradesh",251799,Kalyandurg,Municipality,515761
28,"Andhra Pradesh",251768,Kandukur,Municipality,523105
28,"Andhra Pradesh",253295,Kanigiri,Municipality,523357
28,"Andhra Pradesh",296257,Kuppam,Municipality,517425
28,"Andhra Pradesh",251789,Kurnool,"Municipal Corporations",518001
28,"Andhra Pradesh",251752,"Mangalagiri Tadepalli","Municipal Corporations",522503
28,"Andhra Pradesh",254922,Nandigama,Municipality,523357
28,"Andhra Pradesh",253273,Nandikotkur,Municipality,523240
28,"Andhra Pradesh",251755,Narasaraopeta,Municipality,522601
28,"Andhra Pradesh",251711,Nellimarla,"Town Panchayat",535217
28,"Andhra Pradesh",251711,Nellimarla,"Town Panchayat",523240
28,"Andhra Pradesh",251745,Nuzvid,Municipality,521201
28,"Andhra Pradesh",251695,"Palasa Kasibugga",Municipality,523240
28,"Andhra Pradesh",253101,Pulivendula,Municipality,516390
28,"Andhra Pradesh",248126,Puttur,Municipality,517583
28,"Andhra Pradesh",251725,Rajahmundry,"Municipal Corporations",533105
28,"Andhra Pradesh",251725,Rajahmundry,"Municipal Corporations",533103
28,"Andhra Pradesh",253102,Rajampet,Municipality,516115
28,"Andhra Pradesh",251786,Rayachoti,Municipality,516269
28,"Andhra Pradesh",251727,Samalkot,Municipality,533440
28,"Andhra Pradesh",251700,Srikakulam,"Municipal Corporations",532001
28,"Andhra Pradesh",248114,Tadipatri,Municipality,515411
28,"Andhra Pradesh",251740,Tanuku,Municipality,534211
28,"Andhra Pradesh",251774,Venkatagiri,Municipality,524132
28,"Andhra Pradesh",251709,"Vizianagaram Municipal Corporation","Municipal Corporations",535002
28,"Andhra Pradesh",254923,Vuyyuru,"Town Panchayat",521165
29,Karnataka,252013,Alur,"Town Panchayat",573213
29,Karnataka,299329,Ankalagi-Akkathangerahal,"Town Panchayat",591101
29,Karnataka,251812,Athni,"Town Municipal Council",591304
29,Karnataka,251866,Aurad,"Town Panchayat",585326
29,Karnataka,251837,Badami,"Town Municipal Council",587201
29,Karnataka,251981,Bagepalli,"Town Municipal Council",561207
29,Karnataka,297129,Bainduru,"Town Panchayat",576214
29,Karnataka,276523,Balaganur,"Town Panchayat",584138
29,Karnataka,276600,Bbmp,"Municipal Corporations",560098
29,Karnataka,276600,Bbmp,"Municipal Corporations",560079
29,Karnataka,276600,Bbmp,"Municipal Corporations",560073
29,Karnataka,276600,Bbmp,"Municipal Corporations",560058
29,Karnataka,276600,Bbmp,"Municipal Corporations",560054
29,Karnataka,276600,Bbmp,"Municipal Corporations",560013
29,Karnataka,251917,Byadgi,"Town Municipal Council",581106
29,Karnataka,253185,Channapatna,"City Municipal Council",562160
29,Karnataka,251811,Chikodi,"Town Municipal Council",591201
29,Karnataka,251941,Davanagere,"Municipal Corporations",577002
29,Karnataka,251874,Devadurga,"Town Municipal Council",584111
29,Karnataka,301176,Doddathoguru,"Town Panchayat",560100
29,Karnataka,251888,Gadag-Betigeri,"City Municipal Council",582101
29,Karnataka,276574,Ghataprabha,"Town Municipal Council",591306
29,Karnataka,251980,Gudibanda,"Town Panchayat",561209
29,Karnataka,251862,Gurmatkal,"Town Municipal Council",585214
29,Karnataka,276535,Hagaribommanahalli,"Town Municipal Council",583212
29,Karnataka,299326,Harohalli,"Town Panchayat",562112
29,Karnataka,252012,Hassan,"City Municipal Council",573201
29,Karnataka,251942,Honnali,"Town Municipal Council",577217
29,Karnataka,299335,Hootagalli,"City Municipal Council",570018
29,Karnataka,251949,Hosanagara,"Town Panchayat",577418
29,Karnataka,296976,Hunasagi,"Town Panchayat",585215
29,Karnataka,251841,Ilkal,"City Municipal Council",587125
29,Karnataka,248127,"Kalaburagi City Corporation","Municipal Corporations",585106
29,Karnataka,251897,Kalghatgi,"Town Panchayat",581204
29,Karnataka,276496,Karatagi,"Town Municipal Council",583229
29,Karnataka,251900,Karwar,"City Municipal Council",581301
29,Karnataka,276522,Kavital,"Town Panchayat",584120
29,Karnataka,251985,Kolar,"City Municipal Council",563101
29,Karnataka,301790,Konappanaagrahara,"Town Municipal Council",560100
29,Karnataka,251882,Koppal,"City Municipal Council",583231
29,Karnataka,276555,Kotekar,"Town Panchayat",575022
29,Karnataka,251953,Kundapura,"Town Municipal Council",576201
29,Karnataka,251996,Magadi,"Town Municipal Council",562131
29,Karnataka,251996,Magadi,"Town Municipal Council",561101
29,Karnataka,251996,Magadi,"Town Municipal Council",562127
29,Karnataka,276556,Malebennuru,"Town Municipal Council",577530
29,Karnataka,252021,Mangaluru,"Municipal Corporations",574145
29,Karnataka,252017,Mulki,"Town Panchayat",574154
29,Karnataka,276564,Munavalli,"Town Municipal Council",591117
29,Karnataka,252045,Mysuru,"Municipal Corporations",570030
29,Karnataka,252045,Mysuru,"Municipal Corporations",570027
29,Karnataka,252045,Mysuru,"Municipal Corporations",570026
29,Karnataka,252045,Mysuru,"Municipal Corporations",570022
29,Karnataka,252045,Mysuru,"Municipal Corporations",570009
29,Karnataka,252045,Mysuru,"Municipal Corporations",570006
29,Karnataka,252045,Mysuru,"Municipal Corporations",570005
29,Karnataka,252045,Mysuru,"Municipal Corporations",570001
29,Karnataka,252045,Mysuru,"Municipal Corporations",570020
29,Karnataka,252002,Nagamangala,"Town Municipal Council",571432
29,Karnataka,251809,Nipani,"City Municipal Council",591237
29,Karnataka,251833,Rabkavi-Banhatti,"City Municipal Council",587314
29,Karnataka,253186,Ramanagara,"City Municipal Council",562128
29,Karnataka,253132,Saragur,"Town Panchayat",571121
29,Karnataka,251828,Saundatti-Yellamma,"Town Municipal Council",591126
29,Karnataka,251852,Sedam,"Town Municipal Council",585222
29,Karnataka,251855,Shahabad,"City Municipal Council",585228
29,Karnataka,251951,Shivamogga,"Municipal Corporations",577201
29,Karnataka,252004,Shrirangapattana,"Town Municipal Council",571438
29,Karnataka,251908,Siddapur,"Town Panchayat",581355
29,Karnataka,251878,Sindhnur,"City Municipal Council",584128
29,Karnataka,252029,Someshwar,"Town Municipal Council",575023
29,Karnataka,299325,Srirampura,"Town Panchayat",570033
29,Karnataka,251847,Talikota,"Town Municipal Council",586214
29,Karnataka,251950,Tirthahalli,"Town Panchayat",577432
29,Karnataka,251976,Turuvekere,"Town Panchayat",572227
29,Karnataka,251955,Udupi,"City Municipal Council",576101
29,Karnataka,251863,Yadgir,"City Municipal Council",585202
29,Karnataka,252055,Yelandur,"Town Panchayat",571441
29,Karnataka,251879,Yelburga,"Town Panchayat",583236
29,Karnataka,251903,Yellapur,"Town Panchayat",581359
30,Goa,252075,Bicholim,Municipality,403504
30,Goa,252095,Cuncolim,Municipality,403703
30,Goa,252061,Mapusa,Municipality,403507
30,Goa,252057,Pernem,Municipality,403512
30,Goa,252082,Ponda,Municipality,403401
35,"Andaman And Nicobar Islands",253098,"Port Blair",Municipality,744102
36,Telangana,290099,Adibatla,Municipality,501510
36,Telangana,290142,Amarchinta,Municipality,509130
36,Telangana,260558,"Andole Jogipet",Municipality,502270
36,Telangana,248090,Armoor,Municipality,503224
36,Telangana,290098,"Bandlaguda Jagir","Municipal Corporations",500091
36,Telangana,290151,Bollaram,Municipality,500010
36,Telangana,290089,Chityal,Municipality,508114
36,Telangana,290143,Choutuppal,Municipality,508252
36,Telangana,290061,Dharmapuri,Municipality,505425
36,Telangana,302293,Edulapuram,Municipality,507003
36,Telangana,248103,Gadwal,Municipality,509125
36,Telangana,290084,Ghatkesar,Municipality,501301
36,Telangana,251664,Hyderabad,"Municipal Corporations",500096
36,Telangana,251664,Hyderabad,"Municipal Corporations",500001
36,Telangana,251664,Hyderabad,"Municipal Corporations",500002
36,Telangana,251664,Hyderabad,"Municipal Corporations",500019
36,Telangana,251664,Hyderabad,"Municipal Corporations",500029
36,Telangana,251664,Hyderabad,"Municipal Corporations",500030
36,Telangana,251664,Hyderabad,"Municipal Corporations",500036
36,Telangana,251664,Hyderabad,"Municipal Corporations",500046
36,Telangana,251664,Hyderabad,"Municipal Corporations",500048
36,Telangana,251664,Hyderabad,"Municipal Corporations",500052
36,Telangana,251664,Hyderabad,"Municipal Corporations",500065
36,Telangana,251664,Hyderabad,"Municipal Corporations",500068
36,Telangana,251664,Hyderabad,"Municipal Corporations",500069
36,Telangana,248086,"Kagaz Nagar",Municipality,504296
36,Telangana,248093,Kamareddy,Municipality,503111
36,Telangana,302302,Kohir,Municipality,502210
36,Telangana,290088,Kompally,Municipality,500100
36,Telangana,290074,Kosgi,Municipality,509339
36,Telangana,302301,Maddur,Municipality,509411
36,Telangana,290072,Makthal,Municipality,509208
36,Telangana,248088,Mandamarri,Municipality,504231
36,Telangana,276410,Meerpet,"Municipal Corporations",500097
36,Telangana,251689,Miryalaguda,Municipality,508207
36,Telangana,290097,Narsingi,Municipality,500089
36,Telangana,248110,Palwancha,Municipality,507115
36,Telangana,257970,Parkal,Municipality,506164
36,Telangana,257864,"Pedda Amberpet",Municipality,501505
36,Telangana,248096,Siddipet,Municipality,502103
36,Telangana,253269,Vemulawada,Municipality,505302
36,Telangana,251691,Warangal,"Municipal Corporations",506002
36,Telangana,290137,Wardhannapet,Municipality,506313
19,"West Bengal",250168,Arambag,Municipality,712601
19,"West Bengal",250128,"Ashokenagar Kalyangarh",Municipality,743222
19,"West Bengal",250175,Baidyabati,Municipality,712222
19,"West Bengal",250175,Baidyabati,Municipality,712223
19,"West Bengal",250246,Bally,Municipality,711201
19,"West Bengal",250209,Bankura,Municipality,722102
19,"West Bengal",249999,Berhampore,Municipality,742103
19,"West Bengal",250125,Bhatpara,Municipality,743127
19,"West Bengal",250125,Bhatpara,Municipality,743194
19,"West Bengal",250145,Bidhannagar,"Municipal Corporations",700089
19,"West Bengal",250145,Bidhannagar,"Municipal Corporations",700102
19,"West Bengal",250301,"Budge Budge",Municipality,700137
19,"West Bengal",250172,Chandannagar,"Municipal Corporations",712137
19,"West Bengal",298972,Dankuni,Municipality,712310
19,"West Bengal",249995,Dhulian,Municipality,742202
19,"West Bengal",250027,Dubrajpur,Municipality,731123
19,"West Bengal",250143,"Dum Dum",Municipality,700080
19,"West Bengal",249988,Gangarampore,Municipality,733124
19,"West Bengal",250105,Gayeshpur,Municipality,741250
19,"West Bengal",249972,Haldibari,Municipality,735122
19,"West Bengal",250123,Halisahar,Municipality,743134
19,"West Bengal",250247,Howrah,"Municipal Corporations",711109
19,"West Bengal",250247,Howrah,"Municipal Corporations",711105
19,"West Bengal",249956,Jalpaiguri,Municipality,735101
19,"West Bengal",250140,Kamarhati,Municipality,700057
19,"West Bengal",250000,Kandi,Municipality,742138
19,"West Bengal",250035,Katwa,Municipality,713130
19,"West Bengal",250299,Kolkata,"Municipal Corporations",700015
19,"West Bengal",250299,Kolkata,"Municipal Corporations",700067
19,"West Bengal",250299,Kolkata,"Municipal Corporations",700085
19,"West Bengal",250299,Kolkata,"Municipal Corporations",700005
19,"West Bengal",250299,Kolkata,"Municipal Corporations",700011
19,"West Bengal",250178,Konnagar,Municipality,712235
19,"West Bengal",250096,Krishnanagar,Municipality,741102
19,"West Bengal",250136,Madhyamgram,Municipality,700129
19,"West Bengal",253250,Nalhati,Municipality,731220
19,"West Bengal",250142,"North Dum Dum",Municipality,700158
19,"West Bengal",250142,"North Dum Dum",Municipality,700028
19,"West Bengal",250142,"North Dum Dum",Municipality,700052
19,"West Bengal",250142,"North Dum Dum",Municipality,700134
19,"West Bengal",250138,Panihati,Municipality,700111
19,"West Bengal",250138,Panihati,Municipality,700118
19,"West Bengal",250213,Raghunathpur,Municipality,723133
19,"West Bengal",249983,Raiganj,Municipality,733134
19,"West Bengal",250177,Rishra,Municipality,712249
19,"West Bengal",250176,Serampore,Municipality,712202
19,"West Bengal",249957,Siliguri,"Municipal Corporations",734001
19,"West Bengal",250144,"South Dum Dum",Municipality,700030
19,"West Bengal",249976,Tufanganj,Municipality,736159
19,"West Bengal",250248,Uluberia,Municipality,711315
19,"West Bengal",250248,Uluberia,Municipality,711307
19,"West Bengal",250179,"Uttarpara Kotrung",Municipality,712232
20,Jharkhand,277137,Barharwa,"Town Panchayat",816101
20,Jharkhand,253231,Bishrampur,Municipality,814101
20,Jharkhand,250416,Chakradharpur,Municipality,814101
20,Jharkhand,300374,"Chhatarpur ","Town Panchayat",822113
20,Jharkhand,248049,Deoghar,"Municipal Corporations",814112
20,Jharkhand,250378,Dhanbad,"Municipal Corporations",828115
20,Jharkhand,250378,Dhanbad,"Municipal Corporations",828126
20,Jharkhand,250378,Dhanbad,"Municipal Corporations",826003
20,Jharkhand,276352,Kapali,Municipality,831012
20,Jharkhand,250433,Mango,"Municipal Corporations",831012
20,Jharkhand,248133,Pakur,Municipality,816107
20,Jharkhand,274814,"Ramgarh Nagar Parishad",Municipality,814101
20,Jharkhand,274814,"Ramgarh Nagar Parishad",Municipality,829122
20,Jharkhand,250423,Seraikella,"Town Panchayat",833219
15,Mizoram,277318,"Aizawl Municipal Co-Operation","Municipal Corporations",796012
15,Mizoram,277318,"Aizawl Municipal Co-Operation","Municipal Corporations",796009
15,Mizoram,249765,Bairabi,"Notified Area Council",796081
15,Mizoram,249774,Khawhai,"Notified Area Council",796321
15,Mizoram,249762,Mamit,"Notified Area Council",796441
15,Mizoram,249769,Sairang,"Notified Area Council",796410
16,Tripura,249785,"Agartala Municipal Corporation","Municipal Corporations",799014
16,Tripura,249785,"Agartala Municipal Corporation","Municipal Corporations",799022
16,Tripura,249785,"Agartala Municipal Corporation","Municipal Corporations",799003
16,Tripura,249803,"Dharmanagar Municipal Council",Municipality,799251
16,Tripura,249791,Indranagar,"Town Panchayat",799006
16,Tripura,261687,"Jirania Nagar Panchayat","Town Panchayat",799045
16,Tripura,249790,Kunjaban,"Town Panchayat",799006
16,Tripura,261692,"Mohanpur Municipal Council",Municipality,799211
16,Tripura,261688,"Panisagar Nagar Panchayat","Town Panchayat",799260
16,Tripura,249787,"Sonamura Nagar Panchayat","Town Panchayat",799131
17,Meghalaya,249809,Baghmara,Municipality,794102
17,Meghalaya,249820,Jowai,Municipality,793150
17,Meghalaya,249807,Resubelpara,Municipality,794108
17,Meghalaya,249806,"Tura Municipal Board",Municipality,794001
18,Assam,249941,Badarpur,"Town Panchayat",788806
18,Assam,249922,Barpathar,"Town Panchayat",785602
18,Assam,249926,Bokajan,"Town Panchayat",782480
18,Assam,300494,"Bokakhat Tc","Town Panchayat",785612
18,Assam,249836,Bongaigaon,Municipality,783380
18,Assam,277146,Demow,"Town Panchayat",785662
18,Assam,253211,Dhakuakhana,"Town Panchayat",787055
18,Assam,249875,Dhekiajuli,Municipality,784110
18,Assam,249827,Dhubri,Municipality,783301
18,Assam,249890,Digboi,"Town Panchayat",786171
18,Assam,299967,"Dolamara Town Committee","Town Panchayat",785612
18,Assam,249924,Donkamokam,"Town Panchayat",782485
18,Assam,249826,Gauripur,"Town Panchayat",783331
18,Assam,249834,Goalpara,Municipality,783101
18,Assam,249919,Golaghat,Municipality,785621
18,Assam,300491,"Golokganj Tc","Town Panchayat",783334
18,Assam,249927,Howraghat,"Town Panchayat",782481
18,Assam,300493,"Jamugurihat Tc","Town Panchayat",784180
18,Assam,249861,Kharupatia,"Town Panchayat",784115
18,Assam,249939,"Lakhipur Municipality",Municipality,783129
18,Assam,249904,Namrup,"Town Panchayat",786621
18,Assam,249882,"North Lakhimpur",Municipality,787001
18,Assam,262892,Patacharkuchi,"Town Panchayat",781326
18,Assam,249828,Sapatgram,"Town Panchayat",783337
18,Assam,249842,Sarbhog,"Town Panchayat",781317
18,Assam,249846,Sarthebari,"Town Panchayat",781307
18,Assam,249905,Sibsagar,Municipality,785640
18,Assam,277152,Sonai,"Town Panchayat",788119
18,Assam,263017,Teoktc,"Town Panchayat",785112
24,Gujarat,251046,Anjar,Municipality,370110
24,Gujarat,251225,Anklesvar,Municipality,393001
24,Gujarat,253127,Bayad,Municipality,383325
24,Gujarat,253103,Bhabhar,Municipality,385320
24,Gujarat,251136,Bhanvad,Municipality,360510
24,Gujarat,251222,Bharuch,Municipality,392001
24,Gujarat,251261,Dharampur,Municipality,396050
24,Gujarat,251108,Dholka,Municipality,382225
24,Gujarat,251164,Gadhada,Municipality,364750
24,Gujarat,251249,Gandevi,Municipality,396360
24,Gujarat,276440,Gandhinagar,"Municipal Corporations",382010
24,Gujarat,251193,Godhra,Municipality,389001
24,Gujarat,251122,Gondal,Municipality,360311
24,Gujarat,251121,Jasdan,Municipality,360050
24,Gujarat,251147,Junagadh,"Municipal Corporations",362001
24,Gujarat,251081,Kalol,Municipality,382721
24,Gujarat,251215,Karjan,Municipality,391240
24,Gujarat,251149,Keshod,Municipality,362220
24,Gujarat,251192,Lunawada,Municipality,389230
24,Gujarat,253135,"Maliya Miyana",Municipality,363670
24,Gujarat,251048,Mandvi,Municipality,394160
24,Gujarat,251150,Mangrol,Municipality,362225
24,Gujarat,251185,Mehmedabad,Municipality,387130
24,Gujarat,251077,Modasa,Municipality,383315
24,Gujarat,251118,Morbi,"Municipal Corporations",363642
24,Gujarat,251060,Patan,Municipality,384265
24,Gujarat,251162,Rajula,Municipality,365560
24,Gujarat,277167,Saputara,"Notified Area Council",394720
24,Gujarat,251059,Sidhpur,Municipality,384151
24,Gujarat,251166,Sihor,Municipality,364240
24,Gujarat,251132,Sikka,Municipality,361140
24,Gujarat,251231,Surat,"Municipal Corporations",395002
24,Gujarat,251231,Surat,"Municipal Corporations",395009
24,Gujarat,251231,Surat,"Municipal Corporations",394516
24,Gujarat,277170,Talala,Municipality,362150
24,Gujarat,251066,Vadnagar,Municipality,384355
24,Gujarat,251209,Vadodara,"Municipal Corporations",391750
24,Gujarat,251209,Vadodara,"Municipal Corporations",391320
24,Gujarat,251209,Vadodara,"Municipal Corporations",390013
24,Gujarat,251209,Vadodara,"Municipal Corporations",390010
24,Gujarat,251209,Vadodara,"Municipal Corporations",390009
24,Gujarat,251145,Vanthali,Municipality,362610
24,Gujarat,251067,Vijapur,Municipality,384570
24,Gujarat,251089,Viramgam,Municipality,382150
34,Puducherry,253095,Mahe,Municipality,673310
34,Puducherry,253094,Pondicherry,Municipality,607403
34,Puducherry,253094,Pondicherry,Municipality,605001
6,Haryana,299096,Adampur,Municipality,125052
8,Rajasthan,301904,Peeplu,Municipality,304801
8,Rajasthan,296935,Lalgarh-Jattan,"Town Panchayat",335037
18,Assam,277149,Majuli,"Town Panchayat",785106
8,Rajasthan,301407,Malakheda,Municipality,301407
8,Rajasthan,301416,Raipur,Municipality,311803
8,Rajasthan,301457,Hindoli,Municipality,313203
8,Rajasthan,301457,Hindoli,Municipality,323023
8,Rajasthan,293844,"Greater Jaipur","Municipal Corporations",302006
8,Rajasthan,293844,"Greater Jaipur","Municipal Corporations",302020
8,Rajasthan,293844,"Greater Jaipur","Municipal Corporations",302026
8,Rajasthan,293844,"Greater Jaipur","Municipal Corporations",302028
8,Rajasthan,248760,Jodhpur-South,"Municipal Corporations",342011
8,Rajasthan,248760,Jodhpur-South,"Municipal Corporations",342008
8,Rajasthan,248733,Sambhar,"Town Panchayat",303603
29,Karnataka,253189,Anekal,"Town Municipal Council",562106
29,Karnataka,251994,Devanahalli,"Town Municipal Council",562110
29,Karnataka,299319,Hunasamaranahalli,"Town Municipal Council",562157
24,Gujarat,302676,GANDHIDHAM,Municipality,370201
24,Gujarat,302661,MORABI,"Municipal Corporations",363641
24,Gujarat,302656,"PORBANDAR ","Municipal Corporations",360575
24,Gujarat,302657,"PORBANDAR ","Municipal Corporations",360575
8,Rajasthan,301910,"Kuri Bhagtasani",Municipality,313203
8,Rajasthan,301462,Ponkh,"Town Panchayat",333053
8,Rajasthan,299940,Raniwada,"Town Panchayat",328027
8,Rajasthan,300050,Semari,"Town Panchayat",328027
8,Rajasthan,300050,Semari,"Town Panchayat",328024
24,Gujarat,251175,"Vallabh Vidyanagar",Municipality,388120
8,Rajasthan,248847,Kaithoon,"Town Panchayat",325001
8,Rajasthan,301443,Kelwara,"Town Panchayat",313325
8,Rajasthan,302205,Khandar,Municipality,305921
8,Rajasthan,301449,"Maharana Pratap Nagar Palika Sarada-Chawand","Town Panchayat",328027
8,Rajasthan,301459,Ramdevra,"Town Panchayat",328024
8,Rajasthan,301459,Ramdevra,"Town Panchayat",328027
8,Rajasthan,301900,Tinwari,Municipality,313203
34,Puducherry,253094,Pondicherry,Municipality,605007
34,Puducherry,253094,Pondicherry,Municipality,607402
34,Puducherry,253094,Pondicherry,Municipality,605106
34,Puducherry,253092,Yanam,Municipality,533464
6,Haryana,248560,Bahadurgarh,"Notified Area Council",124507
6,Haryana,248545,Barwala,Municipality,134118
6,Haryana,248545,Barwala,Municipality,125121
6,Haryana,248571,Bawal,Municipality,123501
6,Haryana,262120,Bhuna,Municipality,125111
6,Haryana,248585,Faridabad,"Municipal Corporations",121004
6,Haryana,248585,Faridabad,"Municipal Corporations",121002
6,Haryana,248585,Faridabad,"Municipal Corporations",121006
6,Haryana,248585,Faridabad,"Municipal Corporations",121003
6,Haryana,248576,Gurugram,"Municipal Corporations",122003
6,Haryana,248548,Hansi,"Notified Area Council",125033
6,Haryana,248589,Hodal,"Notified Area Council",121106
6,Haryana,248511,Kaithal,"Notified Area Council",136027
6,Haryana,248556,Kalanaur,Municipality,124113
6,Haryana,248512,Kalayat,Municipality,136117
6,Haryana,248517,Karnal,"Municipal Corporations",132001
6,Haryana,248547,Narnaund,Municipality,125039
6,Haryana,248531,Narwana,"Notified Area Council",126116
6,Haryana,248586,Palwal,"Notified Area Council",121102
6,Haryana,248573,"Pataudi Jatauli Mandi","Notified Area Council",122503
6,Haryana,262119,Rajound,Municipality,136044
6,Haryana,248557,Rohtak,"Municipal Corporations",124001
6,Haryana,248506,Shahbad,Municipality,136135
6,Haryana,299095,Siwan,Municipality,136033
6,Haryana,248544,Uklanamandi,Municipality,125113
7,Delhi,276400,"East Delhi Municipal Corporation","Municipal Corporations",110032
7,Delhi,276400,"East Delhi Municipal Corporation","Municipal Corporations",110094
7,Delhi,276447,"New Delhi Municipal Council","NCT Municipal Council",110003
7,Delhi,276447,"New Delhi Municipal Council","NCT Municipal Council",110004
7,Delhi,276401,"North Delhi Municipal Corporation","Municipal Corporations",110063
7,Delhi,276401,"North Delhi Municipal Corporation","Municipal Corporations",110087
7,Delhi,276401,"North Delhi Municipal Corporation","Municipal Corporations",110015
7,Delhi,276401,"North Delhi Municipal Corporation","Municipal Corporations",110023
7,Delhi,276401,"North Delhi Municipal Corporation","Municipal Corporations",110026
7,Delhi,276402,"South Delhi Municipal Corporation","Municipal Corporations",110030
7,Delhi,276402,"South Delhi Municipal Corporation","Municipal Corporations",110046
7,Delhi,276402,"South Delhi Municipal Corporation","Municipal Corporations",110066
7,Delhi,276402,"South Delhi Municipal Corporation","Municipal Corporations",110067
7,Delhi,276402,"South Delhi Municipal Corporation","Municipal Corporations",110072
7,Delhi,276402,"South Delhi Municipal Corporation","Municipal Corporations",110073
7,Delhi,276402,"South Delhi Municipal Corporation","Municipal Corporations",110074
7,Delhi,276402,"South Delhi Municipal Corporation","Municipal Corporations",110075
7,Delhi,276402,"South Delhi Municipal Corporation","Municipal Corporations",110077
7,Delhi,276402,"South Delhi Municipal Corporation","Municipal Corporations",110078
7,Delhi,276402,"South Delhi Municipal Corporation","Municipal Corporations",110016
7,Delhi,276402,"South Delhi Municipal Corporation","Municipal Corporations",110019
7,Delhi,276402,"South Delhi Municipal Corporation","Municipal Corporations",110024
3,Punjab,273471,Amargarh,"Town Panchayat",148022
3,Punjab,248358,Bariwala,"Town Panchayat",152025
3,Punjab,248327,"Bassi Pathana",Municipality,140412
3,Punjab,248281,Bhulath,"Town Panchayat",144622
3,Punjab,248373,Budhlada,Municipality,151502
3,Punjab,248346,Dharamkot,Municipality,142042
3,Punjab,248389,Dirba,"Town Panchayat",148035
3,Punjab,248263,"Fatehgarh Churian",Municipality,143602
3,Punjab,276647,"Fatehgarh Panjtoor","Town Panchayat",142043
3,Punjab,248301,Gardhiwala,Municipality,248303
3,Punjab,248329,Gobindgarh,Municipality,147301
3,Punjab,248308,Hoshiarpur,"Municipal Corporations",248303
3,Punjab,248296,Jalandhar,"Municipal Corporations",144008
3,Punjab,248272,"Jandiala Guru",Municipality,143115
3,Punjab,248299,Kartarpur,Municipality,144801
3,Punjab,248393,Khanauri,"Town Panchayat",148027
3,Punjab,261446,"Kiratpur Sahib","Town Panchayat",140115
3,Punjab,248321,Kurali,Municipality,140103
3,Punjab,260778,"Lehra Mohabat","Town Panchayat",151111
3,Punjab,248333,Machhiwara,Municipality,141115
3,Punjab,248310,Mahilpur,"Town Panchayat",248308
3,Punjab,277201,Mehatpur,"Town Panchayat",144041
3,Punjab,260779,Nathana,"Town Panchayat",151102
3,Punjab,248336,Payal,Municipality,141416
3,Punjab,248270,"Raja Sansi","Town Panchayat",143101
3,Punjab,248403,Rajpura,Municipality,140401
3,Punjab,248268,Ramdas,"Town Panchayat",143603
3,Punjab,248363,"Rampura Phul",Municipality,151103
3,Punjab,248339,Sahnewal,Municipality,141120
3,Punjab,248396,Samana,Municipality,147101
3,Punjab,248328,"Sirhind Fatehgarh Sahib",Municipality,140406
3,Punjab,248265,"Sri Hargobindpur",Municipality,143515
3,Punjab,248305,Talwara,"Town Panchayat",248305
4,Chandigarh,276386,Chandigarh,"Municipal Corporations",160002
4,Chandigarh,276386,Chandigarh,"Municipal Corporations",160015
4,Chandigarh,276386,Chandigarh,"Municipal Corporations",160025
5,Uttarakhand,248447,Bageshwar,Municipality,263619
5,Uttarakhand,262847,Bhagwanpur,"Town Panchayat",247661
5,Uttarakhand,248455,Bhowali,Municipality,263132
5,Uttarakhand,248470,Dineshpur,"Town Panchayat",263160
5,Uttarakhand,301880,Garhinegi,"Town Panchayat",244713
5,Uttarakhand,248462,Jaspur,Municipality,244712
5,Uttarakhand,248458,Kaladhungi,Municipality,263140
5,Uttarakhand,248441,"Kanvnagri Kotdwar","Municipal Corporations",246001
5,Uttarakhand,248441,"Kanvnagri Kotdwar","Municipal Corporations",246149
5,Uttarakhand,259921,Kapkot,"Town Panchayat",263632
5,Uttarakhand,248477,Khatima,Municipality,262308
5,Uttarakhand,248474,Kichha,Municipality,263148
5,Uttarakhand,248482,Manglaur,Municipality,247667
5,Uttarakhand,274461,Naugaon,"Town Panchayat",249171
5,Uttarakhand,248419,Rudraprayag,Municipality,246171
5,Uttarakhand,248475,Shaktigarh,"Town Panchayat",263151
5,Uttarakhand,248437,Srinagar,"Municipal Corporations",246174
1,"Jammu And Kashmir",248194,"Jammu Municipal Corporation","Municipal Corporations",181123
1,"Jammu And Kashmir",248194,"Jammu Municipal Corporation","Municipal Corporations",180004
1,"Jammu And Kashmir",248198,"Municipal Committee Arnia",Municipality,181131
1,"Jammu And Kashmir",248147,"Municipal Committee Hajin",Municipality,193501
1,"Jammu And Kashmir",276594,"Municipal Committee Hiranagar",Municipality,184142
1,"Jammu And Kashmir",296984,"Municipal Committee Kalakote",Municipality,185202
1,"Jammu And Kashmir",248193,"Municipal Committee Khour",Municipality,181203
1,"Jammu And Kashmir",248150,"Municipal Committee Pattan",Municipality,193121
1,"Jammu And Kashmir",248171,"Municipal Council Anantnag","Notified Area Council",192210
1,"Jammu And Kashmir",248151,"Municipal Council Baramulla","Notified Area Council",193101
1,"Jammu And Kashmir",248041,"Municipal Council Kishtwar","Notified Area Council",182204
1,"Jammu And Kashmir",248034,"Municipal Council Kupwara","Notified Area Council",193222
1,"Jammu And Kashmir",276592,"Municipal Council Rajouri","Notified Area Council",185131
1,"Jammu And Kashmir",248202,"Municipal Council Samba","Notified Area Council",184121
1,"Jammu And Kashmir",248156,"Srinagar Municipal Corporation","Municipal Corporations",191101
1,"Jammu And Kashmir",248156,"Srinagar Municipal Corporation","Municipal Corporations",190011
1,"Jammu And Kashmir",248156,"Srinagar Municipal Corporation","Municipal Corporations",190006
1,"Jammu And Kashmir",248156,"Srinagar Municipal Corporation","Municipal Corporations",190005
1,"Jammu And Kashmir",248156,"Srinagar Municipal Corporation","Municipal Corporations",190012
1,"Jammu And Kashmir",248156,"Srinagar Municipal Corporation","Municipal Corporations",190014
1,"Jammu And Kashmir",248156,"Srinagar Municipal Corporation","Municipal Corporations",191121
1,"Jammu And Kashmir",248156,"Srinagar Municipal Corporation","Municipal Corporations",190021
2,"Himachal Pradesh",248242,Baddi,Municipality,173212
2,"Himachal Pradesh",248229,Hamirpur,Municipality,177001
2,"Himachal Pradesh",248222,Jogindarnagar,Municipality,175015
2,"Himachal Pradesh",248218,Manali,Municipality,175131
2,"Himachal Pradesh",248225,Mandi,"Municipal Corporations",175001
2,"Himachal Pradesh",248045,"Paonta Sahib",Municipality,173212
2,"Himachal Pradesh",248243,Parwanoo,Municipality,173212
2,"Himachal Pradesh",248245,Rampur,Municipality,172001
2,"Himachal Pradesh",248235,Santokhgarh,Municipality,174301
2,"Himachal Pradesh",248248,Shimla,"Municipal Corporations",171001
2,"Himachal Pradesh",248237,Talai,"Town Panchayat",174030
2,"Himachal Pradesh",248227,"Tira Sujanpur",Municipality,176110
29,Karnataka,276618,Ainapur,"Town Panchayat",591303
29,Karnataka,296977,Ajjampura,"Town Panchayat",577549
29,Karnataka,276540,Alamela,"Town Panchayat",586202
29,Karnataka,251896,Annigeri,"Town Municipal Council",582201
29,Karnataka,251839,Bagalkot,"City Municipal Council",587103
29,Karnataka,251927,Ballari,"Municipal Corporations",583101
29,Karnataka,252051,Bannur,"Town Municipal Council",571101
29,Karnataka,276600,Bbmp,"Municipal Corporations",560096
29,Karnataka,276600,Bbmp,"Municipal Corporations",560086
29,Karnataka,276600,Bbmp,"Municipal Corporations",560085
29,Karnataka,276600,Bbmp,"Municipal Corporations",560076
29,Karnataka,276600,Bbmp,"Municipal Corporations",560070
29,Karnataka,276600,Bbmp,"Municipal Corporations",560062
29,Karnataka,276600,Bbmp,"Municipal Corporations",560057
29,Karnataka,276600,Bbmp,"Municipal Corporations",560055
29,Karnataka,276600,Bbmp,"Municipal Corporations",560050
29,Karnataka,276600,Bbmp,"Municipal Corporations",560041
29,Karnataka,276600,Bbmp,"Municipal Corporations",560023
29,Karnataka,276600,Bbmp,"Municipal Corporations",560020
29,Karnataka,276600,Bbmp,"Municipal Corporations",560009
29,Karnataka,276600,Bbmp,"Municipal Corporations",560002
29,Karnataka,251824,Belagavi,"Municipal Corporations",590016
29,Karnataka,276602,Belluru,"Town Panchayat",571418
29,Karnataka,252009,Belur,"Town Municipal Council",573115
29,Karnataka,251860,Bhimarayanagudi,"Notified Area Council",585287
29,Karnataka,276526,Bidadi,"Town Municipal Council",562109
29,Karnataka,251867,Bidar,"City Municipal Council",585444
29,Karnataka,251867,Bidar,"City Municipal Council",585402
29,Karnataka,251834,Bilgi,"Town Panchayat",587116
29,Karnataka,251963,Birur,"Town Municipal Council",577116
29,Karnataka,299334,Bogadi,"Town Panchayat",570026
29,Karnataka,252054,Chamarajanagar,"City Municipal Council",571313
29,Karnataka,253185,Channapatna,"City Municipal Council",562108
29,Karnataka,253185,Channapatna,"City Municipal Council",562138
29,Karnataka,299318,Chikkabanavara,"Town Municipal Council",560090
29,Karnataka,276568,Chinchali,"Town Municipal Council",591217
29,Karnataka,276477,Chinchali,"Town Panchayat",591217
29,Karnataka,251869,Chitgoppa,"Town Municipal Council",585412
29,Karnataka,251899,Dandeli,"City Municipal Council",581325
29,Karnataka,251881,Gangawati,"City Municipal Council",583227
29,Karnataka,276521,Guttal,"Town Panchayat",581108
29,Karnataka,251915,Hangal,"Town Municipal Council",581104
29,Karnataka,251939,Harapanahalli,"Town Municipal Council",583131
29,Karnataka,251938,Harihar,"City Municipal Council",577601
29,Karnataka,251873,Hatti,"Town Panchayat",584115
29,Karnataka,251937,Hiriyur,"City Municipal Council",577598
29,Karnataka,251921,"Hoovina Hadagalli","Town Municipal Council",583219
29,Karnataka,297133,Huliyaru,"Town Panchayat",572218
29,Karnataka,251940,Jagalur,"Town Panchayat",577528
29,Karnataka,251964,Kadur,"Town Municipal Council",577548
29,Karnataka,248127,"Kalaburagi City Corporation","Municipal Corporations",585105
29,Karnataka,248127,"Kalaburagi City Corporation","Municipal Corporations",585102
29,Karnataka,296978,Kalagi,"Town Panchayat",585312
29,Karnataka,253188,Kanakpura,"City Municipal Council",562126
29,Karnataka,276567,Kankanavadi,"Town Panchayat",591222
29,Karnataka,276516,Kembhavi,"Town Municipal Council",585216
29,Karnataka,252056,Kollegal,"City Municipal Council",571440
29,Karnataka,251816,Konnur,"Town Municipal Council",587121
29,Karnataka,251977,Kunigal,"Town Municipal Council",572130
29,Karnataka,276538,Kurekuppa,"Town Municipal Council",583123
29,Karnataka,276532,Kurugodu,"Town Municipal Council",583116
29,Karnataka,251891,Lakshmeshwar,"Town Municipal Council",582116
29,Karnataka,251871,Lingasugur,"Town Municipal Council",584122
29,Karnataka,252037,Madikeri,"City Municipal Council",571201
29,Karnataka,251996,Magadi,"Town Municipal Council",562120
29,Karnataka,251996,Magadi,"Town Municipal Council",561201
29,Karnataka,251986,Malur,"Town Municipal Council",563130
29,Karnataka,276541,Managuli,"Town Panchayat",586122
29,Karnataka,252021,Mangaluru,"Municipal Corporations",574153
29,Karnataka,252021,Mangaluru,"Municipal Corporations",575001
29,Karnataka,276519,Maski,"Town Municipal Council",584124
29,Karnataka,251889,Mulgund,"Town Panchayat",582117
29,Karnataka,252045,Mysuru,"Municipal Corporations",570033
29,Karnataka,252045,Mysuru,"Municipal Corporations",570029
29,Karnataka,252045,Mysuru,"Municipal Corporations",570023
29,Karnataka,252045,Mysuru,"Municipal Corporations",570019
29,Karnataka,252045,Mysuru,"Municipal Corporations",570017
29,Karnataka,252045,Mysuru,"Municipal Corporations",570015
29,Karnataka,252045,Mysuru,"Municipal Corporations",570012
29,Karnataka,252045,Mysuru,"Municipal Corporations",570011
29,Karnataka,252045,Mysuru,"Municipal Corporations",570003
29,Karnataka,252050,Nanjangud,"City Municipal Council",571301
29,Karnataka,251887,Naregal,"Town Panchayat",582119
29,Karnataka,251884,Nargund,"Town Municipal Council",582207
29,Karnataka,276542,Nayakanahatti,"Town Panchayat",577536
29,Karnataka,252035,Puttur,"City Municipal Council",574201
29,Karnataka,251829,Ramdurg,"Town Municipal Council",591123
29,Karnataka,251929,Sandur,"Town Municipal Council",583119
29,Karnataka,251854,"Shahabad Acc","Notified Area Council",585228
29,Karnataka,276579,Shedbala,"Town Panchayat",591315
29,Karnataka,251912,Shiggaon,"Town Municipal Council",581205
29,Karnataka,251948,Shikarpur,"Town Municipal Council",577427
29,Karnataka,251905,Sirsi,"City Municipal Council",581402
29,Karnataka,251984,Srinivaspur,"Town Municipal Council",563135
29,Karnataka,252036,Sulya,"Town Panchayat",574239
29,Karnataka,276601,Tavaragera,"Town Panchayat",583279
29,Karnataka,297131,Tikota,"Town Panchayat",586130
29,Karnataka,251975,Tiptur,"City Municipal Council",572101
29,Karnataka,252027,Ullal,"City Municipal Council",575020
29,Karnataka,251993,Vijayapura,"Municipal Corporations",586101
29,Karnataka,276554,Vitla,"Town Panchayat",574243
29,Karnataka,297132,Yadrami,"Town Panchayat",585325
29,Karnataka,299330,Yaragatti,"Town Panchayat",591129
30,Goa,252097,Quepem,Municipality,403705
30,Goa,252077,Sankhali,Municipality,403505
30,Goa,252079,Valpoi,Municipality,403506
27,Maharashtra,276327,Aheri,"Town Panchayat",442705
27,Maharashtra,251548,Ahmadnagar,"Municipal Corporations",414003
27,Maharashtra,251503,Alibag,Municipality,402201
27,Maharashtra,251560,Ambajogai,Municipality,431517
27,Maharashtra,251328,Amravati,"Municipal Corporations",444601
27,Maharashtra,259703,Arni,Municipality,445103
27,Maharashtra,251332,Arvi,Municipality,442201
27,Maharashtra,251634,Ashta,Municipality,416301
27,Maharashtra,275734,Ashti,"Town Panchayat",431507
27,Maharashtra,272842,"Babhulgaon Nagar Panchayat","Town Panchayat",445101
27,Maharashtra,251381,Ballarpur,Municipality,442701
27,Maharashtra,301078,"Besa Pipla Nagar Panchayat","Town Panchayat",440037
27,Maharashtra,253140,Bhadgaon,Municipality,424105
27,Maharashtra,251444,Bhagur,Municipality,422502
27,Maharashtra,248078,Bhandara,Municipality,441924
27,Maharashtra,276290,Bhatkuli,"Town Panchayat",444602
27,Maharashtra,290433,Chandgad.,"Town Panchayat",416509
27,Maharashtra,248082,Chandrapur,"Municipal Corporations",442402
27,Maharashtra,248082,Chandrapur,"Municipal Corporations",442401
27,Maharashtra,276417,Dahiwadi,"Town Panchayat",415508
27,Maharashtra,251329,"Daryapur Banosa",Municipality,444803
27,Maharashtra,298888,Dehu,"Town Panchayat",412109
27,Maharashtra,251552,"Deolali Pravara",Municipality,413716
27,Maharashtra,276377,"Deoni (Bk)","Town Panchayat",413519
27,Maharashtra,276321,Devgad-Jamsande,"Town Panchayat",416613
27,Maharashtra,290430,Dhanki,"Town Panchayat",445207
27,Maharashtra,276292,Dharni,"Town Panchayat",444702
27,Maharashtra,276330,Etapalli,"Town Panchayat",442704
27,Maharashtra,251394,Ghatanji,Municipality,445301
27,Maharashtra,251371,Gondiya,Municipality,441601
27,Maharashtra,251488,"Greater Mumbai","Municipal Corporations",400013
27,Maharashtra,251488,"Greater Mumbai","Municipal Corporations",400009
27,Maharashtra,251488,"Greater Mumbai","Municipal Corporations",400032
27,Maharashtra,251488,"Greater Mumbai","Municipal Corporations",400033
27,Maharashtra,251488,"Greater Mumbai","Municipal Corporations",400004
27,Maharashtra,251488,"Greater Mumbai","Municipal Corporations",400027
27,Maharashtra,251488,"Greater Mumbai","Municipal Corporations",400026
27,Maharashtra,251488,"Greater Mumbai","Municipal Corporations",400020
27,Maharashtra,290434,Hatkanangale.,"Town Panchayat",416109
27,Maharashtra,276606,"Himayatnagar Nagarpanchayat","Town Panchayat",431802
27,Maharashtra,276296,Hupari,Municipality,416203
27,Maharashtra,251423,Jalna,"Municipal Corporations",431002
27,Maharashtra,251621,Jaysingpur,Municipality,416101
27,Maharashtra,251533,Jejuri,Municipality,412303
27,Maharashtra,251628,Kagal,Municipality,416216
27,Maharashtra,251568,Kalamb,Municipality,413507
27,Maharashtra,251342,Kalameshwar,Municipality,441501
27,Maharashtra,251412,Kalamnuri,Municipality,431701
27,Maharashtra,251483,Kalyan-Dombivli,"Municipal Corporations",421301
27,Maharashtra,251356,Kamptee,Municipality,441002
27,Maharashtra,301086,"Kandri Kanhan Nagar Panchayat","Town Panchayat",301086
27,Maharashtra,251426,Kannad,Municipality,431103
27,Maharashtra,276348,Khanapur,"Town Panchayat",415307
27,Maharashtra,251501,Khopoli,Municipality,410203
27,Maharashtra,251625,Kolhapur,"Municipal Corporations",416007
27,Maharashtra,251405,Kundalwadi,Municipality,431711
27,Maharashtra,276313,"Lohara (Bk)","Town Panchayat",413608
27,Maharashtra,251308,Lonar,Municipality,443302
27,Maharashtra,251513,Mahad,Municipality,402301
27,Maharashtra,258024,Mahur,"Town Panchayat",431721
27,Maharashtra,276293,Malegaon,"Town Panchayat",444503
27,Maharashtra,251614,Malkapur-Kolhapur,Municipality,415101
27,Maharashtra,251317,Mangrulpir,Municipality,444403
27,Maharashtra,276415,Medha,"Town Panchayat",415012
27,Maharashtra,259672,Mouda,"Town Panchayat",441104
27,Maharashtra,251402,Mudkhed,Municipality,431806
27,Maharashtra,276287,Mulchera,"Town Panchayat",442919
27,Maharashtra,251315,Murtijapur,Municipality,444107
27,Maharashtra,276623,"Naigaon (Khairgaon)","Town Panchayat",431709
27,Maharashtra,251571,Naldurg,Municipality,413602
27,Maharashtra,251340,Narkhed,Municipality,441304
27,Maharashtra,251442,Nashik,"Municipal Corporations",422005
27,Maharashtra,251442,Nashik,"Municipal Corporations",422006
27,Maharashtra,251442,Nashik,"Municipal Corporations",422012
27,Maharashtra,251442,Nashik,"Municipal Corporations",422003
27,Maharashtra,251442,Nashik,"Municipal Corporations",422002
27,Maharashtra,251442,Nashik,"Municipal Corporations",422101
27,Maharashtra,251472,"Navi Mumbai","Municipal Corporations",400614
27,Maharashtra,251615,Panhala,Municipality,416201
27,Maharashtra,251566,Paranda,Municipality,413502
27,Maharashtra,248077,Pauni,Municipality,441910
27,Maharashtra,251403,"Peth Umri",Municipality,431807
27,Maharashtra,251588,Phaltan,Municipality,415523
27,Maharashtra,251528,"Pimpri Chinchwad","Municipal Corporations",411039
27,Maharashtra,251528,"Pimpri Chinchwad","Municipal Corporations",411015
27,Maharashtra,251530,Pune,"Municipal Corporations",411016
27,Maharashtra,251530,Pune,"Municipal Corporations",411001
27,Maharashtra,251530,Pune,"Municipal Corporations",412207
27,Maharashtra,251530,Pune,"Municipal Corporations",411058
27,Maharashtra,251530,Pune,"Municipal Corporations",411004
27,Maharashtra,251530,Pune,"Municipal Corporations",411006
27,Maharashtra,251530,Pune,"Municipal Corporations",411007
27,Maharashtra,251530,Pune,"Municipal Corporations",411009
27,Maharashtra,251530,Pune,"Municipal Corporations",411011
27,Maharashtra,251384,Rajura,Municipality,442905
27,Maharashtra,251506,"Roha Ashtami",Municipality,402109
27,Maharashtra,276319,Sakoli,Municipality,441802
27,Maharashtra,251579,Sangole,Municipality,413307
27,Maharashtra,251613,Sawantwadi,Municipality,416510
27,Maharashtra,251511,Shrivardhan,Municipality,402110
27,Maharashtra,259701,Sindhakeda,"Town Panchayat",425406
27,Maharashtra,251333,Sindi,Municipality,442105
27,Maharashtra,251577,Solapur,"Municipal Corporations",413001
27,Maharashtra,251577,Solapur,"Municipal Corporations",413004
27,Maharashtra,251577,Solapur,"Municipal Corporations",413007
27,Maharashtra,251275,Talode,Municipality,425413
27,Maharashtra,251471,Thane,"Municipal Corporations",400607
27,Maharashtra,251471,Thane,"Municipal Corporations",400608
27,Maharashtra,251471,Thane,"Municipal Corporations",400612
27,Maharashtra,251484,Ulhasnagar,"Municipal Corporations",421004
27,Maharashtra,251484,Ulhasnagar,"Municipal Corporations",421002
27,Maharashtra,251366,Umred,Municipality,441203
27,Maharashtra,251491,Uran,Municipality,400702
27,Maharashtra,263834,"Vabhave Vaibhavwadi Nagar Panchayat","Town Panchayat",416810
27,Maharashtra,276273,Varangaon,Municipality,425305
27,Maharashtra,251463,Vasai-Virar,"Municipal Corporations",401303
27,Maharashtra,251611,Vengurla,Municipality,416516
27,Maharashtra,277475,Wadgaon,Municipality,412106
27,Maharashtra,251359,Wadi,Municipality,440023
27,Maharashtra,251319,Washim,Municipality,444505
27,Maharashtra,251450,Yevla,Municipality,423401
28,"Andhra Pradesh",253272,Allagadda,Municipality,518543
28,"Andhra Pradesh",253272,Allagadda,Municipality,523240
28,"Andhra Pradesh",251699,Amadalavalasa,Municipality,532185
28,"Andhra Pradesh",258033,Atmakur,Municipality,518442
28,"Andhra Pradesh",296260,Bethamcherla,"Town Panchayat",523240
28,"Andhra Pradesh",251702,Bobbili,Municipality,535558
28,"Andhra Pradesh",296328,Buchireddypalem,"Town Panchayat",523240
28,"Andhra Pradesh",253274,Chimakurthy,Municipality,523226
28,"Andhra Pradesh",253274,Chimakurthy,Municipality,523357
28,"Andhra Pradesh",251763,Chirala,Municipality,523155
28,"Andhra Pradesh",296261,Dachepalli,"Town Panchayat",523240
28,"Andhra Pradesh",296263,Darsi,"Town Panchayat",523357
28,"Andhra Pradesh",253169,Dhone(M),Municipality,518222
28,"Andhra Pradesh",251739,Eluru,"Municipal Corporations",534006
28,"Andhra Pradesh",251773,"Gudur (Kurnool)","Town Panchayat",523240
28,"Andhra Pradesh",251757,Guntur,"Municipal Corporations",522004
28,"Andhra Pradesh",277319,Jaggiahpet,Municipality,521175
28,"Andhra Pradesh",257906,Jangareddygudem,Municipality,534447
28,"Andhra Pradesh",251731,Kakinada,"Municipal Corporations",533007
28,"Andhra Pradesh",251731,Kakinada,"Municipal Corporations",533002
28,"Andhra Pradesh",296259,Kamalapuram,"Town Panchayat",523240
28,"Andhra Pradesh",251770,Kavali,Municipality,524201
28,"Andhra Pradesh",296264,Kondapalli,Municipality,521228
28,"Andhra Pradesh",251751,Macherla,Municipality,522426
28,"Andhra Pradesh",253253,Madakasira,"Town Panchayat",523240
28,"Andhra Pradesh",248119,Madanapalli,Municipality,517325
28,"Andhra Pradesh",251742,Narasapur,Municipality,534275
28,"Andhra Pradesh",251737,Nidadavole,Municipality,534301
28,"Andhra Pradesh",251766,Ongole,"Municipal Corporations",523002
28,"Andhra Pradesh",251766,Ongole,"Municipal Corporations",523001
28,"Andhra Pradesh",251743,Palacole,Municipality,534260
28,"Andhra Pradesh",251701,Parvathipuram,Municipality,535501
28,"Andhra Pradesh",253254,Puttaparthi,Municipality,523240
28,"Andhra Pradesh",251725,Rajahmundry,"Municipal Corporations",533106
28,"Andhra Pradesh",251698,Rajam,Municipality,523240
28,"Andhra Pradesh",251733,Ramachandrapuram,Municipality,533255
28,"Andhra Pradesh",251761,Repalle,Municipality,522265
28,"Andhra Pradesh",253227,Sullurupeta,Municipality,524121
28,"Andhra Pradesh",251738,Tadepalligudem,Municipality,534101
28,"Andhra Pradesh",251758,Tenali,Municipality,522201
28,"Andhra Pradesh",254924,Tiruvuru,"Town Panchayat",523357
28,"Andhra Pradesh",254924,Tiruvuru,"Town Panchayat",523240
28,"Andhra Pradesh",254924,Tiruvuru,"Town Panchayat",521235
28,"Andhra Pradesh",251722,Tuni,Municipality,533401
28,"Andhra Pradesh",251719,Visakhapatnam,"Municipal Corporations",530002
28,"Andhra Pradesh",251709,"Vizianagaram Municipal Corporation","Municipal Corporations",535004
28,"Andhra Pradesh",258054,Yelamanchili,Municipality,531055
28,"Andhra Pradesh",251781,Yerraguntla,"Town Panchayat",523357
28,"Andhra Pradesh",299612,"Ysr Tadigadapa",Municipality,521134
8,Rajasthan,248774,"Abu Road","Town Panchayat",307026
8,Rajasthan,299977,Ajeetgarh,"Town Panchayat",328024
8,Rajasthan,248788,Ajmer,"Municipal Corporations",305004
8,Rajasthan,248788,Ajmer,"Municipal Corporations",305003
8,Rajasthan,248788,Ajmer,"Municipal Corporations",305001
8,Rajasthan,248788,Ajmer,"Municipal Corporations",305012
8,Rajasthan,248865,Aklera,"Town Panchayat",326033
8,Rajasthan,248865,Aklera,"Town Panchayat",328024
8,Rajasthan,301433,Akola,"Town Panchayat",313325
8,Rajasthan,248699,Alwar,"Municipal Corporations",305921
8,Rajasthan,248817,Amet,"Town Panchayat",313325
8,Rajasthan,248857,Anta,"Town Panchayat",328027
8,Rajasthan,248656,Anupgarh,"Town Panchayat",328027
8,Rajasthan,302889,Arnod,Municipality,312615
8,Rajasthan,296934,Atru,"Town Panchayat",328027
8,Rajasthan,300344,Bahadurpur,"Town Panchayat",328027
8,Rajasthan,300344,Bahadurpur,"Town Panchayat",313325
8,Rajasthan,300344,Bahadurpur,"Town Panchayat",301028
8,Rajasthan,248785,Bali,"Town Panchayat",313325
8,Rajasthan,248765,Balotra,Municipality,344024
8,Rajasthan,248722,Bandikui,Municipality,313325
8,Rajasthan,248835,Banswara,Municipality,327001
8,Rajasthan,248858,Baran,Municipality,313203
8,Rajasthan,299974,Bardod,"Town Panchayat",301020
8,Rajasthan,248712,Bari,"Town Panchayat",328024
8,Rajasthan,248843,"Bari Sadri","Town Panchayat",328024
8,Rajasthan,248766,Barmer,Municipality,344001
8,Rajasthan,299976,Basni,"Town Panchayat",313325
8,Rajasthan,296925,Bassi,"Town Panchayat",303302
8,Rajasthan,296925,Bassi,"Town Panchayat",303301
8,Rajasthan,301411,Baswa,"Town Panchayat",303327
8,Rajasthan,248711,Bayana,"Town Panchayat",328027
8,Rajasthan,248694,Behror,"Town Panchayat",301701
8,Rajasthan,248708,Bharatpur,"Municipal Corporations",321001
8,Rajasthan,248867,"Bhawani Mandi","Town Panchayat",328027
8,Rajasthan,248867,"Bhawani Mandi","Town Panchayat",328024
8,Rajasthan,301436,Bhim,"Town Panchayat",313325
8,Rajasthan,248768,Bhinmal,"Town Panchayat",313325
8,Rajasthan,248768,Bhinmal,"Town Panchayat",328024
8,Rajasthan,248695,Bhiwadi,Municipality,313203
8,Rajasthan,248709,Bhusawar,"Town Panchayat",313325
8,Rajasthan,248709,Bhusawar,"Town Panchayat",321406
8,Rajasthan,248709,Bhusawar,"Town Panchayat",328024
8,Rajasthan,301915,Bijoliya,Municipality,311602
8,Rajasthan,248762,Bilara,"Town Panchayat",342605
8,Rajasthan,248681,Bissau,"Town Panchayat",331027
8,Rajasthan,248681,Bissau,"Town Panchayat",328024
8,Rajasthan,299825,Bonli,"Town Panchayat",328027
8,Rajasthan,299534,Borawar,"Town Panchayat",328024
8,Rajasthan,248806,Bundi,Municipality,313203
8,Rajasthan,248860,Chhabra,"Town Panchayat",328027
8,Rajasthan,248860,Chhabra,"Town Panchayat",328024
8,Rajasthan,248679,Chhapar,"Town Panchayat",331502
8,Rajasthan,248842,"Chhoti Sadri","Town Panchayat",312604
8,Rajasthan,248842,"Chhoti Sadri","Town Panchayat",328024
8,Rajasthan,248687,Chirawa,"Town Panchayat",328027
8,Rajasthan,248839,Chittorgarh,Municipality,312001
8,Rajasthan,248730,Chomu,"Town Panchayat",303701
8,Rajasthan,248730,Chomu,"Town Panchayat",313325
8,Rajasthan,248730,Chomu,"Town Panchayat",328027
8,Rajasthan,248673,Churu,Municipality,305921
8,Rajasthan,299941,Danta,"Town Panchayat",328027
8,Rajasthan,248725,Dausa,Municipality,303303
8,Rajasthan,301414,Dei,"Town Panchayat",328024
8,Rajasthan,248816,Deogarh,"Town Panchayat",313331
8,Rajasthan,302255,Dhod,"Town Panchayat",328027
8,Rajasthan,248784,Falna,"Town Panchayat",306116
8,Rajasthan,248821,Fatehnagar,"Town Panchayat",328024
8,Rajasthan,248739,Fatehpur,"Town Panchayat",328027
8,Rajasthan,301440,Fhagi,"Town Panchayat",328024
8,Rajasthan,248654,Gajsinghpur,"Town Panchayat",313325
8,Rajasthan,248811,Gangapur,"Town Panchayat",328024
8,Rajasthan,248811,Gangapur,"Town Panchayat",311801
8,Rajasthan,301442,Goluwala,"Town Panchayat",328027
8,Rajasthan,299536,Govindgarh,Municipality,301604
8,Rajasthan,299536,Govindgarh,Municipality,303712
8,Rajasthan,299936,Hameergarh,"Town Panchayat",328027
8,Rajasthan,248662,Hanumangarh,Municipality,313203
8,Rajasthan,248716,"Hindaun City",Municipality,313203
8,Rajasthan,303112,Hindoli,"Town Panchayat",328027
8,Rajasthan,303112,Hindoli,"Town Panchayat",323023
8,Rajasthan,303112,Hindoli,"Town Panchayat",328024
8,Rajasthan,248802,Indragarh,"Town Panchayat",328024
8,Rajasthan,263007,Itawa,"Town Panchayat",328024
8,Rajasthan,248813,Jahazpur,"Town Panchayat",328027
8,Rajasthan,301912,Jakhal,Municipality,313203
8,Rajasthan,248767,Jalore,Municipality,313203
8,Rajasthan,248683,Jhunjhunun,Municipality,313203
8,Rajasthan,248732,Jobner,"Town Panchayat",328024
8,Rajasthan,248703,Kaman,"Town Panchayat",328024
8,Rajasthan,248824,Kanor,"Town Panchayat",328024
8,Rajasthan,248824,Kanor,"Town Panchayat",313325
8,Rajasthan,248804,Kaprain,"Town Panchayat",323301
8,Rajasthan,248717,Karauli,Municipality,305921
8,Rajasthan,248793,Kekri,"Town Panchayat",328024
8,Rajasthan,248805,Keshoraipatan,"Town Panchayat",328027
8,Rajasthan,248649,Kesrisinghpur,"Town Panchayat",328027
8,Rajasthan,299753,Khajuwala,"Town Panchayat",328024
8,Rajasthan,248743,Khandela,Municipality,332709
8,Rajasthan,277601,Khatushyamji,"Town Panchayat",313325
8,Rajasthan,277601,Khatushyamji,"Town Panchayat",328024
8,Rajasthan,248702,Kherli,Municipality,313325
8,Rajasthan,277233,Kishangarhbas,"Town Panchayat",313325
8,Rajasthan,299535,Kotkasim,"Town Panchayat",328027
8,Rajasthan,248757,"Kuchaman City","Town Panchayat",313325
8,Rajasthan,248752,Kuchera,"Town Panchayat",313325
8,Rajasthan,248707,Kumher,"Town Panchayat",328027
8,Rajasthan,248836,Kushalgarh,"Town Panchayat",327801
8,Rajasthan,248836,Kushalgarh,"Town Panchayat",328027
8,Rajasthan,248726,Lalsot,Municipality,303505
8,Rajasthan,301909,Lambaharising,Municipality,305921
8,Rajasthan,301909,Lambaharising,Municipality,304503
8,Rajasthan,248814,Mandalgarh,"Town Panchayat",313325
8,Rajasthan,248682,Mandawa,"Town Panchayat",313325
8,Rajasthan,299765,Mandawar,"Town Panchayat",325204
8,Rajasthan,302222,Mandhan,Municipality,301704
8,Rajasthan,302222,Mandhan,Municipality,305921
8,Rajasthan,248856,Mangrol,"Town Panchayat",325215
8,Rajasthan,300350,Manoharpur,"Town Panchayat",328027
8,Rajasthan,300322,"Marwar Junction","Town Panchayat",328024
8,Rajasthan,300322,"Marwar Junction","Town Panchayat",313325
8,Rajasthan,302802,Mathaniya,"Town Panchayat",328024
8,Rajasthan,302802,Mathaniya,"Town Panchayat",328027
8,Rajasthan,301445,Mawali,Municipality,305921
8,Rajasthan,248753,"Merta City","Town Panchayat",328024
8,Rajasthan,248773,"Mount Abu","Town Panchayat",313325
8,Rajasthan,248773,"Mount Abu","Town Panchayat",307501
8,Rajasthan,248691,Mukandgarh,"Town Panchayat",313325
8,Rajasthan,301461,Mundawar,"Town Panchayat",313325
8,Rajasthan,248801,Nainwa,"Town Panchayat",313325
8,Rajasthan,302180,Napasar,Municipality,305921
8,Rajasthan,301905,Narayanpur,Municipality,313203
8,Rajasthan,248820,Nathdwara,"Town Panchayat",328027
8,Rajasthan,301446,Nauganwa,"Town Panchayat",321023
8,Rajasthan,248758,Nawa,"Town Panchayat",328024
8,Rajasthan,248692,Nawalgarh,"Town Panchayat",328027
8,Rajasthan,248841,Nimbahera,"Town Panchayat",328027
8,Rajasthan,248841,Nimbahera,"Town Panchayat",328024
8,Rajasthan,248669,Nokha,"Town Panchayat",328027
8,Rajasthan,302206,"Pahari ",Municipality,305921
8,Rajasthan,248778,Pali,"Municipal Corporations",313203
8,Rajasthan,296922,Paota-Pragpura,Municipality,313325
8,Rajasthan,248755,Parbatsar,"Town Panchayat",313325
8,Rajasthan,248755,Parbatsar,"Town Panchayat",328024
8,Rajasthan,277602,"Partapur -Garhi","Town Panchayat",328027
8,Rajasthan,248734,Phulera,"Town Panchayat",313325
8,Rajasthan,248761,"Pipar City","Town Panchayat",328024
8,Rajasthan,248761,"Pipar City","Town Panchayat",342601
8,Rajasthan,248761,"Pipar City","Town Panchayat",313325
8,Rajasthan,248764,Pokaran,"Town Panchayat",345021
8,Rajasthan,248764,Pokaran,"Town Panchayat",328027
8,Rajasthan,248844,Pratapgarh,Municipality,313203
8,Rajasthan,248844,Pratapgarh,Municipality,305921
8,Rajasthan,248714,Rajakhera,"Town Panchayat",328025
8,Rajasthan,248677,Rajaldesar,"Town Panchayat",313325
8,Rajasthan,248738,Ramgarh,"Town Panchayat",328024
8,Rajasthan,301410,"Ramgarh Pachwara",Municipality,313203
8,Rajasthan,248664,Rawatsar,Municipality,313325
8,Rajasthan,248664,Rawatsar,Municipality,335524
8,Rajasthan,248745,Reengus,"Town Panchayat",332404
8,Rajasthan,248781,Sadri,"Town Panchayat",306702
8,Rajasthan,248781,Sadri,"Town Panchayat",328024
8,Rajasthan,248826,Salumbar,Municipality,313027
8,Rajasthan,248661,Sangaria,"Town Panchayat",335063
8,Rajasthan,248855,Sangod,"Town Panchayat",325601
8,Rajasthan,248855,Sangod,"Town Panchayat",328024
8,Rajasthan,248672,Sardarshahar,"Town Panchayat",313325
8,Rajasthan,296930,Sarmathura,"Town Panchayat",313325
8,Rajasthan,296930,Sarmathura,"Town Panchayat",328024
8,Rajasthan,248720,"Sawai Madhopur",Municipality,305921
8,Rajasthan,302254,Sayla,"Town Panchayat",313325
8,Rajasthan,248729,Shahpura,Municipality,313325
8,Rajasthan,277235,Shahpura..(Bhilwara),"Town Panchayat",328027
8,Rajasthan,301451,Sikaray,Municipality,313203
8,Rajasthan,303111,Sindhari,"Town Panchayat",328024
8,Rajasthan,248771,Sirohi,Municipality,305921
8,Rajasthan,299757,Siwana,"Town Panchayat",344044
8,Rajasthan,299757,Siwana,"Town Panchayat",328024
8,Rajasthan,248776,Sojat,"Town Panchayat",306104
8,Rajasthan,248776,Sojat,"Town Panchayat",313325
8,Rajasthan,302249,"Sojat Road",Municipality,305921
8,Rajasthan,248675,"Sri Dungargarh","Town Panchayat",328027
8,Rajasthan,248650,Srikaranpur,"Town Panchayat",313325
8,Rajasthan,248658,Srivijainagar,"Town Panchayat",328027
8,Rajasthan,248658,Srivijainagar,"Town Panchayat",335704
8,Rajasthan,296933,Sultanpur,"Town Panchayat",328024
8,Rajasthan,248688,Surajgarh,"Town Panchayat",313325
8,Rajasthan,248660,Suratgarh,"Town Panchayat",313325
8,Rajasthan,302962,Suroth,Municipality,322252
8,Rajasthan,248782,Takhatgarh,"Town Panchayat",306912
8,Rajasthan,248782,Takhatgarh,"Town Panchayat",328024
8,Rajasthan,248670,Taranagar,"Town Panchayat",331304
8,Rajasthan,290432,Thanagaji,"Town Panchayat",313325
8,Rajasthan,290432,Thanagaji,"Town Panchayat",328024
8,Rajasthan,248696,Tijara,"Town Panchayat",328027
8,Rajasthan,248696,Tijara,"Town Panchayat",328024
8,Rajasthan,248797,Tonk,Municipality,305921
8,Rajasthan,248822,Udaipur,"Municipal Corporations",313001
8,Rajasthan,301454,Vajirpur,"Town Panchayat",328024
8,Rajasthan,301408,Vallabhnagar,Municipality,313203
8,Rajasthan,248686,Vidyavihar,"Town Panchayat",328024
8,Rajasthan,248710,Weir,"Town Panchayat",328024
8,Rajasthan,248710,Weir,"Town Panchayat",313325
9,"Uttar Pradesh",297922,"Achal Ganj","Town Panchayat",209860
9,"Uttar Pradesh",249545,Ahraura,Municipality,231301
9,"Uttar Pradesh",248887,Ailum,"Town Panchayat",247771
9,"Uttar Pradesh",249357,Ajhuwa,"Town Panchayat",212217
9,"Uttar Pradesh",249277,Akbarpur,"Town Panchayat",224122
9,"Uttar Pradesh",249131,Allapur,"Town Panchayat",243631
9,"Uttar Pradesh",263353,Amraudhaa,"Town Panchayat",209112
9,"Uttar Pradesh",249439,Anandnagar,"Town Panchayat",273155
9,"Uttar Pradesh",299053,Anpara,"Town Panchayat",231208
9,"Uttar Pradesh",249352,Antu,"Town Panchayat",230501
9,"Uttar Pradesh",249398,"Ashrafpur Kichhauchha","Town Panchayat",224155
9,"Uttar Pradesh",249339,Atarra,Municipality,210201
9,"Uttar Pradesh",249270,Atasu,"Town Panchayat",206121
9,"Uttar Pradesh",297073,"Babhnan Bazar","Town Panchayat",272161
9,"Uttar Pradesh",263350,Babralaa,"Town Panchayat",243751
9,"Uttar Pradesh",248947,Bachhraon,Municipality,244225
9,"Uttar Pradesh",249313,"Bada Gaon","Town Panchayat",284121
9,"Uttar Pradesh",249046,Bajna,"Town Panchayat",281201
9,"Uttar Pradesh",249265,Bakewar,"Town Panchayat",206124
9,"Uttar Pradesh",249380,Banki,"Town Panchayat",225001
9,"Uttar Pradesh",281989,Bariyarpur,"Town Panchayat",274807
9,"Uttar Pradesh",297058,Barnahal,"Town Panchayat",205261
9,"Uttar Pradesh",249043,Barsana,"Town Panchayat",281405
9,"Uttar Pradesh",277186,Belhara,"Town Panchayat",225305
9,"Uttar Pradesh",249208,Beniganj,"Town Panchayat",241304
9,"Uttar Pradesh",249031,Beswan,"Town Panchayat",202145
9,"Uttar Pradesh",297060,"Bhanpur Kaswa","Town Panchayat",243720
9,"Uttar Pradesh",297061,Bharatbhari,"Town Panchayat",272191
9,"Uttar Pradesh",249203,Bilgram,Municipality,241301
9,"Uttar Pradesh",249282,Bilhaur,Municipality,209202
9,"Uttar Pradesh",249162,Bisalpur,Municipality,262201
9,"Uttar Pradesh",249338,"Bisanda Buzurg","Town Panchayat",210203
9,"Uttar Pradesh",297029,Campierganj,"Town Panchayat",273158
9,"Uttar Pradesh",249023,"Chharra Rafatpur","Town Panchayat",202130
9,"Uttar Pradesh",249044,Chhata,"Town Panchayat",281401
9,"Uttar Pradesh",297077,Chhitauni,"Town Panchayat",274801
9,"Uttar Pradesh",296986,Chhutmalpura,"Town Panchayat",247662
9,"Uttar Pradesh",249548,Chukradhumra,"Town Panchayat",231206
9,"Uttar Pradesh",299069,Dadiyal,"Town Panchayat",244241
9,"Uttar Pradesh",297026,Dataganj,Municipality,243635
9,"Uttar Pradesh",249013,Debai,Municipality,203393
9,"Uttar Pradesh",263348,Derapur,"Town Panchayat",209301
9,"Uttar Pradesh",248946,Dhanaura,Municipality,244231
9,"Uttar Pradesh",301016,Dhanepur,"Town Panchayat",271602
9,"Uttar Pradesh",249116,Faizganj,"Town Panchayat",243632
9,"Uttar Pradesh",248982,Faridnagar,"Town Panchayat",201004
9,"Uttar Pradesh",248982,Faridnagar,"Town Panchayat",245304
9,"Uttar Pradesh",249156,Faridpur,Municipality,243503
9,"Uttar Pradesh",249136,Faridpur(Bareilly),"Town Panchayat",243503
9,"Uttar Pradesh",249079,Firozabad,"Municipal Corporations",283203
9,"Uttar Pradesh",298115,Gabhana,"Town Panchayat",202136
9,"Uttar Pradesh",248878,Gangoh,Municipality,247001
9,"Uttar Pradesh",249306,Garautha,"Town Panchayat",284203
9,"Uttar Pradesh",248890,"Garhi Pukhta","Town Panchayat",247776
9,"Uttar Pradesh",300693,Garwara,"Town Panchayat",230502
9,"Uttar Pradesh",248988,Ghaziabad,"Municipal Corporations",201001
9,"Uttar Pradesh",249539,"Ghosia Bazar","Town Panchayat",221301
9,"Uttar Pradesh",249444,Gorakhpur,"Municipal Corporations",273001
9,"Uttar Pradesh",249392,"Gosainganj (Lucknow)","Town Panchayat",226501
9,"Uttar Pradesh",249006,Gulaothi,Municipality,203408
9,"Uttar Pradesh",300532,"Hainsar Bazar Dhanghata","Town Panchayat",272175
9,"Uttar Pradesh",248914,Haldaur,Municipality,246726
9,"Uttar Pradesh",249201,Hardoi,Municipality,241001
9,"Uttar Pradesh",249429,Harraiya,"Town Panchayat",272155
9,"Uttar Pradesh",248952,Hasanpur,Municipality,244241
9,"Uttar Pradesh",248960,Hastinapur,"Town Panchayat",250404
9,"Uttar Pradesh",297020,Hata,Municipality,274203
9,"Uttar Pradesh",301244,"Hindalco Industries Ltd. Renukoot","Notified Area Council",301244
9,"Uttar Pradesh",249218,Hyderabad,"Town Panchayat",209870
9,"Uttar Pradesh",298935,Jahagirganj,"Town Panchayat",224147
9,"Uttar Pradesh",249240,Jais,Municipality,229305
9,"Uttar Pradesh",249026,Jalali,"Town Panchayat",202128
9,"Uttar Pradesh",249294,Jalaun,Municipality,285123
9,"Uttar Pradesh",249261,Jaswantnagar,Municipality,206245
9,"Uttar Pradesh",249505,Jaunpur,Municipality,222001
9,"Uttar Pradesh",301241,"Jhansi Railway Settlement","Notified Area Council",284003
9,"Uttar Pradesh",249104,"Jyoti Khuria","Town Panchayat",205263
9,"Uttar Pradesh",249542,Kachhwa,"Town Panchayat",231501
9,"Uttar Pradesh",249407,Kadipur,"Town Panchayat",228145
9,"Uttar Pradesh",299017,Kaisharganj,"Town Panchayat",271903
9,"Uttar Pradesh",248999,Kakod,"Town Panchayat",203203
9,"Uttar Pradesh",297864,Kanchausi,"Town Panchayat",206246
9,"Uttar Pradesh",249259,Kannauj,Municipality,209725
9,"Uttar Pradesh",297051,Kapilavastu,"Town Panchayat",272202
9,"Uttar Pradesh",249355,"Katra Medniganj","Town Panchayat",230131
9,"Uttar Pradesh",249508,Kerakat,"Town Panchayat",222142
9,"Uttar Pradesh",249451,Khadda,"Town Panchayat",274802
9,"Uttar Pradesh",249020,Khair,Municipality,202138
9,"Uttar Pradesh",249010,Khanpur,"Town Panchayat",203405
9,"Uttar Pradesh",249329,Kharela,"Town Panchayat",210425
9,"Uttar Pradesh",297023,Khekada,Municipality,250101
9,"Uttar Pradesh",249166,Khutar,"Town Panchayat",242405
9,"Uttar Pradesh",249067,Kiraoli,"Town Panchayat",283122
9,"Uttar Pradesh",249111,Kishni,"Town Panchayat",205303
9,"Uttar Pradesh",248963,Kithaur,"Town Panchayat",250104
9,"Uttar Pradesh",249405,Koeripur,"Town Panchayat",222301
9,"Uttar Pradesh",249299,Konch,Municipality,285205
9,"Uttar Pradesh",249344,"Kora Jahanabad","Town Panchayat",212659
9,"Uttar Pradesh",249041,"Kosi Kalan",Municipality,281403
9,"Uttar Pradesh",297758,Kumarganj,"Town Panchayat",224229
9,"Uttar Pradesh",249206,"Kursath (Unnao)","Town Panchayat",209801
9,"Uttar Pradesh",297024,Kushinagar,Municipality,274403
9,"Uttar Pradesh",277531,Laalganj,"Town Panchayat",230132
9,"Uttar Pradesh",249242,Lalganj,"Town Panchayat",231211
9,"Uttar Pradesh",249466,Lar,"Town Panchayat",274601
9,"Uttar Pradesh",249234,Lucknow,"Municipal Corporations",226005
9,"Uttar Pradesh",249204,Madhoganj,"Town Panchayat",241302
9,"Uttar Pradesh",249056,Mahaban,"Town Panchayat",281305
9,"Uttar Pradesh",299027,"Mahmoodpur Mafi","Town Panchayat",244411
9,"Uttar Pradesh",249106,Mainpuri,Municipality,205001
9,"Uttar Pradesh",249359,Manjhanpur,Municipality,212207
9,"Uttar Pradesh",300705,Mathauli,"Town Panchayat",274303
9,"Uttar Pradesh",249364,"Mau Aima","Town Panchayat",212507
9,"Uttar Pradesh",249482,Mehnagar,"Town Panchayat",276204
9,"Uttar Pradesh",300713,Mirhachi,"Town Panchayat",207125
9,"Uttar Pradesh",249514,Mohammadabad(Gazipur),Municipality,233227
9,"Uttar Pradesh",249251,"Mohammadabad Gohna","Town Panchayat",276403
9,"Uttar Pradesh",249474,Mubarakpur,Municipality,276404
9,"Uttar Pradesh",297651,Musanagar,"Town Panchayat",209208
9,"Uttar Pradesh",249237,Nagram,"Town Panchayat",226303
9,"Uttar Pradesh",297084,Nasirabad,"Town Panchayat",229307
9,"Uttar Pradesh",249436,Nautanwa,Municipality,273164
9,"Uttar Pradesh",297735,Nawabganj,"Town Panchayat",262406
9,"Uttar Pradesh",249154,Nawabganj(Bareilly),Municipality,262406
9,"Uttar Pradesh",249100,"Nidhauli Kalan","Town Panchayat",207122
9,"Uttar Pradesh",249416,Pachperwa,"Town Panchayat",271206
9,"Uttar Pradesh",249016,Pahasu,"Town Panchayat",203396
9,"Uttar Pradesh",249091,Patiyali,"Town Panchayat",207243
9,"Uttar Pradesh",248977,Patla,"Town Panchayat",201204
9,"Uttar Pradesh",249368,Phulpur,"Town Panchayat",276304
9,"Uttar Pradesh",249073,Pinahat,"Town Panchayat",283123
9,"Uttar Pradesh",249553,Pipri,"Town Panchayat",231221
9,"Uttar Pradesh",249369,Prayagraj,"Municipal Corporations",211004
9,"Uttar Pradesh",249369,Prayagraj,"Municipal Corporations",211003
9,"Uttar Pradesh",249279,Pukhrayan,Municipality,209111
9,"Uttar Pradesh",249165,Puranpur,Municipality,262122
9,"Uttar Pradesh",249049,Radhakund,"Town Panchayat",281504
9,"Uttar Pradesh",249241,"Rae Bareli",Municipality,229001
9,"Uttar Pradesh",297088,"Rampur (Jaunpur)","Town Panchayat",222203
9,"Uttar Pradesh",277192,Raniganj,"Town Panchayat",230304
9,"Uttar Pradesh",297089,Raniya,"Town Panchayat",209101
9,"Uttar Pradesh",297820,Rataul,"Town Panchayat",250101
9,"Uttar Pradesh",249552,Renukoot,"Town Panchayat",231217
9,"Uttar Pradesh",248922,Sahaspur,"Town Panchayat",246745
9,"Uttar Pradesh",249119,Saidpur(Badaun),"Town Panchayat",243725
9,"Uttar Pradesh",249521,"Saiyad Raja","Town Panchayat",232110
9,"Uttar Pradesh",249465,Salempur,"Town Panchayat",274601
9,"Uttar Pradesh",300651,"Sankisa Basantpur","Town Panchayat",209502
9,"Uttar Pradesh",248875,Sarsawan,Municipality,247232
9,"Uttar Pradesh",249257,Saurikh,"Town Panchayat",209728
9,"Uttar Pradesh",248967,Sewalkhas,"Town Panchayat",250501
9,"Uttar Pradesh",249197,Shahabad,Municipality,241124
9,"Uttar Pradesh",249139,Shergarh,"Town Panchayat",281404
9,"Uttar Pradesh",249283,Shivrajpur,"Town Panchayat",209205
9,"Uttar Pradesh",249008,Siana,Municipality,203412
9,"Uttar Pradesh",248874,"Sultanpur Chilkana","Town Panchayat",247231
9,"Uttar Pradesh",249258,Talgram,"Town Panchayat",209731
9,"Uttar Pradesh",297036,"Tamkuhi Raj","Town Panchayat",274407
9,"Uttar Pradesh",301012,Tarabganj,"Town Panchayat",271403
9,"Uttar Pradesh",248925,Thakurdwara,Municipality,244601
9,"Uttar Pradesh",249384,"Tikait Nagar","Town Panchayat",225415
9,"Uttar Pradesh",249335,Tindwari,"Town Panchayat",210128
9,"Uttar Pradesh",249260,Tirwaganj,"Town Panchayat",209732
9,"Uttar Pradesh",248953,Ujhari,"Town Panchayat",244242
9,"Uttar Pradesh",248927,"Umri Kalan","Town Panchayat",244501
9,"Uttar Pradesh",248883,Unn,"Town Panchayat",247778
9,"Uttar Pradesh",257826,"Uska Bazar","Town Panchayat",272208
9,"Uttar Pradesh",249531,Varanasi,"Municipal Corporations",221012
9,"Uttar Pradesh",249531,Varanasi,"Municipal Corporations",221008
9,"Uttar Pradesh",249531,Varanasi,"Municipal Corporations",221005
9,"Uttar Pradesh",249120,Wazirganj,"Town Panchayat",271124
9,"Uttar Pradesh",249516,Zamania,Municipality,232329
10,Bihar,299131,Akbarnagar,"Town Panchayat",812006
10,Bihar,299218,Alauli,"Town Panchayat",851206
10,Bihar,301385,AMDABAD,"Town Panchayat",854112
10,Bihar,249570,Areraj,"Town Panchayat",845411
10,Bihar,253281,Arwal,Municipality,804401
10,Bihar,290025,Aurangabad,Municipality,824101
10,Bihar,299234,Banmankhi,Municipality,854202
10,Bihar,277131,Barauli,Municipality,841226
10,Bihar,299118,Barun,"Town Panchayat",824112
10,Bihar,249624,Begusarai,"Municipal Corporations",851101
10,Bihar,299214,Beldaur,"Town Panchayat",852161
10,Bihar,299237,Bhawanipur,"Town Panchayat",854204
10,Bihar,249642,Biharsharif,"Municipal Corporations",803115
10,Bihar,249683,"Bodh Gaya",Municipality,824231
10,Bihar,299272,Champanagar,"Town Panchayat",812004
10,Bihar,300546,Chausa,"Town Panchayat",802114
10,Bihar,249621,Dalsinghsarai,Municipality,848114
10,Bihar,249671,"Dehri Dalmianagar",Municipality,821305
10,Bihar,300548,Ghoshi,"Town Panchayat",804406
10,Bihar,299285,Giriak,"Town Panchayat",803109
10,Bihar,249606,Gopalganj,Municipality,841226
10,Bihar,299123,Habibpur,"Town Panchayat",812005
10,Bihar,299203,Hata,"Town Panchayat",821106
10,Bihar,249662,Jagdishpur,"Town Panchayat",813105
10,Bihar,249635,Jamalpur,Municipality,811214
10,Bihar,299113,Jokihat,"Town Panchayat",854329
10,Bihar,277134,Kahalgaon,"Town Panchayat",813203
10,Bihar,299158,"KAMTAUL Ahiyari","Town Panchayat",847304
10,Bihar,299116,Kurtha,"Town Panchayat",804421
10,Bihar,249616,Lalganj,Municipality,844121
10,Bihar,300556,Macharganwa,"Town Panchayat",845417
10,Bihar,300551,"Madhopur Susta","Town Panchayat",842002
10,Bihar,249596,Manihari,"Town Panchayat",854113
10,Bihar,299216,Mansi,"Town Panchayat",851214
10,Bihar,299223,Minapur,"Town Panchayat",843128
10,Bihar,299271,Mirganj,"Town Panchayat",841226
10,Bihar,299271,Mirganj,"Town Panchayat",842002
10,Bihar,249568,Motihari,"Municipal Corporations",845401
10,Bihar,249678,Nabinagar,"Town Panchayat",824301
10,Bihar,299112,Narpatganj,"Town Panchayat",854335
10,Bihar,299160,Nauhatta,"Town Panchayat",852123
10,Bihar,249669,Nokha,Municipality,802215
10,Bihar,299337,Noorsarai,"Town Panchayat",803113
10,Bihar,249650,Patna,"Municipal Corporations",800016
10,Bihar,249650,Patna,"Municipal Corporations",800001
10,Bihar,249650,Patna,"Municipal Corporations",800014
10,Bihar,249650,Patna,"Municipal Corporations",800028
10,Bihar,299298,Pauakhali,"Town Panchayat",855108
10,Bihar,299129,Pipra,"Town Panchayat",845416
10,Bihar,299129,Pipra,"Town Panchayat",852218
10,Bihar,249611,Rivilganj,"Town Panchayat",841305
10,Bihar,299238,Rupauli,"Town Panchayat",854204
10,Bihar,299145,Sheohar,Municipality,843329
10,Bihar,301272,SINGHWARA,"Town Panchayat",847105
10,Bihar,249608,Siwan,Municipality,841226
10,Bihar,249629,Sultanganj,Municipality,813213
10,Bihar,299448,Tajpur,Municipality,848130
10,Bihar,299175,Tarapur,"Town Panchayat",813221
11,Sikkim,249693,"Nayabazar Jorethang Nagar Panchayat","Town Panchayat",737121
11,Sikkim,249695,"Singtam (Np)","Town Panchayat",737134
21,Odisha,300314,Remuna,"Notified Area Council",756019
21,Odisha,250485,Soro,Municipality,756045
21,Odisha,248141,Talcher,Municipality,759100
22,Chhattisgarh,250579,Baikunthpur,Municipality,497335
22,Chhattisgarh,250601,Baloda,"Town Panchayat",495559
22,Chhattisgarh,253276,Baramkela,"Town Panchayat",496551
22,Chhattisgarh,250632,Bemetara,Municipality,491335
22,Chhattisgarh,253114,Bhatgaon,"Town Panchayat",497235
22,Chhattisgarh,253183,Bhatgaon,"Town Panchayat",493222
22,Chhattisgarh,250639,Bhilai,"Municipal Corporations",490001
22,Chhattisgarh,250638,"Bhilai Charoda","Municipal Corporations",490021
22,Chhattisgarh,301511,Bhinbhouree,"Town Panchayat",490036
22,Chhattisgarh,250616,Bilaspur,"Municipal Corporations",495001
22,Chhattisgarh,253179,Birgaon,"Municipal Corporations",493221
22,Chhattisgarh,273466,Bodla,"Town Panchayat",491995
22,Chhattisgarh,250605,Champa,Municipality,495671
22,Chhattisgarh,298991,Chandkhuri,"Town Panchayat",492101
22,Chhattisgarh,250578,Chirimiri,"Municipal Corporations",497449
22,Chhattisgarh,250592,Dharamjaigarh,"Town Panchayat",496116
22,Chhattisgarh,253218,Dornapal,"Town Panchayat",494122
22,Chhattisgarh,250593,Gharghoda,"Town Panchayat",496111
22,Chhattisgarh,250665,Jagdalpur,"Municipal Corporations",494001
22,Chhattisgarh,250663,Kanker,Municipality,494334
22,Chhattisgarh,253280,"Kirodimal Nagar","Town Panchayat",496005
22,Chhattisgarh,253217,Konta,"Town Panchayat",494114
22,Chhattisgarh,250613,Kota,"Town Panchayat",495113
22,Chhattisgarh,250661,Mahasamund,Municipality,493445
22,Chhattisgarh,253160,Maro,"Town Panchayat",491340
22,Chhattisgarh,253220,"Nai Ladri","Town Panchayat",497448
22,Chhattisgarh,248064,Narayanpur,Municipality,494661
22,Chhattisgarh,250624,Pandariya,Municipality,491559
22,Chhattisgarh,253150,Parpodi,"Town Panchayat",490036
22,Chhattisgarh,253288,Rahoud,"Town Panchayat",495554
22,Chhattisgarh,250612,Ratanpur,Municipality,495442
22,Chhattisgarh,250596,Sarangarh,Municipality,496445
22,Chhattisgarh,301509,Sarsiwan,"Town Panchayat",493559
22,Chhattisgarh,253216,Sukma,Municipality,494111
22,Chhattisgarh,250633,"Than Khamharia","Town Panchayat",491338
22,Chhattisgarh,253105,Tumgaon,"Town Panchayat",493445
23,"Madhya Pradesh",253195,Amarkantak,"Town Panchayat",484886
23,"Madhya Pradesh",251008,Amarwara,Municipality,480221
23,"Madhya Pradesh",248073,Amla,Municipality,460551
23,"Madhya Pradesh",250915,Anjad,"Town Panchayat",451556
23,"Madhya Pradesh",293817,Athana,"Town Panchayat",458330
23,"Madhya Pradesh",250975,Babai,"Town Panchayat",461661
23,"Madhya Pradesh",290389,Bagali,"Town Panchayat",455001
23,"Madhya Pradesh",298926,Bakho,"Town Panchayat",484117
23,"Madhya Pradesh",290276,Baldevgarh,"Town Panchayat",472111
23,"Madhya Pradesh",289260,"Bamhni Banjar","Town Panchayat",481771
23,"Madhya Pradesh",250945,Berasia,Municipality,463106
23,"Madhya Pradesh",250700,Bhitarwar,"Town Panchayat",475220
23,"Madhya Pradesh",250946,Bhopal,"Municipal Corporations",462026
23,"Madhya Pradesh",250946,Bhopal,"Municipal Corporations",462022
23,"Madhya Pradesh",250946,Bhopal,"Municipal Corporations",462037
23,"Madhya Pradesh",250946,Bhopal,"Municipal Corporations",462010
23,"Madhya Pradesh",250946,Bhopal,"Municipal Corporations",462040
23,"Madhya Pradesh",250946,Bhopal,"Municipal Corporations",462100
23,"Madhya Pradesh",253194,Bijuri,Municipality,484440
23,"Madhya Pradesh",250938,Boda,"Town Panchayat",465685
23,"Madhya Pradesh",250925,Burhanpur,"Municipal Corporations",450331
23,"Madhya Pradesh",250720,"Chachaura -Binaganj","Town Panchayat",473118
23,"Madhya Pradesh",250788,Chakghat,"Town Panchayat",486226
23,"Madhya Pradesh",250756,Chand,"Town Panchayat",480110
23,"Madhya Pradesh",251023,"Chandameta -Butaria","Town Panchayat",480447
23,"Madhya Pradesh",250800,Chandia,"Town Panchayat",484660
23,"Madhya Pradesh",250736,Chandla,"Town Panchayat",471525
23,"Madhya Pradesh",250698,Dabra,Municipality,475110
23,"Madhya Pradesh",293808,Damua,Municipality,480555
23,"Madhya Pradesh",250896,Depalpur,"Town Panchayat",453115
23,"Madhya Pradesh",250815,Devri,"Town Panchayat",470226
23,"Madhya Pradesh",250809,Dhanpuri,Municipality,484114
23,"Madhya Pradesh",250887,Dhar,Municipality,454001
23,"Madhya Pradesh",250999,Gadarwara,Municipality,487551
23,"Madhya Pradesh",250956,Gairatganj,"Town Panchayat",464884
23,"Madhya Pradesh",250799,Gurh,"Town Panchayat",486553
23,"Madhya Pradesh",250694,Gwalior,"Municipal Corporations",474009
23,"Madhya Pradesh",250694,Gwalior,"Municipal Corporations",474015
23,"Madhya Pradesh",250694,Gwalior,"Municipal Corporations",474012
23,"Madhya Pradesh",250694,Gwalior,"Municipal Corporations",474010
23,"Madhya Pradesh",250694,Gwalior,"Municipal Corporations",474005
23,"Madhya Pradesh",250872,Hatpipalya,"Town Panchayat",455111
23,"Madhya Pradesh",250901,Indore,"Municipal Corporations",452006
23,"Madhya Pradesh",250901,Indore,"Municipal Corporations",452018
23,"Madhya Pradesh",250970,Itarsi,Municipality,461111
23,"Madhya Pradesh",250970,Itarsi,Municipality,461114
23,"Madhya Pradesh",290323,"Jeron Khalsa","Town Panchayat",472337
23,"Madhya Pradesh",250824,Jiran,"Town Panchayat",458336
23,"Madhya Pradesh",250881,Jobat,"Town Panchayat",457990
23,"Madhya Pradesh",250870,Kantaphod,"Town Panchayat",455001
23,"Madhya Pradesh",293822,Karahi,"Town Panchayat",451220
23,"Madhya Pradesh",250707,Karera,"Town Panchayat",473660
23,"Madhya Pradesh",250984,Katangi,"Town Panchayat",481445
23,"Madhya Pradesh",298933,Keolari,"Town Panchayat",481995
23,"Madhya Pradesh",250711,Khaniyadhana,"Town Panchayat",473990
23,"Madhya Pradesh",250875,Khategaon,"Town Panchayat",455111
23,"Madhya Pradesh",250708,Kolaras,"Town Panchayat",473770
23,"Madhya Pradesh",253134,Kukdeshwar,"Town Panchayat",458116
23,"Madhya Pradesh",250891,Kukshi,"Town Panchayat",454331
23,"Madhya Pradesh",250891,Kukshi,"Town Panchayat",455111
23,"Madhya Pradesh",262908,Kurawar,"Town Panchayat",465667
23,"Madhya Pradesh",250980,Kymore,"Town Panchayat",483880
23,"Madhya Pradesh",250691,Lahar,Municipality,477445
23,"Madhya Pradesh",251029,Lodhikheda,"Town Panchayat",480108
23,"Madhya Pradesh",250928,Machalpur,"Town Panchayat",465691
23,"Madhya Pradesh",250766,"Makronia Buzurg",Municipality,470004
23,"Madhya Pradesh",251042,Malajkhand,Municipality,481116
23,"Madhya Pradesh",289259,Mandla,Municipality,481661
23,"Madhya Pradesh",250910,Mandleshwar,"Town Panchayat",451221
23,"Madhya Pradesh",297136,"Manpur (Umaria)","Town Panchayat",455111
23,"Madhya Pradesh",250689,Mau,"Town Panchayat",477222
23,"Madhya Pradesh",250717,Mungaoli,"Town Panchayat",473443
23,"Madhya Pradesh",248075,"Nagar Palika, Nainpur",Municipality,481776
23,"Madhya Pradesh",250846,Nagda,Municipality,456335
23,"Madhya Pradesh",290382,Niwari,"Town Panchayat",481776
23,"Madhya Pradesh",250738,Nowgong,Municipality,471201
23,"Madhya Pradesh",250960,Obedullaganj,"Town Panchayat",464993
23,"Madhya Pradesh",250697,"Pichhore Gwalior","Town Panchayat",475115
23,"Madhya Pradesh",290395,"Pipla Narayanwar","Town Panchayat",480109
23,"Madhya Pradesh",250716,Raghogarh-Vijaypur,Municipality,473226
23,"Madhya Pradesh",250761,Rahatgarh,"Town Panchayat",470119
23,"Madhya Pradesh",250904,Rau,"Town Panchayat",455111
23,"Madhya Pradesh",250769,Rehli,Municipality,470227
23,"Madhya Pradesh",250871,Satwas,"Town Panchayat",455111
23,"Madhya Pradesh",250871,Satwas,"Town Panchayat",455459
23,"Madhya Pradesh",250919,Sendhwa,Municipality,451666
23,"Madhya Pradesh",250701,Seondha,"Town Panchayat",475682
23,"Madhya Pradesh",298920,Shahpur,"Town Panchayat",460440
23,"Madhya Pradesh",253125,Silwani,"Town Panchayat",461111
23,"Madhya Pradesh",250819,Singoli,"Town Panchayat",458228
23,"Madhya Pradesh",250835,Sitamau,"Town Panchayat",458990
23,"Madhya Pradesh",250866,Sonkatch,"Town Panchayat",455111
23,"Madhya Pradesh",250866,Sonkatch,"Town Panchayat",455001
23,"Madhya Pradesh",298934,Surkhi,"Town Panchayat",470221
23,"Madhya Pradesh",250840,Tal,"Town Panchayat",457118
23,"Madhya Pradesh",250789,Teonthar,"Town Panchayat",486220
23,"Madhya Pradesh",297119,Thikri,"Town Panchayat",451660
23,"Madhya Pradesh",250968,Timarni,"Town Panchayat",461228
23,"Madhya Pradesh",250963,Udaipura,"Town Panchayat",464770
23,"Madhya Pradesh",250981,Vijayraghavgarh,"Town Panchayat",483775
19,"West Bengal",250246,Bally,Municipality,711205
19,"West Bengal",249989,Balurghat,Municipality,733101
19,"West Bengal",250141,Baranagar,Municipality,700108
19,"West Bengal",250141,Baranagar,Municipality,700090
19,"West Bengal",250304,Baruipur,Municipality,700144
19,"West Bengal",250125,Bhatpara,Municipality,743123
19,"West Bengal",250125,Bhatpara,Municipality,743125
19,"West Bengal",250145,Bidhannagar,"Municipal Corporations",700055
19,"West Bengal",250145,Bidhannagar,"Municipal Corporations",700091
19,"West Bengal",250145,Bidhannagar,"Municipal Corporations",700100
19,"West Bengal",250145,Bidhannagar,"Municipal Corporations",700101
19,"West Bengal",250210,Bishnupur,Municipality,722122
19,"West Bengal",250028,Bolpur,Municipality,731204
19,"West Bengal",250121,Bongaon,Municipality,743235
19,"West Bengal",250174,Champdany,Municipality,712221
19,"West Bengal",250172,Chandannagar,"Municipal Corporations",712136
19,"West Bengal",250226,Chandrakona,Municipality,721201
19,"West Bengal",298972,Dankuni,Municipality,712234
19,"West Bengal",298972,Dankuni,Municipality,712311
19,"West Bengal",249946,Darjeeling,Municipality,734101
19,"West Bengal",249977,Dinhata,Municipality,736135
19,"West Bengal",250034,Durgapur,"Municipal Corporations",713335
19,"West Bengal",250105,Gayeshpur,Municipality,741234
19,"West Bengal",250229,Ghatal,Municipality,721212
19,"West Bengal",250123,Halisahar,Municipality,743135
19,"West Bengal",250247,Howrah,"Municipal Corporations",711102
19,"West Bengal",250247,Howrah,"Municipal Corporations",711101
19,"West Bengal",250247,Howrah,"Municipal Corporations",711302
19,"West Bengal",249996,Jangipur,Municipality,742225
19,"West Bengal",249997,"Jiaganj Azimganj",Municipality,742123
19,"West Bengal",250140,Kamarhati,Municipality,700056
19,"West Bengal",250227,Khirpai,Municipality,721232
19,"West Bengal",250299,Kolkata,"Municipal Corporations",700105
19,"West Bengal",250299,Kolkata,"Municipal Corporations",700014
19,"West Bengal",250299,Kolkata,"Municipal Corporations",700036
19,"West Bengal",250299,Kolkata,"Municipal Corporations",700039
19,"West Bengal",250299,Kolkata,"Municipal Corporations",700046
19,"West Bengal",250096,Krishnanagar,Municipality,741103
19,"West Bengal",249955,Mal,Municipality,735221
19,"West Bengal",250124,Naihati,Municipality,743165
19,"West Bengal",250139,"New Barrackpore",Municipality,700131
19,"West Bengal",250142,"North Dum Dum",Municipality,700051
19,"West Bengal",250138,Panihati,Municipality,700112
19,"West Bengal",250138,Panihati,Municipality,700115
19,"West Bengal",250138,Panihati,Municipality,700113
19,"West Bengal",250303,"Rajpur Sonarpur",Municipality,743613
19,"West Bengal",250225,Ramjibanpur,Municipality,721242
19,"West Bengal",250177,Rishra,Municipality,712250
19,"West Bengal",250176,Serampore,Municipality,712249
19,"West Bengal",249957,Siliguri,"Municipal Corporations",734004
19,"West Bengal",250233,Tamralipta,Municipality,721636
19,"West Bengal",250169,Tarakeswar,Municipality,712410
19,"West Bengal",250179,"Uttarpara Kotrung",Municipality,712258
20,Jharkhand,253166,Adityapur,"Municipal Corporations",832108
20,Jharkhand,250415,Bundu,"Town Panchayat",834001
20,Jharkhand,250415,Bundu,"Town Panchayat",829201
20,Jharkhand,248056,Chas,"Municipal Corporations",827013
20,Jharkhand,248056,Chas,"Municipal Corporations",827001
20,Jharkhand,248056,Chas,"Municipal Corporations",827012
20,Jharkhand,248129,Chatra,Municipality,814101
20,Jharkhand,248055,Chirkunda,Municipality,814101
20,Jharkhand,250378,Dhanbad,"Municipal Corporations",828132
20,Jharkhand,250378,Dhanbad,"Municipal Corporations",828117
20,Jharkhand,250378,Dhanbad,"Municipal Corporations",828120
20,Jharkhand,250378,Dhanbad,"Municipal Corporations",828131
20,Jharkhand,250378,Dhanbad,"Municipal Corporations",828110
20,Jharkhand,277135,Domchanch,"Town Panchayat",825407
20,Jharkhand,248051,Godda,Municipality,814133
20,Jharkhand,300371,"Hariharganj Municipal Corporation","Municipal Corporations",822131
20,Jharkhand,248130,Hazaribag,"Municipal Corporations",825301
20,Jharkhand,250434,Jamshedpur,"Notified Area Council",831001
20,Jharkhand,248132,"Jhumri Telaiya",Municipality,825409
20,Jharkhand,250326,Latehar,"Town Panchayat",829206
20,Jharkhand,250324,"Medininagar (Daltonganj) Municipal Corporation","Municipal Corporations",822101
20,Jharkhand,248052,Sahibganj,Municipality,814101
21,Odisha,250476,Anandapur,Municipality,758021
21,Odisha,259705,Attabira,"Notified Area Council",768027
21,Odisha,250555,Balangir,Municipality,767001
21,Odisha,263005,Baliguda,"Notified Area Council",762103
21,Odisha,250519,Banapur,"Notified Area Council",752031
21,Odisha,250527,Bellaguntha,"Notified Area Council",761119
21,Odisha,250543,Berhampur,"Municipal Corporations",760008
21,Odisha,250543,Berhampur,"Municipal Corporations",760005
21,Odisha,250543,Berhampur,"Municipal Corporations",760004
21,Odisha,250526,Bhanjanagar,"Notified Area Council",761126
21,Odisha,250558,Bhawanipatna,Municipality,766001
21,Odisha,250520,Bhubaneswar,"Municipal Corporations",751006
21,Odisha,250520,Bhubaneswar,"Municipal Corporations",751018
21,Odisha,250520,Bhubaneswar,"Municipal Corporations",751025
21,Odisha,276628,Bijepur,"Notified Area Council",768032
21,Odisha,250451,Brajarajnagar,Municipality,768216
21,Odisha,250537,Chhatrapur,"Notified Area Council",761020
21,Odisha,250537,Chhatrapur,"Notified Area Council",761025
21,Odisha,250539,Gopalpur,"Notified Area Council",761002
21,Odisha,250552,Kantabanji,"Notified Area Council",767039
21,Odisha,250491,Kendrapara,Municipality,754250
21,Odisha,259201,Nuapada,"Notified Area Council",766105
21,Odisha,250467,Raurkela,"Municipal Corporations",769002
21,Odisha,250467,Raurkela,"Municipal Corporations",769001
21,Odisha,250454,Redhakhol,"Notified Area Council",768106
15,Mizoram,249770,Aizawl,"Notified Area Council",796001
15,Mizoram,277318,"Aizawl Municipal Co-Operation","Municipal Corporations",796008
15,Mizoram,277318,"Aizawl Municipal Co-Operation","Municipal Corporations",796014
15,Mizoram,277318,"Aizawl Municipal Co-Operation","Municipal Corporations",796005
15,Mizoram,249775,Biate,"Notified Area Council",796370
15,Mizoram,249768,Darlawn,"Notified Area Council",796111
15,Mizoram,249778,N.Vanlaiphai,"Notified Area Council",796184
15,Mizoram,249776,Serchhip,"Notified Area Council",796181
15,Mizoram,249764,Vairengte,"Notified Area Council",796101
16,Tripura,249785,"Agartala Municipal Corporation","Municipal Corporations",799005
16,Tripura,249785,"Agartala Municipal Corporation","Municipal Corporations",799007
16,Tripura,249794,Badharghat,"Town Panchayat",799003
16,Tripura,249803,"Dharmanagar Municipal Council",Municipality,799250
16,Tripura,249804,"Kailashahar Municipal Council",Municipality,799279
16,Tripura,261691,"Melaghar Municipal Council",Municipality,799115
16,Tripura,249786,"Ranirbazar Municipal Council",Municipality,799008
16,Tripura,249787,"Sonamura Nagar Panchayat","Town Panchayat",799102
18,Assam,253264,Bakalia,"Town Panchayat",782482
18,Assam,249841,"Barpeta Road",Municipality,781315
18,Assam,249881,Bihpuria,Municipality,784161
18,Assam,249839,Bijni,"Town Panchayat",783390
18,Assam,299966,"Deithor Town Committee","Town Panchayat",782480
18,Assam,277145,Dhing,Municipality,782123
18,Assam,249871,Doboka,"Town Panchayat",782440
18,Assam,249826,Gauripur,"Town Panchayat",783131
18,Assam,249880,Gohpur,"Town Panchayat",784168
18,Assam,249854,Guwahati,"Municipal Corporations",781001
18,Assam,249944,Hailakandi,Municipality,788151
18,Assam,249870,Hojai,Municipality,782435
18,Assam,249912,Jorhat,Municipality,785001
18,Assam,300492,"Lakhipur Tc","Town Panchayat",783129
18,Assam,249945,Lala,"Town Panchayat",788163
18,Assam,249872,Lumding,Municipality,782447
18,Assam,249931,Mahur,"Town Panchayat",788830
18,Assam,299968,"Manja Town Committee","Town Panchayat",782461
18,Assam,249892,Margherita,"Town Panchayat",786181
18,Assam,249902,"Moran Town",Municipality,785669
18,Assam,249903,Naharkatiya,"Town Panchayat",786610
18,Assam,253212,Narayanpur,"Town Panchayat",784164
18,Assam,249907,Nazira,Municipality,785685
18,Assam,249847,Pathsala,"Town Panchayat",781325
18,Assam,271990,Raha,"Town Panchayat",782103
18,Assam,299970,"Rongmongve Town Committee","Town Panchayat",782136
18,Assam,296992,"Sipajhar Mb",Municipality,784145
18,Assam,249859,Tangla,"Town Panchayat",784501
18,Assam,249888,Tinsukia,Municipality,786125
24,Gujarat,251047,Bhuj,Municipality,370001
24,Gujarat,251163,Botad,Municipality,364710
24,Gujarat,251188,Chaklasi,Municipality,387315
24,Gujarat,251159,Chalala,Municipality,365630
24,Gujarat,251062,Chanasma,Municipality,384220
24,Gujarat,251190,Dakor,Municipality,388225
24,Gujarat,251088,Dehgam,Municipality,382305
24,Gujarat,302660,DHARI,Municipality,365640
24,Gujarat,251125,Dhoraji,Municipality,360410
24,Gujarat,251050,Gandhidham,"Municipal Corporations",370201
24,Gujarat,251111,Halvad,Municipality,363330
24,Gujarat,251194,Kaalol,Municipality,389330
24,Gujarat,251135,Kalavad,Municipality,361160
24,Gujarat,251186,Kheda,Municipality,387411
24,Gujarat,251071,Khedbrahma,Municipality,383255
24,Gujarat,251153,Kodinar,Municipality,362720
24,Gujarat,251144,Manavadar,Municipality,362630
24,Gujarat,297099,Mundra-Baroi,Municipality,370421
24,Gujarat,251214,Padra,Municipality,391445
24,Gujarat,251168,Palitana,Municipality,364270
24,Gujarat,251075,Prantij,Municipality,383205
24,Gujarat,251120,Rajkot,"Municipal Corporations",360007
24,Gujarat,251120,Rajkot,"Municipal Corporations",360001
24,Gujarat,251120,Rajkot,"Municipal Corporations",360002
24,Gujarat,251120,Rajkot,"Municipal Corporations",360003
24,Gujarat,251141,Ranavav,Municipality,360550
24,Gujarat,253143,Raval,Municipality,361325
24,Gujarat,251231,Surat,"Municipal Corporations",395023
24,Gujarat,251231,Surat,"Municipal Corporations",395012
24,Gujarat,251231,Surat,"Municipal Corporations",395008
24,Gujarat,251231,Surat,"Municipal Corporations",394101
24,Gujarat,251231,Surat,"Municipal Corporations",394107
24,Gujarat,251231,Surat,"Municipal Corporations",394221
24,Gujarat,251231,Surat,"Municipal Corporations",394550
24,Gujarat,251169,Talaja,Municipality,364140
24,Gujarat,251064,Unjha,Municipality,384170
24,Gujarat,253128,Vadali,Municipality,383235
24,Gujarat,251209,Vadodara,"Municipal Corporations",390019
24,Gujarat,251209,Vadodara,"Municipal Corporations",390002
24,Gujarat,251209,Vadodara,"Municipal Corporations",390014
24,Gujarat,251209,Vadodara,"Municipal Corporations",390012
24,Gujarat,251254,Valsad,Municipality,396001
24,Gujarat,251148,Visavadar,Municipality,362130
24,Gujarat,251119,Wankaner,Municipality,363621
12,"Arunachal Pradesh",249699,Bomdila,"Town Panchayat",790116
12,"Arunachal Pradesh",299586,Bordumsa,"Town Panchayat",792056
12,"Arunachal Pradesh",249701,Itanagar,"Town Panchayat",791113
12,"Arunachal Pradesh",299597,Mechuka,"Town Panchayat",791003
12,"Arunachal Pradesh",299595,Tato,"Town Panchayat",791003
12,"Arunachal Pradesh",249698,Tawang,"Town Panchayat",790106
12,"Arunachal Pradesh",299596,Yachuli,"Town Panchayat",791119
13,Nagaland,299088,"Chiephobozou Town Council","Town Panchayat",797105
13,Nagaland,276220,"Chozuba Town Council","Town Panchayat",797104
13,Nagaland,276217,"East Dimapur Town Council","Town Panchayat",797112
13,Nagaland,299082,"Seyochung Town Council","Town Panchayat",798611
13,Nagaland,249719,"Wokha Town Council","Town Panchayat",797111
14,Manipur,276525,Kwakta,Municipality,795113
14,Manipur,276508,Lamlai,Municipality,795010
14,Manipur,276502,"Lilong (Thoubal)",Municipality,795138
14,Manipur,276530,Ningthoukhong,Municipality,795011
14,Manipur,276506,Oinam,Municipality,795134
14,Manipur,276549,Wangoi,Municipality,795009
32,Kerala,252247,Alappuzha,Municipality,682301
32,Kerala,252211,Aluva,Municipality,682304
32,Kerala,252208,Angamaly,Municipality,682304
32,Kerala,272915,Anthur,Municipality,683104
32,Kerala,252239,Changanassery,Municipality,682304
32,Kerala,252239,Changanassery,Municipality,686101
32,Kerala,252181,Chavakkad,Municipality,680518
32,Kerala,272906,Cherpulassery,Municipality,682301
32,Kerala,272892,Erattupetta,Municipality,682304
32,Kerala,272891,Ettumanoor,Municipality,682304
32,Kerala,272900,Feroke,Municipality,682304
32,Kerala,252184,Guruvayoor,Municipality,682304
32,Kerala,252184,Guruvayoor,Municipality,682301
32,Kerala,272880,Harippad,Municipality,682301
32,Kerala,272890,Iritty,Municipality,670703
32,Kerala,272890,Iritty,Municipality,682301
32,Kerala,252224,Kalamassery,Municipality,682304
32,Kerala,252155,Kalpetta,Municipality,683104
32,Kerala,252110,Kanhangad,Municipality,682301
32,Kerala,252125,Kannur,"Municipal Corporations",670002
32,Kerala,252125,Kannur,"Municipal Corporations",670006
32,Kerala,252125,Kannur,"Municipal Corporations",670003
32,Kerala,259707,Karunagappally,Municipality,690573
32,Kerala,259707,Karunagappally,Municipality,682301
32,Kerala,272883,Kattappana,Municipality,682301
32,Kerala,252200,Kodungallur,Municipality,682301
32,Kerala,272897,Koduvally,Municipality,682304
32,Kerala,252255,Kollam,"Municipal Corporations",691012
32,Kerala,252255,Kollam,"Municipal Corporations",691004
32,Kerala,252255,Kollam,"Municipal Corporations",691021
32,Kerala,259709,Kottakkal,Municipality,682301
32,Kerala,259709,Kottakkal,Municipality,682304
32,Kerala,259709,Kottakkal,Municipality,683104
32,Kerala,252159,Koyilandy,Municipality,682304
32,Kerala,252180,Kunnamkulam,Municipality,682301
32,Kerala,252170,Malappuram,Municipality,676505
32,Kerala,272910,Mananthavady,Municipality,682301
32,Kerala,252169,Manjeri,Municipality,683104
32,Kerala,252169,Manjeri,Municipality,682304
32,Kerala,272907,Mannarkad,Municipality,682304
32,Kerala,252139,Mattannur,Municipality,682304
32,Kerala,252250,Mavelikkara,Municipality,683104
32,Kerala,252230,Muvattupuzha,Municipality,683104
32,Kerala,252261,Neyyattinkara,Municipality,695121
32,Kerala,259710,Nilambur,Municipality,682304
32,Kerala,252175,Ottappalam,Municipality,679104
32,Kerala,252176,Palakkad,Municipality,682301
32,Kerala,272908,Pandalam,Municipality,689503
32,Kerala,272908,Pandalam,Municipality,689501
32,Kerala,252256,Paravoor,Municipality,682301
32,Kerala,252111,Payyannur,Municipality,683104
32,Kerala,272896,Payyoli,Municipality,682304
32,Kerala,252207,Perumbavoor,Municipality,683542
32,Kerala,272882,Piravom,Municipality,682301
32,Kerala,252173,Ponnani,Municipality,682301
32,Kerala,252173,Ponnani,Municipality,682304
32,Kerala,252254,Punalur,Municipality,683104
32,Kerala,252174,Shoranur,Municipality,683104
32,Kerala,252112,Taliparamba,Municipality,683104
32,Kerala,252260,Thiruvananthapuram,"Municipal Corporations",695585
32,Kerala,252260,Thiruvananthapuram,"Municipal Corporations",695581
32,Kerala,252260,Thiruvananthapuram,"Municipal Corporations",695099
32,Kerala,252260,Thiruvananthapuram,"Municipal Corporations",695040
32,Kerala,252260,Thiruvananthapuram,"Municipal Corporations",695029
32,Kerala,252260,Thiruvananthapuram,"Municipal Corporations",695021
32,Kerala,252260,Thiruvananthapuram,"Municipal Corporations",695008
32,Kerala,252233,Thodupuzha,Municipality,685584
32,Kerala,272903,Tirurangadi,Municipality,682304
32,Kerala,252236,Vaikom,Municipality,682301
32,Kerala,252157,Vatakara,Municipality,682304
32,Kerala,272909,Wadakkanchery,Municipality,683104
33,"Tamil Nadu",252818,Aduthurai,"Town Panchayat",612101
33,"Tamil Nadu",252702,Agaram,"Town Panchayat",624709
33,"Tamil Nadu",253008,Alangulam,"Town Panchayat",627851
33,"Tamil Nadu",252614,Annur,"Town Panchayat",641653
33,"Tamil Nadu",252575,Arachalur,"Town Panchayat",638101
33,"Tamil Nadu",252367,Arakkonam,Municipality,631006
33,"Tamil Nadu",252367,Arakkonam,Municipality,631005
33,"Tamil Nadu",252367,Arakkonam,Municipality,631004
33,"Tamil Nadu",252850,Arimalam,"Town Panchayat",622201
33,"Tamil Nadu",252529,Ariyappampalayam,"Town Panchayat",638402
33,"Tamil Nadu",252760,Arumbavur,"Town Panchayat",621103
33,"Tamil Nadu",252486,Ayothiapattinam,"Town Panchayat",636103
33,"Tamil Nadu",252740,Balakrishnampatti,"Town Panchayat",621003
33,"Tamil Nadu",252779,Bhuvanagiri,"Town Panchayat",608601
33,"Tamil Nadu",252415,B.Mallapuram,"Town Panchayat",635301
33,"Tamil Nadu",252333,Chengalpattu,Municipality,603001
33,"Tamil Nadu",252562,Chennimalai,"Town Panchayat",638051
33,"Tamil Nadu",253019,Cheranmahadevi,"Town Panchayat",627414
33,"Tamil Nadu",252707,Dindigul,"Municipal Corporations",624002
33,"Tamil Nadu",260289,Elampillai,"Town Panchayat",637502
33,"Tamil Nadu",252975,Eral,"Town Panchayat",628801
33,"Tamil Nadu",252568,Erode,"Municipal Corporations",638001
33,"Tamil Nadu",253028,Eruvadi,"Town Panchayat",623515
33,"Tamil Nadu",252666,Ettimadai,"Town Panchayat",641112
33,"Tamil Nadu",252788,Gangaikondan,"Town Panchayat",607802
33,"Tamil Nadu",252900,Ganguvarpatti,"Town Panchayat",625203
33,"Tamil Nadu",252294,"Greater Chennai Corporation","Municipal Corporations",600042
33,"Tamil Nadu",252294,"Greater Chennai Corporation","Municipal Corporations",600013
33,"Tamil Nadu",252294,"Greater Chennai Corporation","Municipal Corporations",600115
33,"Tamil Nadu",252294,"Greater Chennai Corporation","Municipal Corporations",600097
33,"Tamil Nadu",252294,"Greater Chennai Corporation","Municipal Corporations",600091
33,"Tamil Nadu",252294,"Greater Chennai Corporation","Municipal Corporations",600089
33,"Tamil Nadu",252294,"Greater Chennai Corporation","Municipal Corporations",600086
33,"Tamil Nadu",252294,"Greater Chennai Corporation","Municipal Corporations",600085
33,"Tamil Nadu",252294,"Greater Chennai Corporation","Municipal Corporations",600061
33,"Tamil Nadu",252294,"Greater Chennai Corporation","Municipal Corporations",600007
33,"Tamil Nadu",252294,"Greater Chennai Corporation","Municipal Corporations",600002
33,"Tamil Nadu",252351,Gudiyatham,Municipality,632602
33,"Tamil Nadu",252916,Hanumanthampatti,"Town Panchayat",625533
33,"Tamil Nadu",252602,Jagathala,"Town Panchayat",643003
33,"Tamil Nadu",252994,Kadayanallur,Municipality,627759
33,"Tamil Nadu",252451,Kallakurichi,Municipality,606202
33,"Tamil Nadu",252919,Kamayagoundanpatti,"Town Panchayat",625516
33,"Tamil Nadu",252682,Kaniyur,"Town Panchayat",642203
33,"Tamil Nadu",252420,Kannamangalam,"Town Panchayat",632311
33,"Tamil Nadu",252589,Kannivadi,"Town Panchayat",639202
33,"Tamil Nadu",253058,Kappiyarai,"Town Panchayat",629156
33,"Tamil Nadu",252408,Karimangalam,"Town Panchayat",635111
33,"Tamil Nadu",252554,"Karumandi Chellipalayam","Town Panchayat",638052
33,"Tamil Nadu",252346,Karunguzhi,"Town Panchayat",603303
33,"Tamil Nadu",252371,Kaveripakkam,"Town Panchayat",632508
33,"Tamil Nadu",252965,Kayatharu,"Town Panchayat",628952
33,"Tamil Nadu",252958,Keelakarai,Municipality,623517
33,"Tamil Nadu",252845,Keeranur,"Town Panchayat",639119
33,"Tamil Nadu",253044,Keezhkulam,"Town Panchayat",629193
33,"Tamil Nadu",252433,Kilpennathur,"Town Panchayat",604601
33,"Tamil Nadu",252713,Kodaikanal,Municipality,624101
33,"Tamil Nadu",252804,Kodavasal,"Town Panchayat",612601
33,"Tamil Nadu",252912,Kombai,"Town Panchayat",625522
33,"Tamil Nadu",252810,Koothanallur,Municipality,614101
33,"Tamil Nadu",252752,Koothappar,"Town Panchayat",620013
33,"Tamil Nadu",253088,Kottaram,"Town Panchayat",629703
33,"Tamil Nadu",252681,Kottur,"Town Panchayat",625534
33,"Tamil Nadu",252681,Kottur,"Town Panchayat",642114
33,"Tamil Nadu",252962,Kovilpatti,Municipality,628501
33,"Tamil Nadu",253050,Kulasekaram,"Town Panchayat",629161
33,"Tamil Nadu",252763,Labbaikudikadu,"Town Panchayat",621108
33,"Tamil Nadu",252665,Madukkarai,Municipality,641105
33,"Tamil Nadu",252344,Mamallapuram,Municipality,603104
33,"Tamil Nadu",252868,Manamadurai,Municipality,630606
33,"Tamil Nadu",253070,Mandaikadu,"Town Panchayat",629252
33,"Tamil Nadu",252786,Mangalampet,"Town Panchayat",606104
33,"Tamil Nadu",252794,Mayiladuthurai,Municipality,609001
33,"Tamil Nadu",253021,Melaseval,"Town Panchayat",627452
33,"Tamil Nadu",252768,Melpattampakkam,"Town Panchayat",607104
33,"Tamil Nadu",252366,Melvisharam,Municipality,632531
33,"Tamil Nadu",252612,Mettupalayam,Municipality,641301
33,"Tamil Nadu",252612,Mettupalayam,Municipality,638401
33,"Tamil Nadu",252457,Mettur,Municipality,636401
33,"Tamil Nadu",252627,Mopperipalayam,"Town Panchayat",641659
33,"Tamil Nadu",252953,Mudukulathur,"Town Panchayat",623704
33,"Tamil Nadu",252585,Muthur,"Town Panchayat",638105
33,"Tamil Nadu",253083,Mylaudy,"Town Panchayat",629403
33,"Tamil Nadu",252733,Nangavaram,"Town Panchayat",639102
33,"Tamil Nadu",252807,Nannilam,"Town Panchayat",610105
33,"Tamil Nadu",252283,Naravarikuppam,"Town Panchayat",600052
33,"Tamil Nadu",252396,Natrampalli,"Town Panchayat",635852
33,"Tamil Nadu",253066,Neyyoor,"Town Panchayat",629802
33,"Tamil Nadu",252692,Palani,Municipality,624601
33,"Tamil Nadu",252906,"Palani Chettipatti","Town Panchayat",625531
33,"Tamil Nadu",252636,Palladam,Municipality,641664
33,"Tamil Nadu",252633,Pallapalayam,"Town Panchayat",639002
33,"Tamil Nadu",252633,Pallapalayam,"Town Panchayat",641402
33,"Tamil Nadu",253035,Palugal,"Town Panchayat",629170
33,"Tamil Nadu",252481,Panaimarathupatti,"Town Panchayat",636204
33,"Tamil Nadu",252525,Pandamangalam,"Town Panchayat",637208
33,"Tamil Nadu",252911,Pannaipuram,"Town Panchayat",625524
33,"Tamil Nadu",253004,Panpoli,"Town Panchayat",627807
33,"Tamil Nadu",252416,Pappireddipatti,"Town Panchayat",636905
33,"Tamil Nadu",252790,Pennadam,"Town Panchayat",606105
33,"Tamil Nadu",252425,Peranamallur,"Town Panchayat",604503
33,"Tamil Nadu",252558,Perundurai,Municipality,638052
33,"Tamil Nadu",252974,Perungulam,"Town Panchayat",623536
33,"Tamil Nadu",252515,Pillanallur,"Town Panchayat",637403
33,"Tamil Nadu",252543,P.Mettupalayam,"Town Panchayat",638315
33,"Tamil Nadu",252467,Poolampatti,"Town Panchayat",637107
33,"Tamil Nadu",252659,Pooluvapatti,"Town Panchayat",641101
33,"Tamil Nadu",252524,Pothanur,"Town Panchayat",638181
33,"Tamil Nadu",252271,Pothatturpettai,"Town Panchayat",631208
33,"Tamil Nadu",252848,Pudukkottai,Municipality,622001
33,"Tamil Nadu",252862,Puduvayal,"Town Panchayat",630108
33,"Tamil Nadu",252957,Ramanathapuram,Municipality,623501
33,"Tamil Nadu",290447,Rameswaram,Municipality,623526
33,"Tamil Nadu",252988,Rayagiri,"Town Panchayat",627764
33,"Tamil Nadu",252448,Sankarapuram,"Town Panchayat",606401
33,"Tamil Nadu",252956,Sayalgudi,"Town Panchayat",623120
33,"Tamil Nadu",252973,Sayapuram,"Town Panchayat",628251
33,"Tamil Nadu",252517,Senthamangalam,"Town Panchayat",627857
33,"Tamil Nadu",252856,Singampuneri,"Town Panchayat",630502
33,"Tamil Nadu",252611,Sirumugai,"Town Panchayat",641302
33,"Tamil Nadu",252938,Sivakasi,"Municipal Corporations",626123
33,"Tamil Nadu",252928,S.Kodikulam,"Town Panchayat",626133
33,"Tamil Nadu",252993,Surandai,Municipality,627859
33,"Tamil Nadu",252822,Swamimalai,"Town Panchayat",612302
33,"Tamil Nadu",252997,Tenkasi,Municipality,627811
33,"Tamil Nadu",252370,Thakkolam,"Town Panchayat",631151
33,"Tamil Nadu",252497,Thammampatti,"Town Panchayat",636113
33,"Tamil Nadu",252833,Thanjavur,"Municipal Corporations",613007
33,"Tamil Nadu",252796,Tharangambadi,"Town Panchayat",609313
33,"Tamil Nadu",252796,Tharangambadi,"Town Panchayat",609307
33,"Tamil Nadu",252495,Thedavur,"Town Panchayat",636116
33,"Tamil Nadu",252903,Thenkarai,"Town Panchayat",641101
33,"Tamil Nadu",252978,Thenthiruperai,"Town Panchayat",628623
33,"Tamil Nadu",252908,Thevaram,"Town Panchayat",625530
33,"Tamil Nadu",253048,Thirparappu,"Town Panchayat",629161
33,"Tamil Nadu",252831,Thirukkattupalli,"Town Panchayat",613104
33,"Tamil Nadu",252275,Thirunindravur,Municipality,602024
33,"Tamil Nadu",252398,Thirupathur,Municipality,635601
33,"Tamil Nadu",252332,Thiruporur,"Town Panchayat",603110
33,"Tamil Nadu",252816,Thirupuvanam,"Town Panchayat",612103
33,"Tamil Nadu",252867,Thirupuvanam,"Town Panchayat",630611
33,"Tamil Nadu",252830,Thiruvaiyaru,Municipality,613204
33,"Tamil Nadu",252359,Thiruvalam,"Town Panchayat",632515
33,"Tamil Nadu",252424,Thiruvathipuram,Municipality,604407
33,"Tamil Nadu",252797,Thittachery,"Town Panchayat",609703
33,"Tamil Nadu",252970,Thoothukudi,"Municipal Corporations",628001
33,"Tamil Nadu",252771,Thorapadi,"Town Panchayat",607108
33,"Tamil Nadu",252749,Tiruchirappalli,"Municipal Corporations",620004
33,"Tamil Nadu",252749,Tiruchirappalli,"Municipal Corporations",620008
33,"Tamil Nadu",252749,Tiruchirappalli,"Municipal Corporations",620014
33,"Tamil Nadu",252749,Tiruchirappalli,"Municipal Corporations",620018
33,"Tamil Nadu",252343,Tirukalukundram,"Town Panchayat",603109
33,"Tamil Nadu",253011,Tirunelveli,"Municipal Corporations",627002
33,"Tamil Nadu",252789,Tittakudi,Municipality,606106
33,"Tamil Nadu",252985,Udangudi,"Town Panchayat",628203
33,"Tamil Nadu",252581,Unjalur,"Town Panchayat",638152
33,"Tamil Nadu",252560,Uthukuli,"Town Panchayat",638104
33,"Tamil Nadu",252776,Vadalur,Municipality,607303
33,"Tamil Nadu",252881,Vadipatti,"Town Panchayat",625218
33,"Tamil Nadu",252904,Vadugapatti,"Town Panchayat",625603
33,"Tamil Nadu",252792,Vaitheeswarankoil,"Town Panchayat",609117
33,"Tamil Nadu",252488,Vazhapadi,"Town Panchayat",636115
33,"Tamil Nadu",253018,Veeravanallur,"Town Panchayat",627426
33,"Tamil Nadu",252381,Vellore,"Municipal Corporations",632012
33,"Tamil Nadu",252381,Vellore,"Municipal Corporations",632009
33,"Tamil Nadu",252582,Vengambur,"Town Panchayat",638152
33,"Tamil Nadu",252815,Veppathur,"Town Panchayat",612105
33,"Tamil Nadu",252680,Vettaikaranpudur,"Town Panchayat",642129
33,"Tamil Nadu",260678,W.Pudhupatti,"Town Panchayat",626116
33,"Tamil Nadu",252673,"Zamin Uthukuli","Town Panchayat",642004
36,Telangana,302811,Aliyadbad,Municipality,500101
36,Telangana,290104,Amangal,Municipality,509321
36,Telangana,302289,Aswaraopeta,Municipality,507301
36,Telangana,290075,Chennur,Municipality,504201
36,Telangana,290132,Cherial,Municipality,506223
36,Telangana,290063,Choppandandi,Municipality,505415
36,Telangana,254930,Gajwel,Municipality,502278
36,Telangana,251664,Hyderabad,"Municipal Corporations",500079
36,Telangana,251664,Hyderabad,"Municipal Corporations",500081
36,Telangana,251664,Hyderabad,"Municipal Corporations",500084
36,Telangana,251664,Hyderabad,"Municipal Corporations",500098
36,Telangana,251664,Hyderabad,"Municipal Corporations",500110
36,Telangana,251664,Hyderabad,"Municipal Corporations",500111
36,Telangana,251664,Hyderabad,"Municipal Corporations",500031
36,Telangana,251664,Hyderabad,"Municipal Corporations",500026
36,Telangana,251664,Hyderabad,"Municipal Corporations",500035
36,Telangana,251664,Hyderabad,"Municipal Corporations",500039
36,Telangana,251664,Hyderabad,"Municipal Corporations",500045
36,Telangana,251664,Hyderabad,"Municipal Corporations",500059
36,Telangana,251664,Hyderabad,"Municipal Corporations",500066
36,Telangana,251664,Hyderabad,"Municipal Corporations",500070
36,Telangana,251664,Hyderabad,"Municipal Corporations",500073
36,Telangana,263216,Jadcherla,Municipality,509301
36,Telangana,251653,Karimnagar,"Municipal Corporations",505001
36,Telangana,248109,Kothagudem,Municipality,507101
36,Telangana,290077,Luxettipet,Municipality,504215
36,Telangana,248087,Mancherial,Municipality,504208
36,Telangana,263222,Medchal,Municipality,501401
36,Telangana,302731,Mulugu,Municipality,506343
36,Telangana,290082,Nagaram,Municipality,500083
36,Telangana,251680,Nagarkurnool,Municipality,509209
36,Telangana,253275,Narsampet,Municipality,506132
36,Telangana,290080,Narsapur,Municipality,502313
36,Telangana,290133,Nereducharla,Municipality,508218
36,Telangana,290135,Parigi,Municipality,501501
36,Telangana,253268,Peddapalli,Municipality,505172
36,Telangana,290145,Pochamapally,Municipality,508284
36,Telangana,290078,Ramayampet,Municipality,502101
36,Telangana,248098,Sadasivpet,Municipality,502291
36,Telangana,248108,Sathupally,Municipality,507303
36,Telangana,302292,"Station Ghanpur",Municipality,506143
36,Telangana,290071,Thorrur,Municipality,506163
36,Telangana,248100,Vikarabad,Municipality,501101
36,Telangana,290060,Waddepalle,Municipality,509126
36,Telangana,248106,Yellandu,Municipality,507123
36,Telangana,248097,Zaheerabad,Municipality,502220
38,"The Dadra And Nagar Haveli And Daman And Diu",251271,Diu,Municipality,362520
